{
"type": "FeatureCollection",
"name": "county_simplified",
"crs": { "type": "name", "properties": { "name": "urn:ogc:def:crs:OGC:1.3:CRS84" } },
"xy_coordinate_resolution": 1e-05,
"features": [
{ "type": "Feature", "properties": { "county_fips": "42001", "name": "Adams" }, "geometry": { "type": "Polygon", "coordinates": [ [ [ -77.47109, 39.94408 ], [ -77.40349, 39.9945 ], [ -77.22887, 40.02508 ], [ -77.18563, 40.0295 ], [ -77.13742, 40.06994 ], [ -77.12763, 40.06862 ], [ -77.09198, 40.05364 ], [ -77.06954, 40.02949 ], [ -77.01865, 40.01395 ], [ -76.9662, 39.93519 ], [ -76.96969, 39.93733 ], [ -76.97258, 39.93402 ], [ -76.97001, 39.92125 ], [ -76.965, 39.92187 ], [ -76.96854, 39.91826 ], [ -76.96698, 39.91618 ], [ -76.98143, 39.90542 ], [ -76.98374, 39.89356 ], [ -76.97254, 39.87291 ], [ -76.96362, 39.87399 ], [ -76.96224, 39.86483 ], [ -76.95505, 39.85697 ], [ -76.96484, 39.85077 ], [ -76.97857, 39.84771 ], [ -76.99066, 39.83435 ], [ -76.99968, 39.83128 ], [ -76.99932, 39.71983 ], [ -77.45913, 39.72002 ], [ -77.47109, 39.94408 ] ] ] } },
{ "type": "Feature", "properties": { "county_fips": "42003", "name": "Allegheny" }, "geometry": { "type": "Polygon", "coordinates": [ [ [ -80.3608, 40.47774 ], [ -80.22405, 40.57527 ], [ -80.21898, 40.58199 ], [ -80.21183, 40.58248 ], [ -80.19499, 40.59672 ], [ -80.18454, 40.59683 ], [ -80.18848, 40.60005 ], [ -80.18404, 40.60113 ], [ -80.18076, 40.60911 ], [ -80.16578, 40.60603 ], [ -80.14511, 40.61345 ], [ -80.1485, 40.67377 ], [ -79.69288, 40.66961 ], [ -79.69582, 40.6615 ], [ -79.68897, 40.64543 ], [ -79.69435, 40.63513 ], [ -79.72315, 40.60699 ], [ -79.76404, 40.59287 ], [ -79.77162, 40.58563 ], [ -79.7748, 40.5728 ], [ -79.76509, 40.54924 ], [ -79.7517, 40.55182 ], [ -79.73571, 40.54901 ], [ -79.70162, 40.52545 ], [ -79.70478, 40.42632 ], [ -79.71723, 40.41379 ], [ -79.72683, 40.41447 ], [ -79.7224, 40.40857 ], [ -79.73043, 40.40847 ], [ -79.73252, 40.3996 ], [ -79.73865, 40.39554 ], [ -79.74463, 40.39616 ], [ -79.75126, 40.38836 ], [ -79.76207, 40.39277 ], [ -79.77108, 40.37542 ], [ -79.78865, 40.29774 ], [ -79.77596, 40.28921 ], [ -79.77582, 40.28501 ], [ -79.7958, 40.28108 ], [ -79.79506, 40.27219 ], [ -79.78774, 40.26185 ], [ -79.80743, 40.23689 ], [ -79.80439, 40.23195 ], [ -79.78259, 40.22763 ], [ -79.87143, 40.19739 ], [ -79.89477, 40.19429 ], [ -79.91078, 40.19698 ], [ -79.92929, 40.20708 ], [ -79.95794, 40.21426 ], [ -79.97092, 40.22689 ], [ -79.97004, 40.2333 ], [ -79.96259, 40.23877 ], [ -79.93075, 40.24297 ], [ -79.91446, 40.25244 ], [ -80.1846, 40.33314 ], [ -80.3608, 40.47774 ] ] ] } },
{ "type": "Feature", "properties": { "county_fips": "42005", "name": "Armstrong" }, "geometry": { "type": "Polygon", "coordinates": [ [ [ -79.69293, 40.66974 ], [ -79.68933, 41.16947 ], [ -79.67959, 41.15953 ], [ -79.68669, 41.14466 ], [ -79.67869, 41.13258 ], [ -79.68131, 41.10633 ], [ -79.67937, 41.09132 ], [ -79.67617, 41.08461 ], [ -79.6555, 41.06826 ], [ -79.66713, 41.05595 ], [ -79.66595, 41.04935 ], [ -79.61957, 41.0334 ], [ -79.60137, 41.03696 ], [ -79.59892, 41.03345 ], [ -79.60077, 41.02525 ], [ -79.60979, 41.00865 ], [ -79.6064, 41.00516 ], [ -79.58795, 41.00324 ], [ -79.58177, 40.99798 ], [ -79.5849, 40.99156 ], [ -79.60587, 40.9944 ], [ -79.62349, 40.98456 ], [ -79.62276, 40.97637 ], [ -79.60122, 40.96928 ], [ -79.59009, 40.96995 ], [ -79.5811, 40.98042 ], [ -79.57019, 40.98565 ], [ -79.56138, 40.98523 ], [ -79.55262, 40.97978 ], [ -79.53943, 40.98429 ], [ -79.52243, 40.97496 ], [ -79.51469, 40.97903 ], [ -79.51784, 40.98396 ], [ -79.51401, 40.98681 ], [ -79.50667, 40.98307 ], [ -79.50515, 40.97685 ], [ -79.49366, 40.9779 ], [ -79.49478, 40.98618 ], [ -79.48747, 40.99554 ], [ -79.45598, 40.99071 ], [ -79.4623, 40.98467 ], [ -79.45934, 40.9821 ], [ -79.44901, 40.98249 ], [ -79.44274, 40.98726 ], [ -79.42745, 40.98595 ], [ -79.42124, 41.00268 ], [ -79.41232, 41.00847 ], [ -79.41007, 41.0053 ], [ -79.41504, 41.00071 ], [ -79.40488, 40.99803 ], [ -79.40481, 40.98862 ], [ -79.39746, 40.99006 ], [ -79.39471, 40.99475 ], [ -79.37809, 40.99435 ], [ -79.37798, 40.99077 ], [ -79.38662, 40.9879 ], [ -79.37465, 40.98446 ], [ -79.38097, 40.97988 ], [ -79.38219, 40.97118 ], [ -79.37425, 40.96889 ], [ -79.36932, 40.97581 ], [ -79.37101, 40.99016 ], [ -79.36243, 41.00349 ], [ -79.34588, 40.99773 ], [ -79.33762, 41.00249 ], [ -79.33433, 40.99909 ], [ -79.31916, 41.0018 ], [ -79.30257, 41.01353 ], [ -79.2825, 41.00982 ], [ -79.26757, 41.02023 ], [ -79.26114, 41.02898 ], [ -79.24205, 41.03534 ], [ -79.23042, 41.04585 ], [ -79.21521, 41.05051 ], [ -79.2102, 41.04909 ], [ -79.21255, 40.96089 ], [ -79.21571, 40.94005 ], [ -79.21524, 40.77602 ], [ -79.45018, 40.53015 ], [ -79.46056, 40.53429 ], [ -79.47574, 40.52954 ], [ -79.47692, 40.53578 ], [ -79.48187, 40.53694 ], [ -79.48654, 40.52743 ], [ -79.49709, 40.52534 ], [ -79.49892, 40.53215 ], [ -79.51191, 40.54268 ], [ -79.52625, 40.54236 ], [ -79.56073, 40.56349 ], [ -79.57068, 40.58407 ], [ -79.56593, 40.5934 ], [ -79.55061, 40.6039 ], [ -79.56508, 40.60784 ], [ -79.5761, 40.60175 ], [ -79.58209, 40.60327 ], [ -79.58957, 40.61686 ], [ -79.58374, 40.63661 ], [ -79.59148, 40.63434 ], [ -79.6021, 40.6245 ], [ -79.60813, 40.62549 ], [ -79.61103, 40.64202 ], [ -79.63606, 40.65448 ], [ -79.64001, 40.66694 ], [ -79.66843, 40.68001 ], [ -79.68015, 40.67194 ], [ -79.69293, 40.66974 ] ] ] } },
{ "type": "Feature", "properties": { "county_fips": "42007", "name": "Beaver" }, "geometry": { "type": "Polygon", "coordinates": [ [ [ -80.519, 40.47736 ], [ -80.51902, 40.85134 ], [ -80.15853, 40.8551 ], [ -80.14511, 40.61345 ], [ -80.16578, 40.60603 ], [ -80.18076, 40.60911 ], [ -80.18404, 40.60113 ], [ -80.18848, 40.60005 ], [ -80.18454, 40.59683 ], [ -80.19499, 40.59672 ], [ -80.21183, 40.58248 ], [ -80.21898, 40.58199 ], [ -80.22405, 40.57527 ], [ -80.3608, 40.47759 ], [ -80.519, 40.47736 ] ] ] } },
{ "type": "Feature", "properties": { "county_fips": "42009", "name": "Bedford" }, "geometry": { "type": "Polygon", "coordinates": [ [ [ -78.80837, 39.72293 ], [ -78.76704, 39.79538 ], [ -78.75724, 39.82348 ], [ -78.7632, 40.05674 ], [ -78.75202, 40.07492 ], [ -78.73985, 40.06957 ], [ -78.67696, 40.21121 ], [ -78.66141, 40.2311 ], [ -78.6583, 40.24323 ], [ -78.64382, 40.25914 ], [ -78.65174, 40.28152 ], [ -78.64271, 40.28307 ], [ -78.6364, 40.30551 ], [ -78.62522, 40.3143 ], [ -78.61889, 40.32647 ], [ -78.5297, 40.29287 ], [ -78.5057, 40.28731 ], [ -78.4479, 40.24439 ], [ -78.44279, 40.25961 ], [ -78.4422, 40.27739 ], [ -78.43429, 40.3023 ], [ -78.28876, 40.24211 ], [ -78.25731, 40.29788 ], [ -78.23619, 40.22451 ], [ -78.13486, 40.16513 ], [ -78.15829, 40.12221 ], [ -78.20671, 40.08643 ], [ -78.20389, 40.08308 ], [ -78.20373, 40.06989 ], [ -78.19074, 40.06654 ], [ -78.18147, 40.05819 ], [ -78.1879, 40.04705 ], [ -78.19931, 40.04593 ], [ -78.2042, 40.04203 ], [ -78.20411, 40.01783 ], [ -78.20101, 40.01299 ], [ -78.21981, 39.99329 ], [ -78.23989, 39.94951 ], [ -78.2675, 39.9035 ], [ -78.299, 39.8255 ], [ -78.34382, 39.76161 ], [ -78.3806, 39.72252 ], [ -78.80837, 39.72293 ] ] ] } },
{ "type": "Feature", "properties": { "county_fips": "42011", "name": "Berks" }, "geometry": { "type": "Polygon", "coordinates": [ [ [ -76.44018, 40.49595 ], [ -76.41591, 40.49602 ], [ -76.33823, 40.51554 ], [ -76.25601, 40.51707 ], [ -76.21941, 40.5287 ], [ -76.19663, 40.53126 ], [ -76.18564, 40.53556 ], [ -76.17162, 40.53495 ], [ -76.13474, 40.55348 ], [ -76.10586, 40.5622 ], [ -76.07957, 40.56608 ], [ -76.06534, 40.57968 ], [ -76.05802, 40.57963 ], [ -76.05609, 40.57488 ], [ -76.05094, 40.57517 ], [ -76.045, 40.58379 ], [ -76.03951, 40.58309 ], [ -76.03384, 40.57726 ], [ -76.02651, 40.57859 ], [ -76.01856, 40.57383 ], [ -76.01223, 40.57771 ], [ -75.99321, 40.63971 ], [ -75.89147, 40.67727 ], [ -75.52981, 40.44709 ], [ -75.69595, 40.24236 ], [ -75.74318, 40.21672 ], [ -75.87337, 40.13711 ], [ -76.14976, 40.31474 ], [ -76.20553, 40.36066 ], [ -76.23192, 40.36629 ], [ -76.44018, 40.49595 ] ] ] } },
{ "type": "Feature", "properties": { "county_fips": "42013", "name": "Blair" }, "geometry": { "type": "Polygon", "coordinates": [ [ [ -78.61889, 40.32647 ], [ -78.60224, 40.35363 ], [ -78.56147, 40.36967 ], [ -78.55289, 40.43478 ], [ -78.55772, 40.44156 ], [ -78.54201, 40.46965 ], [ -78.54039, 40.47556 ], [ -78.54457, 40.48777 ], [ -78.53982, 40.50629 ], [ -78.53038, 40.51914 ], [ -78.51821, 40.5288 ], [ -78.49756, 40.53916 ], [ -78.48612, 40.54084 ], [ -78.47905, 40.54731 ], [ -78.44934, 40.5903 ], [ -78.44121, 40.59724 ], [ -78.44632, 40.62416 ], [ -78.44098, 40.63178 ], [ -78.44215, 40.64109 ], [ -78.43246, 40.64776 ], [ -78.4088, 40.64437 ], [ -78.34867, 40.72344 ], [ -78.36062, 40.73318 ], [ -78.13183, 40.74302 ], [ -78.11652, 40.73913 ], [ -78.13908, 40.72427 ], [ -78.15587, 40.71775 ], [ -78.15659, 40.71297 ], [ -78.17004, 40.7126 ], [ -78.19524, 40.69729 ], [ -78.20197, 40.69798 ], [ -78.22197, 40.67454 ], [ -78.19824, 40.64773 ], [ -78.19681, 40.63867 ], [ -78.1903, 40.63717 ], [ -78.18917, 40.63279 ], [ -78.17872, 40.62691 ], [ -78.17305, 40.62803 ], [ -78.16641, 40.61814 ], [ -78.18421, 40.5953 ], [ -78.17929, 40.59273 ], [ -78.17828, 40.58379 ], [ -78.19708, 40.55844 ], [ -78.1856, 40.5437 ], [ -78.17682, 40.53447 ], [ -78.16668, 40.53153 ], [ -78.16172, 40.53723 ], [ -78.14996, 40.54137 ], [ -78.14988, 40.54604 ], [ -78.14514, 40.54908 ], [ -78.13616, 40.56917 ], [ -78.12864, 40.56795 ], [ -78.14733, 40.53325 ], [ -78.1539, 40.49216 ], [ -78.1519, 40.4872 ], [ -78.1489, 40.48763 ], [ -78.13391, 40.49832 ], [ -78.1295, 40.48572 ], [ -78.15688, 40.43638 ], [ -78.18628, 40.39988 ], [ -78.21422, 40.35628 ], [ -78.23092, 40.33984 ], [ -78.25009, 40.31229 ], [ -78.28876, 40.24211 ], [ -78.43429, 40.3023 ], [ -78.4422, 40.27739 ], [ -78.44279, 40.25961 ], [ -78.4479, 40.24439 ], [ -78.5057, 40.28731 ], [ -78.5297, 40.29287 ], [ -78.61889, 40.32647 ] ] ] } },
{ "type": "Feature", "properties": { "county_fips": "42015", "name": "Bradford" }, "geometry": { "type": "Polygon", "coordinates": [ [ [ -76.92706, 42.00167 ], [ -76.14552, 41.99891 ], [ -76.11517, 41.65183 ], [ -76.198, 41.64782 ], [ -76.22007, 41.54128 ], [ -76.79269, 41.58782 ], [ -76.87471, 41.59692 ], [ -76.89912, 41.80806 ], [ -76.92706, 42.00167 ] ] ] } },
{ "type": "Feature", "properties": { "county_fips": "42017", "name": "Bucks" }, "geometry": { "type": "Polygon", "coordinates": [ [ [ -75.48386, 40.41863 ], [ -75.40973, 40.48798 ], [ -75.29353, 40.56198 ], [ -75.25815, 40.58201 ], [ -75.1968, 40.60858 ], [ -75.19229, 40.60268 ], [ -75.19015, 40.59036 ], [ -75.19487, 40.57859 ], [ -75.18315, 40.56735 ], [ -75.16287, 40.5641 ], [ -75.14191, 40.57527 ], [ -75.11729, 40.57321 ], [ -75.10032, 40.56781 ], [ -75.06861, 40.54222 ], [ -75.06262, 40.48955 ], [ -75.07057, 40.45517 ], [ -75.05885, 40.41806 ], [ -75.02832, 40.40388 ], [ -74.99638, 40.41053 ], [ -74.96813, 40.39913 ], [ -74.94872, 40.36477 ], [ -74.94378, 40.34256 ], [ -74.93971, 40.33801 ], [ -74.90831, 40.31691 ], [ -74.89161, 40.31301 ], [ -74.86821, 40.29521 ], [ -74.84231, 40.25051 ], [ -74.79531, 40.22941 ], [ -74.77172, 40.21529 ], [ -74.75431, 40.18521 ], [ -74.73721, 40.17761 ], [ -74.7223, 40.16061 ], [ -74.72219, 40.14994 ], [ -74.74056, 40.13549 ], [ -74.75888, 40.13404 ], [ -74.78211, 40.12081 ], [ -74.82253, 40.12684 ], [ -74.82874, 40.12034 ], [ -74.83511, 40.10391 ], [ -74.85461, 40.09327 ], [ -74.86211, 40.08328 ], [ -74.90901, 40.07021 ], [ -74.93258, 40.06881 ], [ -74.97394, 40.04804 ], [ -74.98516, 40.05693 ], [ -74.97109, 40.07601 ], [ -74.9636, 40.07711 ], [ -74.95842, 40.08392 ], [ -74.95578, 40.0951 ], [ -74.96177, 40.09775 ], [ -74.96116, 40.10345 ], [ -74.96543, 40.10789 ], [ -74.96499, 40.11863 ], [ -74.9692, 40.11682 ], [ -74.97296, 40.1198 ], [ -74.98237, 40.11994 ], [ -74.98343, 40.12362 ], [ -74.99417, 40.12609 ], [ -74.99389, 40.13188 ], [ -74.99788, 40.12782 ], [ -75.48386, 40.41863 ] ] ] } },
{ "type": "Feature", "properties": { "county_fips": "42019", "name": "Butler" }, "geometry": { "type": "Polygon", "coordinates": [ [ [ -80.16647, 41.00093 ], [ -80.07442, 41.09229 ], [ -79.99978, 41.17186 ], [ -79.69219, 41.17193 ], [ -79.68933, 41.16947 ], [ -79.68878, 41.13343 ], [ -79.69288, 40.66961 ], [ -80.14868, 40.67385 ], [ -80.16647, 41.00093 ] ] ] } },
{ "type": "Feature", "properties": { "county_fips": "42021", "name": "Cambria" }, "geometry": { "type": "Polygon", "coordinates": [ [ [ -79.05605, 40.28486 ], [ -79.03756, 40.30696 ], [ -79.0373, 40.3134 ], [ -79.02002, 40.33561 ], [ -79.00993, 40.34048 ], [ -79.00608, 40.3512 ], [ -78.99817, 40.35617 ], [ -78.92251, 40.48249 ], [ -78.86665, 40.59279 ], [ -78.80892, 40.72095 ], [ -78.79923, 40.7171 ], [ -78.80229, 40.72462 ], [ -78.34867, 40.72344 ], [ -78.4088, 40.64437 ], [ -78.43246, 40.64776 ], [ -78.43966, 40.64481 ], [ -78.44215, 40.64109 ], [ -78.44098, 40.63178 ], [ -78.44632, 40.62416 ], [ -78.44121, 40.59724 ], [ -78.44934, 40.5903 ], [ -78.47905, 40.54731 ], [ -78.48612, 40.54084 ], [ -78.49756, 40.53916 ], [ -78.51821, 40.5288 ], [ -78.53038, 40.51914 ], [ -78.53982, 40.50629 ], [ -78.54457, 40.48777 ], [ -78.54039, 40.47556 ], [ -78.54201, 40.46965 ], [ -78.55772, 40.44156 ], [ -78.55289, 40.43478 ], [ -78.56147, 40.36967 ], [ -78.60224, 40.35363 ], [ -78.62522, 40.3143 ], [ -78.6364, 40.30551 ], [ -78.64271, 40.28307 ], [ -78.65174, 40.28152 ], [ -78.64382, 40.25914 ], [ -78.6583, 40.24323 ], [ -78.85117, 40.24599 ], [ -78.85856, 40.24253 ], [ -78.86877, 40.24897 ], [ -78.88473, 40.24464 ], [ -78.89114, 40.2502 ], [ -78.89719, 40.26411 ], [ -78.89452, 40.26796 ], [ -78.89716, 40.27227 ], [ -78.92479, 40.27849 ], [ -78.92711, 40.28473 ], [ -79.05605, 40.28486 ] ] ] } },
{ "type": "Feature", "properties": { "county_fips": "42023", "name": "Cameron" }, "geometry": { "type": "Polygon", "coordinates": [ [ [ -78.42003, 41.40505 ], [ -78.41841, 41.55716 ], [ -78.42085, 41.61728 ], [ -78.20364, 41.6176 ], [ -78.05044, 41.47546 ], [ -77.98919, 41.47482 ], [ -77.98879, 41.36745 ], [ -78.09338, 41.21693 ], [ -78.23683, 41.23019 ], [ -78.23467, 41.32341 ], [ -78.25438, 41.32358 ], [ -78.25396, 41.40472 ], [ -78.42003, 41.40505 ] ] ] } },
{ "type": "Feature", "properties": { "county_fips": "42025", "name": "Carbon" }, "geometry": { "type": "Polygon", "coordinates": [ [ [ -75.99764, 40.91326 ], [ -75.84802, 40.96636 ], [ -75.84854, 40.97219 ], [ -75.81924, 40.98258 ], [ -75.8012, 40.98342 ], [ -75.73218, 41.00812 ], [ -75.73847, 41.01682 ], [ -75.74025, 41.0299 ], [ -75.75773, 41.03162 ], [ -75.76121, 41.04096 ], [ -75.77027, 41.05009 ], [ -75.77199, 41.07681 ], [ -75.76567, 41.08439 ], [ -75.76677, 41.0936 ], [ -75.76005, 41.09179 ], [ -75.75535, 41.09425 ], [ -75.75356, 41.10336 ], [ -75.7326, 41.10327 ], [ -75.71675, 41.11813 ], [ -75.708, 41.1161 ], [ -75.70967, 41.12199 ], [ -75.70281, 41.12262 ], [ -75.6969, 41.12966 ], [ -75.6675, 41.13398 ], [ -75.65642, 41.12293 ], [ -75.65725, 41.11645 ], [ -75.64941, 41.1223 ], [ -75.64575, 41.11813 ], [ -75.64642, 41.11327 ], [ -75.63759, 41.1134 ], [ -75.62824, 41.1069 ], [ -75.62482, 41.1114 ], [ -75.62004, 41.10897 ], [ -75.61269, 41.09424 ], [ -75.60411, 41.09338 ], [ -75.60535, 41.08471 ], [ -75.59403, 41.08075 ], [ -75.58297, 41.07263 ], [ -75.58207, 41.06882 ], [ -75.57648, 41.06757 ], [ -75.56889, 41.05661 ], [ -75.56977, 41.05 ], [ -75.5614, 41.04899 ], [ -75.49599, 40.98718 ], [ -75.57459, 40.95132 ], [ -75.49358, 40.84644 ], [ -75.47419, 40.81475 ], [ -75.54155, 40.80682 ], [ -75.55753, 40.80119 ], [ -75.57749, 40.79941 ], [ -75.60261, 40.78804 ], [ -75.6881, 40.77212 ], [ -75.69462, 40.77019 ], [ -75.70242, 40.76224 ], [ -75.7286, 40.75391 ], [ -75.74486, 40.74031 ], [ -75.75781, 40.73541 ], [ -75.88604, 40.81627 ], [ -75.99764, 40.91326 ] ] ] } },
{ "type": "Feature", "properties": { "county_fips": "42027", "name": "Centre" }, "geometry": { "type": "Polygon", "coordinates": [ [ [ -78.37603, 40.7545 ], [ -78.36526, 40.76454 ], [ -78.35205, 40.76891 ], [ -78.35087, 40.7749 ], [ -78.34281, 40.78183 ], [ -78.34368, 40.79083 ], [ -78.34025, 40.79156 ], [ -78.33949, 40.79786 ], [ -78.32693, 40.8059 ], [ -78.31389, 40.8085 ], [ -78.30563, 40.82064 ], [ -78.29938, 40.82456 ], [ -78.30225, 40.83412 ], [ -78.2906, 40.84252 ], [ -78.29076, 40.84802 ], [ -78.27773, 40.85099 ], [ -78.27067, 40.84698 ], [ -78.26057, 40.85468 ], [ -78.24922, 40.85538 ], [ -78.24691, 40.85836 ], [ -78.24898, 40.86952 ], [ -78.23571, 40.8736 ], [ -78.23833, 40.87644 ], [ -78.24934, 40.87639 ], [ -78.24776, 40.87956 ], [ -78.24045, 40.88164 ], [ -78.23294, 40.87839 ], [ -78.22794, 40.88673 ], [ -78.22064, 40.89031 ], [ -78.22914, 40.89974 ], [ -78.2243, 40.90598 ], [ -78.22594, 40.9074 ], [ -78.21035, 40.9174 ], [ -78.20164, 40.91581 ], [ -78.19598, 40.91999 ], [ -78.19097, 40.91873 ], [ -78.18183, 40.92229 ], [ -78.1772, 40.93021 ], [ -78.17148, 40.93242 ], [ -78.17128, 40.93677 ], [ -78.16646, 40.93669 ], [ -78.16245, 40.94207 ], [ -78.15564, 40.94165 ], [ -78.15937, 40.95407 ], [ -78.16821, 40.95203 ], [ -78.1676, 40.96102 ], [ -78.14715, 40.95667 ], [ -78.14763, 40.94933 ], [ -78.14428, 40.94859 ], [ -78.14033, 40.95102 ], [ -78.13635, 40.96602 ], [ -78.13369, 40.96704 ], [ -78.12996, 40.96184 ], [ -78.13638, 40.95602 ], [ -78.13062, 40.95134 ], [ -78.13386, 40.94674 ], [ -78.12179, 40.94713 ], [ -78.12072, 40.94205 ], [ -78.11133, 40.94512 ], [ -78.10983, 40.94993 ], [ -78.0949, 40.95044 ], [ -78.0781, 40.95645 ], [ -78.08616, 40.96967 ], [ -78.09678, 40.97285 ], [ -78.09212, 40.97281 ], [ -78.08867, 40.97608 ], [ -78.09052, 40.98088 ], [ -78.08443, 40.98083 ], [ -78.08209, 40.98418 ], [ -78.08611, 40.99447 ], [ -78.0756, 40.99346 ], [ -78.06668, 40.99769 ], [ -78.06192, 40.99522 ], [ -78.06514, 41.00334 ], [ -78.05571, 41.00486 ], [ -78.06012, 41.01221 ], [ -78.06914, 41.01324 ], [ -78.06789, 41.01948 ], [ -78.0756, 41.02219 ], [ -78.07125, 41.02658 ], [ -78.07731, 41.0266 ], [ -78.08031, 41.03066 ], [ -78.0783, 41.03406 ], [ -78.06927, 41.03272 ], [ -78.05715, 41.03753 ], [ -78.06408, 41.04591 ], [ -78.05939, 41.05083 ], [ -78.06236, 41.05323 ], [ -78.0714, 41.04992 ], [ -78.07556, 41.05966 ], [ -78.09036, 41.05817 ], [ -78.0851, 41.06811 ], [ -78.09718, 41.07235 ], [ -78.09267, 41.07956 ], [ -78.11169, 41.11106 ], [ -78.11124, 41.11547 ], [ -78.10035, 41.12178 ], [ -78.0892, 41.11604 ], [ -78.08645, 41.12357 ], [ -78.08191, 41.12631 ], [ -78.07042, 41.12188 ], [ -78.07035, 41.13058 ], [ -78.05603, 41.132 ], [ -78.05273, 41.14532 ], [ -78.04344, 41.14651 ], [ -78.03817, 41.1536 ], [ -78.02859, 41.15033 ], [ -78.01573, 41.1529 ], [ -78.01073, 41.14385 ], [ -78.00357, 41.14486 ], [ -78.00033, 41.15095 ], [ -78.00075, 41.16166 ], [ -77.98793, 41.16265 ], [ -77.98419, 41.17024 ], [ -77.97078, 41.1747 ], [ -77.97371, 41.19239 ], [ -77.97084, 41.20672 ], [ -77.95944, 41.2175 ], [ -77.9436, 41.21029 ], [ -77.93709, 41.21034 ], [ -77.93791, 41.22484 ], [ -77.9218, 41.22746 ], [ -77.91379, 41.24056 ], [ -77.89826, 41.25267 ], [ -77.89767, 41.17692 ], [ -77.79001, 41.17714 ], [ -77.78956, 41.14213 ], [ -77.778, 41.14661 ], [ -77.74667, 41.10626 ], [ -77.72808, 41.11132 ], [ -77.71776, 41.10495 ], [ -77.70662, 41.11389 ], [ -77.69187, 41.10638 ], [ -77.68375, 41.10931 ], [ -77.67205, 41.10524 ], [ -77.66407, 41.109 ], [ -77.65921, 41.10107 ], [ -77.62176, 41.09119 ], [ -77.59532, 41.07775 ], [ -77.59178, 41.07115 ], [ -77.58382, 41.0701 ], [ -77.58248, 41.06737 ], [ -77.57357, 41.06868 ], [ -77.56184, 41.05779 ], [ -77.58019, 41.04727 ], [ -77.5086, 40.96294 ], [ -77.33992, 40.98717 ], [ -77.1438, 41.04286 ], [ -77.20403, 40.99271 ], [ -77.27924, 40.90971 ], [ -77.36418, 40.84694 ], [ -77.4296, 40.82754 ], [ -77.59336, 40.76125 ], [ -77.65257, 40.74492 ], [ -77.71055, 40.71456 ], [ -77.71868, 40.72737 ], [ -77.76855, 40.71947 ], [ -77.8249, 40.74353 ], [ -77.89428, 40.7162 ], [ -77.94425, 40.69156 ], [ -78.13183, 40.74302 ], [ -78.36299, 40.73316 ], [ -78.37603, 40.7545 ] ] ] } },
{ "type": "Feature", "properties": { "county_fips": "42029", "name": "Chester" }, "geometry": { "type": "MultiPolygon", "coordinates": [ [ [ [ -75.59308, 39.8375 ], [ -75.58645, 39.84434 ], [ -75.5799, 39.83852 ], [ -75.59308, 39.8375 ] ] ], [ [ [ -76.13667, 39.72527 ], [ -76.12762, 39.72756 ], [ -76.11926, 39.72344 ], [ -76.12065, 39.73513 ], [ -76.11362, 39.73712 ], [ -76.10856, 39.73484 ], [ -76.11118, 39.72852 ], [ -76.1052, 39.72398 ], [ -76.09676, 39.72909 ], [ -76.09259, 39.73419 ], [ -76.10205, 39.73988 ], [ -76.10034, 39.74572 ], [ -76.09299, 39.74283 ], [ -76.08803, 39.74493 ], [ -76.08433, 39.74834 ], [ -76.0826, 39.75305 ], [ -76.08579, 39.75589 ], [ -76.08185, 39.76135 ], [ -76.06669, 39.75997 ], [ -76.0626, 39.7645 ], [ -76.06456, 39.77119 ], [ -76.0584, 39.77986 ], [ -76.04968, 39.78378 ], [ -76.04126, 39.79695 ], [ -76.04975, 39.80243 ], [ -76.03916, 39.80116 ], [ -76.03522, 39.81184 ], [ -76.02959, 39.813 ], [ -76.03764, 39.82692 ], [ -76.02703, 39.82415 ], [ -76.02283, 39.8308 ], [ -76.01647, 39.83148 ], [ -76.02282, 39.84984 ], [ -76.01883, 39.85408 ], [ -76.00758, 39.85235 ], [ -76.00171, 39.8747 ], [ -75.99128, 39.86874 ], [ -75.98691, 39.8735 ], [ -75.99235, 39.88216 ], [ -75.98682, 39.89219 ], [ -75.99513, 39.89892 ], [ -75.99723, 39.9286 ], [ -75.9926, 39.92657 ], [ -75.98514, 39.93208 ], [ -75.98159, 39.92954 ], [ -75.98097, 39.93348 ], [ -75.98823, 39.93988 ], [ -75.99464, 39.95225 ], [ -75.93587, 40.03747 ], [ -75.93613, 40.07854 ], [ -75.943, 40.10927 ], [ -75.87337, 40.13711 ], [ -75.74318, 40.21672 ], [ -75.69678, 40.24186 ], [ -75.68853, 40.23619 ], [ -75.67075, 40.24469 ], [ -75.65089, 40.24202 ], [ -75.61958, 40.23008 ], [ -75.61237, 40.223 ], [ -75.60317, 40.22701 ], [ -75.60692, 40.23613 ], [ -75.59703, 40.23684 ], [ -75.58776, 40.21445 ], [ -75.57334, 40.1953 ], [ -75.56701, 40.19428 ], [ -75.56288, 40.19736 ], [ -75.56428, 40.2091 ], [ -75.55775, 40.20798 ], [ -75.54099, 40.17595 ], [ -75.52916, 40.16868 ], [ -75.52684, 40.14955 ], [ -75.52107, 40.14708 ], [ -75.51321, 40.1583 ], [ -75.5038, 40.15973 ], [ -75.50097, 40.15448 ], [ -75.51084, 40.14053 ], [ -75.50562, 40.13263 ], [ -75.49258, 40.12614 ], [ -75.47245, 40.1293 ], [ -75.46209, 40.12527 ], [ -75.46167, 40.12082 ], [ -75.46941, 40.11666 ], [ -75.4716, 40.11185 ], [ -75.46173, 40.10303 ], [ -75.46293, 40.09725 ], [ -75.45662, 40.09385 ], [ -75.45619, 40.08778 ], [ -75.44072, 40.09432 ], [ -75.43786, 40.08957 ], [ -75.42012, 40.0972 ], [ -75.39263, 40.06097 ], [ -75.36669, 40.07236 ], [ -75.36107, 40.06554 ], [ -75.41499, 40.04179 ], [ -75.40434, 40.02736 ], [ -75.45343, 39.99345 ], [ -75.43769, 39.99389 ], [ -75.43605, 39.98495 ], [ -75.52382, 39.94412 ], [ -75.51905, 39.93417 ], [ -75.52454, 39.9316 ], [ -75.52617, 39.93499 ], [ -75.53047, 39.93205 ], [ -75.52351, 39.92314 ], [ -75.53024, 39.92212 ], [ -75.53611, 39.92993 ], [ -75.54273, 39.92718 ], [ -75.54249, 39.91842 ], [ -75.55045, 39.91493 ], [ -75.54642, 39.90973 ], [ -75.55611, 39.90534 ], [ -75.55864, 39.90868 ], [ -75.56131, 39.90743 ], [ -75.55929, 39.90298 ], [ -75.57338, 39.8964 ], [ -75.57116, 39.88814 ], [ -75.58041, 39.88375 ], [ -75.58719, 39.88421 ], [ -75.58476, 39.88098 ], [ -75.59791, 39.87446 ], [ -75.59301, 39.86704 ], [ -75.60153, 39.85643 ], [ -75.592, 39.85254 ], [ -75.59774, 39.84115 ], [ -75.59485, 39.83729 ], [ -75.64152, 39.82836 ], [ -75.70121, 39.80261 ], [ -75.74439, 39.76785 ], [ -75.76035, 39.74723 ], [ -75.77379, 39.7222 ], [ -76.13558, 39.72156 ], [ -76.13667, 39.72527 ] ] ] ] } },
{ "type": "Feature", "properties": { "county_fips": "42031", "name": "Clarion" }, "geometry": { "type": "Polygon", "coordinates": [ [ [ -79.70014, 41.17619 ], [ -79.69724, 41.18461 ], [ -79.6901, 41.18141 ], [ -79.68388, 41.18438 ], [ -79.67012, 41.18312 ], [ -79.66537, 41.18902 ], [ -79.67061, 41.19317 ], [ -79.66632, 41.19714 ], [ -79.66889, 41.19908 ], [ -79.64963, 41.21791 ], [ -79.65039, 41.25371 ], [ -79.63287, 41.2536 ], [ -79.63271, 41.26692 ], [ -79.62773, 41.26691 ], [ -79.62756, 41.27718 ], [ -79.60461, 41.27707 ], [ -79.60416, 41.32148 ], [ -79.54147, 41.32101 ], [ -79.54143, 41.33595 ], [ -79.47814, 41.33571 ], [ -79.47782, 41.38648 ], [ -79.40044, 41.38658 ], [ -79.39992, 41.43615 ], [ -79.35759, 41.43624 ], [ -79.35759, 41.43243 ], [ -79.2072, 41.43092 ], [ -79.21132, 41.07874 ], [ -79.21449, 41.07878 ], [ -79.21521, 41.05051 ], [ -79.23042, 41.04585 ], [ -79.24205, 41.03534 ], [ -79.26114, 41.02898 ], [ -79.26757, 41.02023 ], [ -79.2825, 41.00982 ], [ -79.30257, 41.01353 ], [ -79.31916, 41.0018 ], [ -79.33433, 40.99909 ], [ -79.33762, 41.00249 ], [ -79.34588, 40.99773 ], [ -79.36243, 41.00349 ], [ -79.37101, 40.99016 ], [ -79.36932, 40.97581 ], [ -79.37255, 40.96986 ], [ -79.37852, 40.96833 ], [ -79.38164, 40.96969 ], [ -79.382, 40.97727 ], [ -79.37465, 40.98446 ], [ -79.38662, 40.9879 ], [ -79.37798, 40.99077 ], [ -79.37809, 40.99435 ], [ -79.39471, 40.99475 ], [ -79.39746, 40.99006 ], [ -79.40481, 40.98862 ], [ -79.40488, 40.99803 ], [ -79.41504, 41.00071 ], [ -79.41007, 41.0053 ], [ -79.41232, 41.00847 ], [ -79.42124, 41.00268 ], [ -79.42745, 40.98595 ], [ -79.44274, 40.98726 ], [ -79.45172, 40.98167 ], [ -79.46223, 40.98311 ], [ -79.45598, 40.99071 ], [ -79.48747, 40.99554 ], [ -79.49478, 40.98618 ], [ -79.49366, 40.9779 ], [ -79.50515, 40.97685 ], [ -79.50667, 40.98307 ], [ -79.51401, 40.98681 ], [ -79.51784, 40.98396 ], [ -79.51469, 40.97903 ], [ -79.52243, 40.97496 ], [ -79.53943, 40.98429 ], [ -79.55262, 40.97978 ], [ -79.56619, 40.9858 ], [ -79.57432, 40.98468 ], [ -79.59306, 40.96898 ], [ -79.61835, 40.97414 ], [ -79.62276, 40.97637 ], [ -79.62448, 40.98184 ], [ -79.61907, 40.98896 ], [ -79.60093, 40.99478 ], [ -79.5849, 40.99156 ], [ -79.58177, 40.99798 ], [ -79.58795, 41.00324 ], [ -79.6064, 41.00516 ], [ -79.60979, 41.00865 ], [ -79.60077, 41.02525 ], [ -79.59892, 41.03345 ], [ -79.60137, 41.03696 ], [ -79.61957, 41.0334 ], [ -79.66595, 41.04935 ], [ -79.66713, 41.05595 ], [ -79.6555, 41.06826 ], [ -79.67617, 41.08461 ], [ -79.68006, 41.09371 ], [ -79.67869, 41.13258 ], [ -79.68669, 41.14466 ], [ -79.67959, 41.15953 ], [ -79.70014, 41.17619 ] ] ] } },
{ "type": "Feature", "properties": { "county_fips": "42033", "name": "Clearfield" }, "geometry": { "type": "Polygon", "coordinates": [ [ [ -78.80627, 40.72974 ], [ -78.8045, 41.13225 ], [ -78.76638, 41.20276 ], [ -78.71025, 41.20186 ], [ -78.64795, 41.21746 ], [ -78.64667, 41.25378 ], [ -78.23682, 41.23047 ], [ -78.09338, 41.21693 ], [ -78.06101, 41.17454 ], [ -78.03817, 41.1536 ], [ -78.04344, 41.14651 ], [ -78.05273, 41.14532 ], [ -78.05603, 41.132 ], [ -78.07035, 41.13058 ], [ -78.07042, 41.12188 ], [ -78.08414, 41.12595 ], [ -78.0892, 41.11604 ], [ -78.10035, 41.12178 ], [ -78.11225, 41.11364 ], [ -78.09267, 41.07956 ], [ -78.09718, 41.07235 ], [ -78.0851, 41.06811 ], [ -78.09036, 41.05817 ], [ -78.07556, 41.05966 ], [ -78.0714, 41.04992 ], [ -78.06236, 41.05323 ], [ -78.05939, 41.05083 ], [ -78.06408, 41.04591 ], [ -78.05715, 41.03753 ], [ -78.06927, 41.03272 ], [ -78.0783, 41.03406 ], [ -78.08031, 41.03066 ], [ -78.07731, 41.0266 ], [ -78.07125, 41.02658 ], [ -78.0756, 41.02219 ], [ -78.06789, 41.01948 ], [ -78.06914, 41.01324 ], [ -78.06012, 41.01221 ], [ -78.05571, 41.00486 ], [ -78.06514, 41.00334 ], [ -78.06192, 40.99522 ], [ -78.06668, 40.99769 ], [ -78.0756, 40.99346 ], [ -78.08611, 40.99447 ], [ -78.08209, 40.98418 ], [ -78.08443, 40.98083 ], [ -78.09052, 40.98088 ], [ -78.08867, 40.97608 ], [ -78.09212, 40.97281 ], [ -78.09678, 40.97285 ], [ -78.08616, 40.96967 ], [ -78.0781, 40.95645 ], [ -78.0949, 40.95044 ], [ -78.10983, 40.94993 ], [ -78.11133, 40.94512 ], [ -78.12072, 40.94205 ], [ -78.12179, 40.94713 ], [ -78.13386, 40.94674 ], [ -78.13062, 40.95134 ], [ -78.13638, 40.95602 ], [ -78.12996, 40.96184 ], [ -78.13369, 40.96704 ], [ -78.13635, 40.96602 ], [ -78.14033, 40.95102 ], [ -78.14428, 40.94859 ], [ -78.14763, 40.94933 ], [ -78.14715, 40.95667 ], [ -78.15979, 40.96122 ], [ -78.16871, 40.96023 ], [ -78.16821, 40.95203 ], [ -78.15937, 40.95407 ], [ -78.15564, 40.94165 ], [ -78.16245, 40.94207 ], [ -78.16646, 40.93669 ], [ -78.17128, 40.93677 ], [ -78.17148, 40.93242 ], [ -78.1772, 40.93021 ], [ -78.18183, 40.92229 ], [ -78.19097, 40.91873 ], [ -78.19598, 40.91999 ], [ -78.20164, 40.91581 ], [ -78.21035, 40.9174 ], [ -78.22594, 40.9074 ], [ -78.2243, 40.90598 ], [ -78.22914, 40.89974 ], [ -78.22064, 40.89031 ], [ -78.22794, 40.88673 ], [ -78.23294, 40.87839 ], [ -78.24045, 40.88164 ], [ -78.24776, 40.87956 ], [ -78.24934, 40.87639 ], [ -78.23833, 40.87644 ], [ -78.23571, 40.8736 ], [ -78.24898, 40.86952 ], [ -78.24691, 40.85836 ], [ -78.24922, 40.85538 ], [ -78.26057, 40.85468 ], [ -78.27067, 40.84698 ], [ -78.27773, 40.85099 ], [ -78.29076, 40.84802 ], [ -78.2906, 40.84252 ], [ -78.30225, 40.83412 ], [ -78.29938, 40.82456 ], [ -78.30563, 40.82064 ], [ -78.31389, 40.8085 ], [ -78.32693, 40.8059 ], [ -78.33949, 40.79786 ], [ -78.34025, 40.79156 ], [ -78.34368, 40.79083 ], [ -78.34281, 40.78183 ], [ -78.35087, 40.7749 ], [ -78.35205, 40.76891 ], [ -78.36526, 40.76454 ], [ -78.37603, 40.7545 ], [ -78.36643, 40.7361 ], [ -78.34867, 40.72344 ], [ -78.80173, 40.72462 ], [ -78.80627, 40.72974 ] ] ] } },
{ "type": "Feature", "properties": { "county_fips": "42035", "name": "Clinton" }, "geometry": { "type": "Polygon", "coordinates": [ [ [ -78.09338, 41.21693 ], [ -77.98879, 41.36745 ], [ -77.98919, 41.47482 ], [ -77.59813, 41.47858 ], [ -77.59728, 41.44106 ], [ -77.58467, 41.4413 ], [ -77.57521, 41.4205 ], [ -77.56444, 41.41268 ], [ -77.55045, 41.39583 ], [ -77.54223, 41.3822 ], [ -77.53765, 41.36501 ], [ -77.52654, 41.35853 ], [ -77.49993, 41.35395 ], [ -77.47701, 41.339 ], [ -77.47145, 41.31349 ], [ -77.45512, 41.30342 ], [ -77.44473, 41.28744 ], [ -77.4294, 41.28214 ], [ -77.42494, 41.2731 ], [ -77.41067, 41.26622 ], [ -77.39904, 41.25305 ], [ -77.37009, 41.23268 ], [ -77.36273, 41.23358 ], [ -77.35002, 41.22898 ], [ -77.34851, 41.22325 ], [ -77.35136, 41.22018 ], [ -77.32089, 41.21893 ], [ -77.29138, 41.19628 ], [ -77.29226, 41.1853 ], [ -77.27559, 41.1791 ], [ -77.26223, 41.16241 ], [ -77.16428, 41.06871 ], [ -77.14411, 41.06884 ], [ -77.14371, 41.04512 ], [ -77.33992, 40.98717 ], [ -77.5086, 40.96294 ], [ -77.58019, 41.04727 ], [ -77.56184, 41.05779 ], [ -77.57357, 41.06868 ], [ -77.58248, 41.06737 ], [ -77.58382, 41.0701 ], [ -77.59178, 41.07115 ], [ -77.59532, 41.07775 ], [ -77.62176, 41.09119 ], [ -77.65921, 41.10107 ], [ -77.66407, 41.109 ], [ -77.67205, 41.10524 ], [ -77.68375, 41.10931 ], [ -77.69187, 41.10638 ], [ -77.70662, 41.11389 ], [ -77.71776, 41.10495 ], [ -77.72808, 41.11132 ], [ -77.74667, 41.10626 ], [ -77.778, 41.14661 ], [ -77.78956, 41.14213 ], [ -77.79001, 41.17714 ], [ -77.89767, 41.17692 ], [ -77.89826, 41.25267 ], [ -77.91379, 41.24056 ], [ -77.9218, 41.22746 ], [ -77.93791, 41.22484 ], [ -77.93709, 41.21034 ], [ -77.9436, 41.21029 ], [ -77.95944, 41.2175 ], [ -77.97084, 41.20672 ], [ -77.97371, 41.19239 ], [ -77.97078, 41.1747 ], [ -77.98419, 41.17024 ], [ -77.98793, 41.16265 ], [ -78.00075, 41.16166 ], [ -78.00099, 41.14777 ], [ -78.00594, 41.1436 ], [ -78.01202, 41.14507 ], [ -78.01573, 41.1529 ], [ -78.02859, 41.15033 ], [ -78.03817, 41.1536 ], [ -78.06101, 41.17454 ], [ -78.09338, 41.21693 ] ] ] } },
{ "type": "Feature", "properties": { "county_fips": "42037", "name": "Columbia" }, "geometry": { "type": "Polygon", "coordinates": [ [ [ -76.64077, 41.15572 ], [ -76.59252, 41.15783 ], [ -76.40793, 41.30842 ], [ -76.31026, 41.3102 ], [ -76.31924, 41.20809 ], [ -76.27739, 41.13179 ], [ -76.22898, 41.13847 ], [ -76.22814, 41.05195 ], [ -76.23122, 41.05026 ], [ -76.20783, 40.94974 ], [ -76.28461, 40.88359 ], [ -76.30717, 40.80181 ], [ -76.38033, 40.77544 ], [ -76.41149, 40.83349 ], [ -76.5016, 40.82476 ], [ -76.50809, 40.84664 ], [ -76.49928, 40.85029 ], [ -76.49801, 40.85408 ], [ -76.50248, 40.86177 ], [ -76.50775, 40.86405 ], [ -76.50974, 40.8705 ], [ -76.50415, 40.8809 ], [ -76.52802, 40.88261 ], [ -76.52486, 40.91594 ], [ -76.52821, 40.91912 ], [ -76.52014, 40.92663 ], [ -76.52939, 40.94014 ], [ -76.51242, 40.9461 ], [ -76.51579, 40.95 ], [ -76.51503, 40.95905 ], [ -76.529, 40.97307 ], [ -76.56525, 40.99986 ], [ -76.56226, 41.03421 ], [ -76.56991, 41.05376 ], [ -76.61897, 41.06376 ], [ -76.61535, 41.07936 ], [ -76.62046, 41.08484 ], [ -76.64077, 41.15572 ] ] ] } },
{ "type": "Feature", "properties": { "county_fips": "42039", "name": "Crawford" }, "geometry": { "type": "Polygon", "coordinates": [ [ [ -80.51921, 41.48911 ], [ -80.51929, 41.84956 ], [ -79.61207, 41.85033 ], [ -79.61317, 41.61687 ], [ -79.76836, 41.61771 ], [ -79.76834, 41.62096 ], [ -79.82911, 41.62207 ], [ -79.82972, 41.60195 ], [ -79.84961, 41.59776 ], [ -79.85005, 41.58706 ], [ -79.873, 41.58115 ], [ -79.87003, 41.57426 ], [ -79.89273, 41.57414 ], [ -79.89276, 41.56217 ], [ -79.90861, 41.56217 ], [ -79.90947, 41.55015 ], [ -79.92537, 41.55021 ], [ -79.92334, 41.5376 ], [ -79.9433, 41.53784 ], [ -79.94223, 41.52535 ], [ -79.95919, 41.52544 ], [ -79.95816, 41.51362 ], [ -79.98154, 41.51289 ], [ -79.98228, 41.50014 ], [ -79.99849, 41.50095 ], [ -79.99978, 41.49005 ], [ -80.1256, 41.48628 ], [ -80.12537, 41.4804 ], [ -80.43115, 41.48696 ], [ -80.43209, 41.49209 ], [ -80.4449, 41.49227 ], [ -80.445, 41.48712 ], [ -80.51921, 41.48911 ] ] ] } },
{ "type": "Feature", "properties": { "county_fips": "42041", "name": "Cumberland" }, "geometry": { "type": "Polygon", "coordinates": [ [ [ -77.62751, 40.1886 ], [ -77.61467, 40.19855 ], [ -77.60545, 40.18536 ], [ -77.55809, 40.21864 ], [ -77.53687, 40.21907 ], [ -77.4736, 40.25422 ], [ -77.41949, 40.29083 ], [ -77.38219, 40.30846 ], [ -77.36008, 40.31408 ], [ -77.35779, 40.31092 ], [ -77.36124, 40.30519 ], [ -77.40289, 40.28013 ], [ -77.41104, 40.26931 ], [ -77.41979, 40.26407 ], [ -77.42329, 40.25846 ], [ -77.42152, 40.25584 ], [ -77.40246, 40.25695 ], [ -77.38511, 40.26271 ], [ -77.32856, 40.29231 ], [ -77.32319, 40.29247 ], [ -77.3307, 40.28059 ], [ -77.33049, 40.2756 ], [ -77.31949, 40.26866 ], [ -77.31224, 40.26774 ], [ -77.23916, 40.2841 ], [ -77.16306, 40.28948 ], [ -77.09637, 40.3004 ], [ -77.02213, 40.30402 ], [ -76.97686, 40.30986 ], [ -76.91497, 40.32848 ], [ -76.9118, 40.32263 ], [ -76.9232, 40.3002 ], [ -76.92206, 40.28548 ], [ -76.90458, 40.26057 ], [ -76.87871, 40.24389 ], [ -76.85899, 40.22596 ], [ -76.8609, 40.21928 ], [ -76.86672, 40.2161 ], [ -76.87978, 40.21782 ], [ -76.88864, 40.2137 ], [ -76.89696, 40.22467 ], [ -76.90289, 40.2246 ], [ -76.89998, 40.21219 ], [ -76.90595, 40.21711 ], [ -76.90647, 40.2096 ], [ -76.91054, 40.20554 ], [ -76.91854, 40.21023 ], [ -76.92718, 40.19998 ], [ -76.93151, 40.19938 ], [ -76.92948, 40.19685 ], [ -76.91861, 40.19831 ], [ -76.90835, 40.1902 ], [ -76.91359, 40.18862 ], [ -76.9119, 40.18488 ], [ -76.91418, 40.18277 ], [ -76.92655, 40.18848 ], [ -76.9283, 40.1838 ], [ -76.92329, 40.17709 ], [ -76.90568, 40.16591 ], [ -76.92911, 40.16127 ], [ -76.95133, 40.16583 ], [ -76.96688, 40.1627 ], [ -76.97802, 40.16478 ], [ -76.98162, 40.16312 ], [ -76.98068, 40.16056 ], [ -76.97134, 40.1576 ], [ -76.97691, 40.15234 ], [ -76.99303, 40.1549 ], [ -77.02275, 40.14581 ], [ -77.03155, 40.14664 ], [ -77.15559, 40.05671 ], [ -77.18563, 40.0295 ], [ -77.22887, 40.02508 ], [ -77.40349, 39.9945 ], [ -77.47109, 39.94408 ], [ -77.45411, 39.97243 ], [ -77.46165, 39.97683 ], [ -77.47439, 39.99194 ], [ -77.48163, 39.99339 ], [ -77.4954, 40.00514 ], [ -77.50914, 40.02488 ], [ -77.50782, 40.02897 ], [ -77.5187, 40.0382 ], [ -77.51711, 40.04436 ], [ -77.53248, 40.04875 ], [ -77.53226, 40.06717 ], [ -77.53489, 40.07027 ], [ -77.5419, 40.06982 ], [ -77.54028, 40.07677 ], [ -77.54564, 40.07843 ], [ -77.541, 40.07968 ], [ -77.54669, 40.08593 ], [ -77.54296, 40.0896 ], [ -77.55036, 40.09117 ], [ -77.55388, 40.09588 ], [ -77.56042, 40.09426 ], [ -77.56168, 40.09732 ], [ -77.55791, 40.1031 ], [ -77.56464, 40.12173 ], [ -77.58174, 40.13411 ], [ -77.59295, 40.13539 ], [ -77.59322, 40.14225 ], [ -77.60826, 40.15274 ], [ -77.61364, 40.17016 ], [ -77.62751, 40.1886 ] ] ] } },
{ "type": "Feature", "properties": { "county_fips": "42043", "name": "Dauphin" }, "geometry": { "type": "Polygon", "coordinates": [ [ [ -77.02934, 40.38868 ], [ -77.01189, 40.40538 ], [ -77.01627, 40.42517 ], [ -77.00324, 40.4268 ], [ -76.98213, 40.44602 ], [ -76.95662, 40.45867 ], [ -76.94959, 40.46863 ], [ -76.94947, 40.48453 ], [ -76.95305, 40.49057 ], [ -76.96909, 40.49756 ], [ -76.98439, 40.51456 ], [ -76.98566, 40.525 ], [ -76.98055, 40.53833 ], [ -76.99299, 40.56403 ], [ -76.98816, 40.57458 ], [ -76.96533, 40.58702 ], [ -76.95744, 40.59468 ], [ -76.94915, 40.62817 ], [ -76.93696, 40.61284 ], [ -76.91867, 40.60347 ], [ -76.91986, 40.61013 ], [ -76.89004, 40.61033 ], [ -76.89146, 40.61433 ], [ -76.88641, 40.61776 ], [ -76.87272, 40.61631 ], [ -76.86425, 40.62759 ], [ -76.8401, 40.62544 ], [ -76.83316, 40.6276 ], [ -76.8274, 40.63395 ], [ -76.81114, 40.63382 ], [ -76.80907, 40.64342 ], [ -76.80338, 40.64722 ], [ -76.79039, 40.64078 ], [ -76.77828, 40.64599 ], [ -76.75623, 40.64809 ], [ -76.74589, 40.65446 ], [ -76.72479, 40.65306 ], [ -76.71357, 40.6596 ], [ -76.70392, 40.65537 ], [ -76.70162, 40.65808 ], [ -76.53541, 40.55516 ], [ -76.67804, 40.47472 ], [ -76.56942, 40.19555 ], [ -76.56634, 40.19664 ], [ -76.5712, 40.1944 ], [ -76.58071, 40.19469 ], [ -76.58641, 40.18948 ], [ -76.60809, 40.1894 ], [ -76.61595, 40.18061 ], [ -76.62626, 40.17826 ], [ -76.63841, 40.16674 ], [ -76.66637, 40.16302 ], [ -76.67721, 40.14889 ], [ -76.68315, 40.15179 ], [ -76.69049, 40.14836 ], [ -76.6908, 40.15625 ], [ -76.69766, 40.15634 ], [ -76.69616, 40.15012 ], [ -76.71009, 40.13708 ], [ -76.70641, 40.13527 ], [ -76.71591, 40.13148 ], [ -76.72162, 40.12007 ], [ -76.73265, 40.12273 ], [ -76.74354, 40.13085 ], [ -76.75268, 40.1758 ], [ -76.77401, 40.18409 ], [ -76.80058, 40.20011 ], [ -76.8247, 40.20232 ], [ -76.83947, 40.22161 ], [ -76.85902, 40.22633 ], [ -76.87871, 40.24389 ], [ -76.90458, 40.26057 ], [ -76.92429, 40.28964 ], [ -76.9232, 40.3002 ], [ -76.91213, 40.32549 ], [ -76.9267, 40.34196 ], [ -76.93359, 40.35605 ], [ -77.00819, 40.35845 ], [ -77.0208, 40.36623 ], [ -77.02934, 40.38868 ] ] ] } },
{ "type": "Feature", "properties": { "county_fips": "42045", "name": "Delaware" }, "geometry": { "type": "Polygon", "coordinates": [ [ [ -75.60153, 39.85643 ], [ -75.59301, 39.86704 ], [ -75.59791, 39.87446 ], [ -75.58476, 39.88098 ], [ -75.58719, 39.88421 ], [ -75.58041, 39.88375 ], [ -75.57116, 39.88814 ], [ -75.57338, 39.8964 ], [ -75.55929, 39.90298 ], [ -75.56131, 39.90743 ], [ -75.55864, 39.90868 ], [ -75.55611, 39.90534 ], [ -75.54642, 39.90973 ], [ -75.55045, 39.91493 ], [ -75.54249, 39.91842 ], [ -75.54273, 39.92718 ], [ -75.53611, 39.92993 ], [ -75.53024, 39.92212 ], [ -75.52351, 39.92314 ], [ -75.53047, 39.93205 ], [ -75.52617, 39.93499 ], [ -75.52454, 39.9316 ], [ -75.51905, 39.93417 ], [ -75.52382, 39.94412 ], [ -75.43605, 39.98495 ], [ -75.43769, 39.99389 ], [ -75.45343, 39.99345 ], [ -75.40434, 40.02736 ], [ -75.41499, 40.04179 ], [ -75.36007, 40.0662 ], [ -75.3207, 40.01622 ], [ -75.31143, 40.01981 ], [ -75.27648, 39.97696 ], [ -75.28027, 39.97496 ], [ -75.27754, 39.97113 ], [ -75.26545, 39.96526 ], [ -75.24806, 39.96407 ], [ -75.25088, 39.95902 ], [ -75.25012, 39.94697 ], [ -75.23492, 39.93633 ], [ -75.23744, 39.93256 ], [ -75.24337, 39.93191 ], [ -75.2472, 39.91358 ], [ -75.25349, 39.90559 ], [ -75.25129, 39.9044 ], [ -75.26488, 39.88793 ], [ -75.26253, 39.87656 ], [ -75.24843, 39.87649 ], [ -75.24047, 39.87238 ], [ -75.23412, 39.87718 ], [ -75.21572, 39.87609 ], [ -75.21604, 39.87112 ], [ -75.21169, 39.86695 ], [ -75.23503, 39.85661 ], [ -75.27214, 39.84909 ], [ -75.32323, 39.84981 ], [ -75.34176, 39.84608 ], [ -75.41506, 39.80192 ], [ -75.45374, 39.82031 ], [ -75.49884, 39.83331 ], [ -75.53935, 39.83821 ], [ -75.5799, 39.83852 ], [ -75.58645, 39.84434 ], [ -75.59485, 39.83729 ], [ -75.59774, 39.84115 ], [ -75.592, 39.85254 ], [ -75.60153, 39.85643 ] ] ] } },
{ "type": "Feature", "properties": { "county_fips": "42047", "name": "Elk" }, "geometry": { "type": "Polygon", "coordinates": [ [ [ -79.09356, 41.34031 ], [ -79.09359, 41.42329 ], [ -79.06515, 41.42319 ], [ -79.06352, 41.45321 ], [ -78.97666, 41.45176 ], [ -78.97666, 41.43696 ], [ -78.95896, 41.43706 ], [ -78.95614, 41.62333 ], [ -78.67602, 41.62497 ], [ -78.48382, 41.63148 ], [ -78.48291, 41.60233 ], [ -78.4205, 41.60187 ], [ -78.42003, 41.40505 ], [ -78.25396, 41.40472 ], [ -78.25438, 41.32358 ], [ -78.23467, 41.32341 ], [ -78.23682, 41.23047 ], [ -78.64667, 41.25378 ], [ -78.64795, 41.21746 ], [ -78.71025, 41.20186 ], [ -78.71006, 41.23024 ], [ -78.73821, 41.23067 ], [ -78.73904, 41.25392 ], [ -78.73528, 41.26291 ], [ -78.95926, 41.36216 ], [ -78.95946, 41.37149 ], [ -78.96422, 41.36982 ], [ -78.96981, 41.3759 ], [ -78.97448, 41.37548 ], [ -78.98155, 41.36775 ], [ -78.99269, 41.36862 ], [ -79.00227, 41.35965 ], [ -79.01299, 41.35822 ], [ -79.01781, 41.35004 ], [ -79.02814, 41.35743 ], [ -79.06302, 41.35015 ], [ -79.07543, 41.35434 ], [ -79.08113, 41.35269 ], [ -79.09356, 41.34031 ] ] ] } },
{ "type": "Feature", "properties": { "county_fips": "42049", "name": "Erie" }, "geometry": { "type": "Polygon", "coordinates": [ [ [ -80.51941, 41.97716 ], [ -80.43692, 42.00561 ], [ -80.40243, 42.01311 ], [ -80.36342, 42.02773 ], [ -80.33056, 42.0356 ], [ -80.26757, 42.06041 ], [ -80.23636, 42.07798 ], [ -80.2152, 42.08286 ], [ -80.18809, 42.09426 ], [ -80.1585, 42.11052 ], [ -80.1356, 42.14935 ], [ -80.11753, 42.16486 ], [ -80.10428, 42.17008 ], [ -80.06617, 42.17188 ], [ -80.06855, 42.1687 ], [ -80.08017, 42.16606 ], [ -80.0732, 42.15579 ], [ -80.07826, 42.15159 ], [ -80.07432, 42.1467 ], [ -80.06108, 42.14486 ], [ -79.93132, 42.20674 ], [ -79.90105, 42.2167 ], [ -79.87322, 42.23198 ], [ -79.87024, 42.23024 ], [ -79.84466, 42.23549 ], [ -79.83158, 42.24266 ], [ -79.81898, 42.24459 ], [ -79.78331, 42.26403 ], [ -79.77382, 42.26394 ], [ -79.76195, 42.26986 ], [ -79.76137, 41.99907 ], [ -79.61084, 41.99899 ], [ -79.61207, 41.85033 ], [ -80.51929, 41.84956 ], [ -80.51941, 41.97716 ] ] ] } },
{ "type": "Feature", "properties": { "county_fips": "42051", "name": "Fayette" }, "geometry": { "type": "Polygon", "coordinates": [ [ [ -80.01073, 39.97115 ], [ -80.00585, 39.9802 ], [ -79.99089, 39.98655 ], [ -79.99573, 40.0051 ], [ -79.98823, 40.01191 ], [ -79.96935, 40.01312 ], [ -79.95462, 39.99527 ], [ -79.94673, 39.99425 ], [ -79.93452, 39.99963 ], [ -79.92979, 40.01174 ], [ -79.92484, 40.01612 ], [ -79.91003, 40.02201 ], [ -79.88995, 40.02246 ], [ -79.87999, 40.02828 ], [ -79.87705, 40.03683 ], [ -79.89191, 40.0482 ], [ -79.8811, 40.0578 ], [ -79.87977, 40.06505 ], [ -79.89849, 40.07127 ], [ -79.90143, 40.07673 ], [ -79.89303, 40.08035 ], [ -79.86367, 40.07542 ], [ -79.84781, 40.08019 ], [ -79.839, 40.0906 ], [ -79.85009, 40.11396 ], [ -79.87786, 40.12696 ], [ -79.87499, 40.12941 ], [ -79.81611, 40.12837 ], [ -79.81659, 40.13279 ], [ -79.80674, 40.13118 ], [ -79.8058, 40.12753 ], [ -79.74606, 40.12846 ], [ -79.73485, 40.12105 ], [ -79.72438, 40.12312 ], [ -79.71877, 40.11764 ], [ -79.72237, 40.11283 ], [ -79.707, 40.10756 ], [ -79.68614, 40.11389 ], [ -79.68379, 40.10862 ], [ -79.66758, 40.10454 ], [ -79.66849, 40.09731 ], [ -79.66208, 40.0945 ], [ -79.65725, 40.0966 ], [ -79.65408, 40.08929 ], [ -79.6411, 40.08832 ], [ -79.64237, 40.08363 ], [ -79.63047, 40.08679 ], [ -79.62196, 40.09453 ], [ -79.60367, 40.09084 ], [ -79.60177, 40.08274 ], [ -79.59302, 40.08205 ], [ -79.59344, 40.09056 ], [ -79.58458, 40.09783 ], [ -79.58538, 40.10213 ], [ -79.57971, 40.10507 ], [ -79.5606, 40.10522 ], [ -79.55607, 40.11291 ], [ -79.54852, 40.11032 ], [ -79.54235, 40.11187 ], [ -79.54107, 40.12081 ], [ -79.53399, 40.12862 ], [ -79.52698, 40.12324 ], [ -79.51779, 40.13327 ], [ -79.50519, 40.14057 ], [ -79.47318, 40.14565 ], [ -79.46152, 40.1441 ], [ -79.44748, 40.13323 ], [ -79.44772, 40.12677 ], [ -79.43775, 40.11594 ], [ -79.42307, 40.11098 ], [ -79.41539, 40.1046 ], [ -79.40163, 40.10265 ], [ -79.39352, 40.09076 ], [ -79.35553, 40.07429 ], [ -79.34123, 40.04288 ], [ -79.3248, 40.04057 ], [ -79.31235, 40.04436 ], [ -79.29388, 40.04045 ], [ -79.33847, 39.98201 ], [ -79.34258, 39.98206 ], [ -79.34254, 39.9763 ], [ -79.35412, 39.95806 ], [ -79.37288, 39.93652 ], [ -79.3783, 39.93665 ], [ -79.38396, 39.92449 ], [ -79.39156, 39.9195 ], [ -79.38762, 39.9157 ], [ -79.39875, 39.90054 ], [ -79.41756, 39.85378 ], [ -79.38147, 39.83631 ], [ -79.38207, 39.82708 ], [ -79.3716, 39.82708 ], [ -79.36729, 39.82273 ], [ -79.36396, 39.80678 ], [ -79.36885, 39.80146 ], [ -79.36826, 39.79588 ], [ -79.36256, 39.78848 ], [ -79.35126, 39.78658 ], [ -79.35676, 39.78148 ], [ -79.38006, 39.79008 ], [ -79.38306, 39.78248 ], [ -79.39496, 39.78338 ], [ -79.39166, 39.77798 ], [ -79.38026, 39.77318 ], [ -79.37866, 39.76888 ], [ -79.38626, 39.76188 ], [ -79.39856, 39.75828 ], [ -79.39973, 39.7549 ], [ -79.39406, 39.74328 ], [ -79.40796, 39.74198 ], [ -79.40996, 39.73498 ], [ -79.39266, 39.73268 ], [ -79.38946, 39.72708 ], [ -79.39246, 39.72143 ], [ -79.91617, 39.72089 ], [ -79.90617, 39.73339 ], [ -79.90344, 39.74308 ], [ -79.91178, 39.75088 ], [ -79.93008, 39.75708 ], [ -79.93468, 39.76477 ], [ -79.93441, 39.78128 ], [ -79.92929, 39.78628 ], [ -79.91398, 39.78798 ], [ -79.90866, 39.79378 ], [ -79.92064, 39.81341 ], [ -79.92438, 39.83818 ], [ -79.93648, 39.84168 ], [ -79.93858, 39.84548 ], [ -79.92465, 39.85506 ], [ -79.93028, 39.86928 ], [ -79.91685, 39.8766 ], [ -79.91528, 39.8803 ], [ -79.92941, 39.90568 ], [ -79.92307, 39.92099 ], [ -79.94376, 39.94401 ], [ -79.95917, 39.95387 ], [ -79.97029, 39.95547 ], [ -79.99069, 39.94977 ], [ -79.99882, 39.95089 ], [ -80.00934, 39.95879 ], [ -80.01073, 39.97115 ] ] ] } },
{ "type": "Feature", "properties": { "county_fips": "42053", "name": "Forest" }, "geometry": { "type": "Polygon", "coordinates": [ [ [ -79.52202, 41.46522 ], [ -79.51228, 41.46524 ], [ -79.51207, 41.62456 ], [ -79.09162, 41.62634 ], [ -78.95614, 41.62333 ], [ -78.95896, 41.43706 ], [ -78.97666, 41.43696 ], [ -78.97666, 41.45176 ], [ -79.06352, 41.45321 ], [ -79.06515, 41.42319 ], [ -79.09359, 41.42329 ], [ -79.0951, 41.34066 ], [ -79.10498, 41.34153 ], [ -79.10674, 41.3261 ], [ -79.11525, 41.32577 ], [ -79.13852, 41.34157 ], [ -79.14823, 41.33166 ], [ -79.15712, 41.32863 ], [ -79.1631, 41.3334 ], [ -79.16061, 41.34183 ], [ -79.16641, 41.34387 ], [ -79.16917, 41.33965 ], [ -79.16691, 41.33048 ], [ -79.17172, 41.32591 ], [ -79.17557, 41.32696 ], [ -79.17514, 41.33597 ], [ -79.17964, 41.33917 ], [ -79.187, 41.33731 ], [ -79.18618, 41.32852 ], [ -79.1925, 41.32419 ], [ -79.20888, 41.33186 ], [ -79.2072, 41.43092 ], [ -79.35759, 41.43243 ], [ -79.35759, 41.43624 ], [ -79.39992, 41.43615 ], [ -79.40044, 41.38658 ], [ -79.47782, 41.38648 ], [ -79.47816, 41.44013 ], [ -79.5216, 41.44055 ], [ -79.52202, 41.46522 ] ] ] } },
{ "type": "Feature", "properties": { "county_fips": "42055", "name": "Franklin" }, "geometry": { "type": "Polygon", "coordinates": [ [ [ -78.09914, 39.72232 ], [ -78.0693, 39.7483 ], [ -78.0365, 39.792 ], [ -78.0027, 39.8266 ], [ -77.97513, 39.87179 ], [ -77.95645, 39.91503 ], [ -77.95551, 39.92886 ], [ -77.94727, 39.93494 ], [ -77.93779, 39.94894 ], [ -77.93227, 39.97262 ], [ -77.92151, 39.98825 ], [ -77.92095, 40.00045 ], [ -77.91433, 40.0103 ], [ -77.8817, 40.0502 ], [ -77.85936, 40.06521 ], [ -77.79639, 40.16681 ], [ -77.76833, 40.20413 ], [ -77.7242, 40.25012 ], [ -77.69895, 40.26577 ], [ -77.67176, 40.28983 ], [ -77.65642, 40.27039 ], [ -77.67029, 40.25942 ], [ -77.66771, 40.252 ], [ -77.65345, 40.25741 ], [ -77.6457, 40.25603 ], [ -77.64999, 40.24796 ], [ -77.6454, 40.23893 ], [ -77.65016, 40.22871 ], [ -77.64764, 40.22248 ], [ -77.64339, 40.22317 ], [ -77.64283, 40.21814 ], [ -77.61617, 40.23262 ], [ -77.60917, 40.23275 ], [ -77.60272, 40.2282 ], [ -77.60477, 40.20603 ], [ -77.62751, 40.1886 ], [ -77.61364, 40.17016 ], [ -77.60894, 40.1536 ], [ -77.59322, 40.14225 ], [ -77.59295, 40.13539 ], [ -77.58174, 40.13411 ], [ -77.56464, 40.12173 ], [ -77.55791, 40.1031 ], [ -77.56168, 40.09732 ], [ -77.56042, 40.09426 ], [ -77.55388, 40.09588 ], [ -77.55036, 40.09117 ], [ -77.54296, 40.0896 ], [ -77.54669, 40.08593 ], [ -77.54099, 40.08057 ], [ -77.54564, 40.07843 ], [ -77.54028, 40.07677 ], [ -77.5419, 40.06982 ], [ -77.53489, 40.07027 ], [ -77.53226, 40.06717 ], [ -77.53248, 40.04875 ], [ -77.51711, 40.04436 ], [ -77.5187, 40.0382 ], [ -77.50782, 40.02897 ], [ -77.50914, 40.02488 ], [ -77.4954, 40.00514 ], [ -77.48163, 39.99339 ], [ -77.47439, 39.99194 ], [ -77.46165, 39.97683 ], [ -77.45411, 39.97243 ], [ -77.47109, 39.94408 ], [ -77.45913, 39.72002 ], [ -78.09914, 39.72232 ] ] ] } },
{ "type": "Feature", "properties": { "county_fips": "42057", "name": "Fulton" }, "geometry": { "type": "Polygon", "coordinates": [ [ [ -78.3806, 39.72252 ], [ -78.34382, 39.76161 ], [ -78.299, 39.8255 ], [ -78.2675, 39.9035 ], [ -78.23989, 39.94951 ], [ -78.21981, 39.99329 ], [ -78.20101, 40.01299 ], [ -78.20411, 40.01783 ], [ -78.2042, 40.04203 ], [ -78.19931, 40.04593 ], [ -78.1879, 40.04705 ], [ -78.18147, 40.05819 ], [ -78.19074, 40.06654 ], [ -78.20373, 40.06989 ], [ -78.20389, 40.08308 ], [ -78.20671, 40.08643 ], [ -78.15829, 40.12221 ], [ -78.13486, 40.16513 ], [ -78.07835, 40.13324 ], [ -77.92591, 40.10191 ], [ -77.92556, 40.10398 ], [ -77.86449, 40.06157 ], [ -77.8817, 40.0502 ], [ -77.9195, 40.00342 ], [ -77.91979, 39.99265 ], [ -77.93227, 39.97262 ], [ -77.93779, 39.94894 ], [ -77.94727, 39.93494 ], [ -77.95551, 39.92886 ], [ -77.95645, 39.91503 ], [ -77.97513, 39.87179 ], [ -78.0027, 39.8266 ], [ -78.0365, 39.792 ], [ -78.0693, 39.7483 ], [ -78.09914, 39.72232 ], [ -78.3806, 39.72252 ] ] ] } },
{ "type": "Feature", "properties": { "county_fips": "42059", "name": "Greene" }, "geometry": { "type": "Polygon", "coordinates": [ [ [ -80.51934, 39.7214 ], [ -80.518, 39.96352 ], [ -80.50094, 39.95378 ], [ -80.49977, 39.9576 ], [ -80.48799, 39.96144 ], [ -80.49008, 39.9545 ], [ -80.47528, 39.95206 ], [ -80.46687, 39.95464 ], [ -80.4697, 39.96177 ], [ -80.46025, 39.96231 ], [ -80.46129, 39.96738 ], [ -80.45355, 39.97335 ], [ -80.44827, 39.96666 ], [ -80.44513, 39.97576 ], [ -80.43479, 39.97751 ], [ -80.425, 39.97199 ], [ -80.41292, 39.97695 ], [ -80.39647, 39.97789 ], [ -80.3912, 39.98795 ], [ -80.37228, 39.99657 ], [ -80.35632, 39.99684 ], [ -80.32981, 40.00546 ], [ -80.31257, 40.00329 ], [ -80.30883, 40.00704 ], [ -80.31021, 40.01765 ], [ -80.3014, 40.02056 ], [ -80.28742, 40.01921 ], [ -80.28465, 40.01241 ], [ -80.27326, 40.01328 ], [ -80.27197, 40.00773 ], [ -80.27608, 40.00552 ], [ -80.27311, 40.00242 ], [ -80.25665, 40.00309 ], [ -80.25176, 40.00778 ], [ -80.24014, 40.00948 ], [ -80.21479, 40.0028 ], [ -80.19389, 40.00491 ], [ -80.19026, 40.00184 ], [ -80.17532, 40.00798 ], [ -80.16046, 40.00334 ], [ -80.15098, 39.99441 ], [ -80.13641, 39.99259 ], [ -80.12951, 39.98841 ], [ -80.11831, 39.99129 ], [ -80.11128, 39.98817 ], [ -80.09806, 39.99194 ], [ -80.0864, 39.99036 ], [ -80.05881, 40.00934 ], [ -80.05839, 40.00362 ], [ -80.04963, 40.00663 ], [ -80.04445, 39.9988 ], [ -80.03893, 39.99647 ], [ -80.05067, 39.98965 ], [ -80.04867, 39.9853 ], [ -80.04496, 39.98506 ], [ -80.04829, 39.97853 ], [ -80.03978, 39.9741 ], [ -80.03194, 39.97769 ], [ -80.03303, 39.98391 ], [ -80.01802, 39.97749 ], [ -80.00693, 39.9847 ], [ -79.9993, 39.98447 ], [ -80.01046, 39.97396 ], [ -80.00758, 39.95667 ], [ -79.99507, 39.94951 ], [ -79.97539, 39.95491 ], [ -79.95917, 39.95387 ], [ -79.94376, 39.94401 ], [ -79.92307, 39.92099 ], [ -79.92941, 39.90568 ], [ -79.91528, 39.8803 ], [ -79.91685, 39.8766 ], [ -79.93028, 39.86928 ], [ -79.92465, 39.85506 ], [ -79.93848, 39.84398 ], [ -79.92438, 39.83818 ], [ -79.92064, 39.81341 ], [ -79.91018, 39.79958 ], [ -79.90868, 39.79258 ], [ -79.91452, 39.78778 ], [ -79.93247, 39.78488 ], [ -79.93468, 39.76477 ], [ -79.93008, 39.75708 ], [ -79.90718, 39.74748 ], [ -79.90344, 39.74308 ], [ -79.90392, 39.73781 ], [ -79.91617, 39.72089 ], [ -80.51934, 39.7214 ] ] ] } },
{ "type": "Feature", "properties": { "county_fips": "42061", "name": "Huntingdon" }, "geometry": { "type": "Polygon", "coordinates": [ [ [ -78.2567, 40.29873 ], [ -78.23569, 40.33385 ], [ -78.21422, 40.35628 ], [ -78.18628, 40.39988 ], [ -78.15688, 40.43638 ], [ -78.1295, 40.48572 ], [ -78.13391, 40.49832 ], [ -78.1489, 40.48763 ], [ -78.1519, 40.4872 ], [ -78.1539, 40.49216 ], [ -78.14733, 40.53325 ], [ -78.12864, 40.56795 ], [ -78.13616, 40.56917 ], [ -78.14514, 40.54908 ], [ -78.14988, 40.54604 ], [ -78.14996, 40.54137 ], [ -78.16172, 40.53723 ], [ -78.16668, 40.53153 ], [ -78.17682, 40.53447 ], [ -78.19708, 40.55844 ], [ -78.17828, 40.58379 ], [ -78.17929, 40.59273 ], [ -78.18421, 40.5953 ], [ -78.16641, 40.61814 ], [ -78.17305, 40.62803 ], [ -78.17872, 40.62691 ], [ -78.18917, 40.63279 ], [ -78.1903, 40.63717 ], [ -78.19681, 40.63867 ], [ -78.19824, 40.64773 ], [ -78.22197, 40.67454 ], [ -78.20487, 40.69587 ], [ -78.19987, 40.69897 ], [ -78.19524, 40.69729 ], [ -78.17004, 40.7126 ], [ -78.15659, 40.71297 ], [ -78.15587, 40.71775 ], [ -78.13908, 40.72427 ], [ -78.11586, 40.73928 ], [ -77.94425, 40.69156 ], [ -77.89428, 40.7162 ], [ -77.8249, 40.74353 ], [ -77.76855, 40.71947 ], [ -77.71868, 40.72737 ], [ -77.71055, 40.71456 ], [ -77.68133, 40.72976 ], [ -77.67661, 40.71645 ], [ -77.70117, 40.70498 ], [ -77.70047, 40.69485 ], [ -77.70836, 40.69049 ], [ -77.70379, 40.67994 ], [ -77.68535, 40.6849 ], [ -77.68228, 40.68512 ], [ -77.68271, 40.68272 ], [ -77.68708, 40.67675 ], [ -77.72074, 40.65797 ], [ -77.72043, 40.65458 ], [ -77.75162, 40.6323 ], [ -77.77248, 40.62593 ], [ -77.821, 40.57964 ], [ -77.84183, 40.55004 ], [ -77.81598, 40.49979 ], [ -77.83587, 40.48423 ], [ -77.89683, 40.41739 ], [ -77.90805, 40.41402 ], [ -77.91218, 40.40875 ], [ -77.91384, 40.39868 ], [ -77.88907, 40.39856 ], [ -77.88772, 40.39136 ], [ -77.87029, 40.39226 ], [ -77.87209, 40.38038 ], [ -77.85445, 40.36474 ], [ -77.83834, 40.36903 ], [ -77.81864, 40.36054 ], [ -77.81039, 40.36859 ], [ -77.76172, 40.36873 ], [ -77.75212, 40.37855 ], [ -77.70296, 40.26387 ], [ -77.7242, 40.25012 ], [ -77.76833, 40.20413 ], [ -77.79639, 40.16681 ], [ -77.86141, 40.06295 ], [ -77.86449, 40.06157 ], [ -77.92556, 40.10398 ], [ -77.92591, 40.10191 ], [ -78.07835, 40.13324 ], [ -78.23619, 40.22451 ], [ -78.2567, 40.29873 ] ] ] } },
{ "type": "Feature", "properties": { "county_fips": "42063", "name": "Indiana" }, "geometry": { "type": "Polygon", "coordinates": [ [ [ -79.45927, 40.51982 ], [ -79.21524, 40.77602 ], [ -79.21531, 40.91135 ], [ -78.80517, 40.90598 ], [ -78.80627, 40.72974 ], [ -78.80329, 40.72882 ], [ -78.79923, 40.7171 ], [ -78.80892, 40.72095 ], [ -78.85062, 40.62646 ], [ -78.89666, 40.53296 ], [ -78.92251, 40.48249 ], [ -78.97381, 40.39542 ], [ -78.9879, 40.41147 ], [ -79.01236, 40.41958 ], [ -79.02931, 40.41925 ], [ -79.03261, 40.4175 ], [ -79.03426, 40.40975 ], [ -79.02842, 40.40467 ], [ -79.04244, 40.39138 ], [ -79.05188, 40.38929 ], [ -79.06027, 40.37964 ], [ -79.06988, 40.38041 ], [ -79.08297, 40.38958 ], [ -79.08831, 40.38655 ], [ -79.09959, 40.36894 ], [ -79.10931, 40.37332 ], [ -79.12163, 40.37058 ], [ -79.12712, 40.37507 ], [ -79.12868, 40.38506 ], [ -79.1225, 40.38935 ], [ -79.11491, 40.38988 ], [ -79.11599, 40.39352 ], [ -79.1527, 40.39923 ], [ -79.15205, 40.40877 ], [ -79.15579, 40.41177 ], [ -79.17371, 40.41062 ], [ -79.1912, 40.41522 ], [ -79.2002, 40.41079 ], [ -79.21478, 40.42446 ], [ -79.24619, 40.43213 ], [ -79.25411, 40.42229 ], [ -79.26328, 40.41676 ], [ -79.27286, 40.41841 ], [ -79.27398, 40.42171 ], [ -79.26935, 40.42852 ], [ -79.2726, 40.43908 ], [ -79.28285, 40.44277 ], [ -79.28941, 40.43667 ], [ -79.30128, 40.43521 ], [ -79.30178, 40.45078 ], [ -79.29763, 40.4558 ], [ -79.30035, 40.46097 ], [ -79.3161, 40.45925 ], [ -79.32863, 40.45255 ], [ -79.33327, 40.46406 ], [ -79.34209, 40.47012 ], [ -79.34541, 40.46721 ], [ -79.34718, 40.45273 ], [ -79.3579, 40.45234 ], [ -79.36231, 40.46316 ], [ -79.35732, 40.47521 ], [ -79.36206, 40.47868 ], [ -79.36707, 40.47509 ], [ -79.36633, 40.46597 ], [ -79.37117, 40.45507 ], [ -79.38175, 40.4527 ], [ -79.3945, 40.45598 ], [ -79.40663, 40.4743 ], [ -79.42132, 40.4706 ], [ -79.43063, 40.48905 ], [ -79.44669, 40.48087 ], [ -79.45377, 40.48425 ], [ -79.45394, 40.50553 ], [ -79.45927, 40.51982 ] ] ] } },
{ "type": "Feature", "properties": { "county_fips": "42065", "name": "Jefferson" }, "geometry": { "type": "Polygon", "coordinates": [ [ [ -79.21531, 40.91135 ], [ -79.21255, 40.96089 ], [ -79.2102, 41.04909 ], [ -79.21521, 41.05051 ], [ -79.21449, 41.07878 ], [ -79.21132, 41.07874 ], [ -79.20888, 41.33186 ], [ -79.1925, 41.32419 ], [ -79.18618, 41.32852 ], [ -79.187, 41.33731 ], [ -79.17964, 41.33917 ], [ -79.17514, 41.33597 ], [ -79.17557, 41.32696 ], [ -79.17172, 41.32591 ], [ -79.16691, 41.33048 ], [ -79.16917, 41.33965 ], [ -79.16641, 41.34387 ], [ -79.16061, 41.34183 ], [ -79.1631, 41.3334 ], [ -79.15712, 41.32863 ], [ -79.14823, 41.33166 ], [ -79.13852, 41.34157 ], [ -79.1119, 41.32502 ], [ -79.10589, 41.3267 ], [ -79.10498, 41.34153 ], [ -79.09161, 41.34095 ], [ -79.07845, 41.35381 ], [ -79.06302, 41.35015 ], [ -79.02814, 41.35743 ], [ -79.01781, 41.35004 ], [ -79.01299, 41.35822 ], [ -79.00227, 41.35965 ], [ -78.99269, 41.36862 ], [ -78.98155, 41.36775 ], [ -78.9719, 41.37656 ], [ -78.96422, 41.36982 ], [ -78.95946, 41.37149 ], [ -78.95926, 41.36216 ], [ -78.73528, 41.26291 ], [ -78.73904, 41.25392 ], [ -78.73821, 41.23067 ], [ -78.71006, 41.23024 ], [ -78.71025, 41.20186 ], [ -78.76638, 41.20276 ], [ -78.8045, 41.13225 ], [ -78.80517, 40.90598 ], [ -79.21531, 40.91135 ] ] ] } },
{ "type": "Feature", "properties": { "county_fips": "42067", "name": "Juniata" }, "geometry": { "type": "Polygon", "coordinates": [ [ [ -77.75212, 40.37855 ], [ -77.71075, 40.41759 ], [ -77.63417, 40.47735 ], [ -77.61246, 40.49092 ], [ -77.61251, 40.51419 ], [ -77.49751, 40.58174 ], [ -77.49776, 40.60948 ], [ -77.40744, 40.6522 ], [ -77.32305, 40.68308 ], [ -77.28794, 40.6936 ], [ -77.15052, 40.67707 ], [ -77.14909, 40.68054 ], [ -77.1096, 40.69158 ], [ -77.10019, 40.68792 ], [ -77.09389, 40.67619 ], [ -77.06045, 40.67985 ], [ -77.05674, 40.67596 ], [ -77.04577, 40.67564 ], [ -77.03844, 40.67972 ], [ -77.03242, 40.66467 ], [ -77.03441, 40.65993 ], [ -77.0295, 40.65556 ], [ -77.02251, 40.66089 ], [ -77.01015, 40.66123 ], [ -77.00405, 40.64557 ], [ -77.00605, 40.64261 ], [ -76.99699, 40.63578 ], [ -76.98663, 40.64402 ], [ -76.97658, 40.64537 ], [ -76.9759, 40.64224 ], [ -76.96749, 40.64126 ], [ -76.96553, 40.64715 ], [ -76.96181, 40.64567 ], [ -76.94483, 40.65021 ], [ -76.94066, 40.64617 ], [ -76.93988, 40.63814 ], [ -76.94915, 40.62817 ], [ -77.0233, 40.60426 ], [ -77.1005, 40.59635 ], [ -77.10679, 40.59279 ], [ -77.18293, 40.58214 ], [ -77.16756, 40.55951 ], [ -77.19846, 40.55229 ], [ -77.28959, 40.51846 ], [ -77.47838, 40.43201 ], [ -77.54014, 40.39922 ], [ -77.53226, 40.37601 ], [ -77.56566, 40.36736 ], [ -77.59943, 40.34815 ], [ -77.63975, 40.31983 ], [ -77.68016, 40.28062 ], [ -77.70303, 40.26358 ], [ -77.75212, 40.37855 ] ] ] } },
{ "type": "Feature", "properties": { "county_fips": "42069", "name": "Lackawanna" }, "geometry": { "type": "Polygon", "coordinates": [ [ [ -75.83451, 41.42697 ], [ -75.77163, 41.50579 ], [ -75.80323, 41.52423 ], [ -75.76942, 41.5683 ], [ -75.77429, 41.57405 ], [ -75.72858, 41.63563 ], [ -75.71851, 41.63666 ], [ -75.71989, 41.64226 ], [ -75.46241, 41.64159 ], [ -75.44039, 41.25813 ], [ -75.45108, 41.25244 ], [ -75.45668, 41.25394 ], [ -75.46108, 41.24727 ], [ -75.46817, 41.24752 ], [ -75.47085, 41.24327 ], [ -75.47743, 41.24711 ], [ -75.48448, 41.24597 ], [ -75.48506, 41.24265 ], [ -75.49606, 41.24295 ], [ -75.50561, 41.23254 ], [ -75.50835, 41.23295 ], [ -75.51649, 41.21938 ], [ -75.52936, 41.22659 ], [ -75.54389, 41.2236 ], [ -75.55472, 41.20765 ], [ -75.56264, 41.20535 ], [ -75.56974, 41.19874 ], [ -75.57021, 41.19113 ], [ -75.57637, 41.18655 ], [ -75.57665, 41.17786 ], [ -75.58781, 41.17267 ], [ -75.59854, 41.17193 ], [ -75.59726, 41.1632 ], [ -75.61172, 41.16419 ], [ -75.61656, 41.17268 ], [ -75.63184, 41.16967 ], [ -75.64408, 41.17707 ], [ -75.64375, 41.18223 ], [ -75.64923, 41.18717 ], [ -75.65227, 41.25738 ], [ -75.6793, 41.2643 ], [ -75.67934, 41.28796 ], [ -75.68966, 41.28778 ], [ -75.69496, 41.31758 ], [ -75.68784, 41.31784 ], [ -75.68861, 41.33945 ], [ -75.74192, 41.34831 ], [ -75.76783, 41.36535 ], [ -75.79512, 41.37712 ], [ -75.79951, 41.38264 ], [ -75.8268, 41.3917 ], [ -75.83263, 41.39993 ], [ -75.83122, 41.41781 ], [ -75.83451, 41.42697 ] ] ] } },
{ "type": "Feature", "properties": { "county_fips": "42071", "name": "Lancaster" }, "geometry": { "type": "Polygon", "coordinates": [ [ [ -76.72162, 40.12007 ], [ -76.71591, 40.13148 ], [ -76.70641, 40.13527 ], [ -76.71009, 40.13708 ], [ -76.69616, 40.15012 ], [ -76.69766, 40.15634 ], [ -76.6908, 40.15625 ], [ -76.69049, 40.14836 ], [ -76.68315, 40.15179 ], [ -76.67721, 40.14889 ], [ -76.66637, 40.16302 ], [ -76.63841, 40.16674 ], [ -76.62626, 40.17826 ], [ -76.61595, 40.18061 ], [ -76.60652, 40.18999 ], [ -76.58641, 40.18948 ], [ -76.58071, 40.19469 ], [ -76.56702, 40.19555 ], [ -76.43543, 40.23822 ], [ -76.30774, 40.25504 ], [ -76.15121, 40.31597 ], [ -75.87337, 40.13711 ], [ -75.943, 40.10927 ], [ -75.93613, 40.07854 ], [ -75.93587, 40.03747 ], [ -75.99464, 39.95225 ], [ -75.98823, 39.93988 ], [ -75.98097, 39.93348 ], [ -75.98159, 39.92954 ], [ -75.98514, 39.93208 ], [ -75.9926, 39.92657 ], [ -75.99723, 39.9286 ], [ -75.99513, 39.89892 ], [ -75.98682, 39.89219 ], [ -75.99235, 39.88216 ], [ -75.98747, 39.87248 ], [ -75.99128, 39.86874 ], [ -76.00171, 39.8747 ], [ -76.00758, 39.85235 ], [ -76.01883, 39.85408 ], [ -76.02282, 39.84984 ], [ -76.01647, 39.83148 ], [ -76.02283, 39.8308 ], [ -76.02703, 39.82415 ], [ -76.03764, 39.82692 ], [ -76.02959, 39.813 ], [ -76.03522, 39.81184 ], [ -76.03916, 39.80116 ], [ -76.04975, 39.80243 ], [ -76.04126, 39.79695 ], [ -76.04968, 39.78378 ], [ -76.0584, 39.77986 ], [ -76.06456, 39.77119 ], [ -76.0626, 39.7645 ], [ -76.06669, 39.75997 ], [ -76.08185, 39.76135 ], [ -76.08579, 39.75589 ], [ -76.0826, 39.75305 ], [ -76.08433, 39.74834 ], [ -76.08803, 39.74493 ], [ -76.09299, 39.74283 ], [ -76.10034, 39.74572 ], [ -76.10205, 39.73988 ], [ -76.09259, 39.73419 ], [ -76.09676, 39.72909 ], [ -76.1052, 39.72398 ], [ -76.11118, 39.72852 ], [ -76.10856, 39.73484 ], [ -76.11992, 39.73636 ], [ -76.11926, 39.72344 ], [ -76.12762, 39.72756 ], [ -76.13437, 39.72706 ], [ -76.13558, 39.72156 ], [ -76.2398, 39.7213 ], [ -76.24225, 39.73287 ], [ -76.26748, 39.75936 ], [ -76.27832, 39.77849 ], [ -76.29018, 39.78501 ], [ -76.3157, 39.81004 ], [ -76.33826, 39.82206 ], [ -76.35054, 39.83776 ], [ -76.35211, 39.84903 ], [ -76.37766, 39.86666 ], [ -76.38171, 39.87906 ], [ -76.37977, 39.88791 ], [ -76.38378, 39.89362 ], [ -76.38552, 39.9057 ], [ -76.39045, 39.91175 ], [ -76.44897, 39.93434 ], [ -76.47769, 39.94983 ], [ -76.49535, 39.97613 ], [ -76.50061, 40.00062 ], [ -76.52965, 40.03095 ], [ -76.53387, 40.05082 ], [ -76.57122, 40.04567 ], [ -76.66383, 40.06323 ], [ -76.6755, 40.0736 ], [ -76.69316, 40.09876 ], [ -76.72162, 40.12007 ] ] ] } },
{ "type": "Feature", "properties": { "county_fips": "42073", "name": "Lawrence" }, "geometry": { "type": "Polygon", "coordinates": [ [ [ -80.51902, 40.85134 ], [ -80.51901, 41.12509 ], [ -80.25793, 41.12811 ], [ -80.25795, 41.11734 ], [ -80.1473, 41.11392 ], [ -80.09829, 41.07105 ], [ -80.16647, 41.00093 ], [ -80.15853, 40.8551 ], [ -80.51902, 40.85134 ] ] ] } },
{ "type": "Feature", "properties": { "county_fips": "42075", "name": "Lebanon" }, "geometry": { "type": "Polygon", "coordinates": [ [ [ -76.67804, 40.47472 ], [ -76.53541, 40.55516 ], [ -76.23192, 40.36629 ], [ -76.20553, 40.36066 ], [ -76.15121, 40.31597 ], [ -76.30774, 40.25504 ], [ -76.43543, 40.23822 ], [ -76.56942, 40.19555 ], [ -76.67804, 40.47472 ] ] ] } },
{ "type": "Feature", "properties": { "county_fips": "42077", "name": "Lehigh" }, "geometry": { "type": "Polygon", "coordinates": [ [ [ -75.89147, 40.67727 ], [ -75.85481, 40.69319 ], [ -75.84466, 40.693 ], [ -75.80828, 40.7073 ], [ -75.79652, 40.71703 ], [ -75.77968, 40.72502 ], [ -75.77769, 40.72953 ], [ -75.76595, 40.73093 ], [ -75.74486, 40.74031 ], [ -75.7286, 40.75391 ], [ -75.70242, 40.76224 ], [ -75.69462, 40.77019 ], [ -75.60907, 40.78752 ], [ -75.60546, 40.78078 ], [ -75.60666, 40.77132 ], [ -75.60287, 40.76596 ], [ -75.60169, 40.74955 ], [ -75.59256, 40.73613 ], [ -75.57402, 40.73471 ], [ -75.5678, 40.72593 ], [ -75.55817, 40.72089 ], [ -75.54432, 40.72505 ], [ -75.54031, 40.73606 ], [ -75.53015, 40.73634 ], [ -75.52624, 40.7327 ], [ -75.52218, 40.71288 ], [ -75.51191, 40.697 ], [ -75.50305, 40.68971 ], [ -75.49798, 40.67916 ], [ -75.48503, 40.6715 ], [ -75.48147, 40.65574 ], [ -75.4304, 40.67415 ], [ -75.43012, 40.66843 ], [ -75.39979, 40.64011 ], [ -75.38746, 40.63312 ], [ -75.38887, 40.62921 ], [ -75.38334, 40.62425 ], [ -75.38304, 40.61735 ], [ -75.37812, 40.61536 ], [ -75.38856, 40.61442 ], [ -75.39127, 40.59655 ], [ -75.40441, 40.58115 ], [ -75.33351, 40.53706 ], [ -75.40973, 40.48798 ], [ -75.48386, 40.41863 ], [ -75.84082, 40.64401 ], [ -75.89147, 40.67727 ] ] ] } },
{ "type": "Feature", "properties": { "county_fips": "42079", "name": "Luzerne" }, "geometry": { "type": "Polygon", "coordinates": [ [ [ -76.31924, 41.20809 ], [ -76.31085, 41.30895 ], [ -76.2828, 41.37724 ], [ -76.00507, 41.38455 ], [ -75.83451, 41.42697 ], [ -75.83122, 41.41781 ], [ -75.83263, 41.39993 ], [ -75.8268, 41.3917 ], [ -75.79951, 41.38264 ], [ -75.79512, 41.37712 ], [ -75.76783, 41.36535 ], [ -75.74192, 41.34831 ], [ -75.68861, 41.33945 ], [ -75.68784, 41.31784 ], [ -75.69496, 41.31758 ], [ -75.69412, 41.30411 ], [ -75.69082, 41.30434 ], [ -75.68966, 41.28778 ], [ -75.67934, 41.28796 ], [ -75.6793, 41.2643 ], [ -75.65227, 41.25738 ], [ -75.64923, 41.18717 ], [ -75.64375, 41.18223 ], [ -75.64408, 41.17707 ], [ -75.6395, 41.17621 ], [ -75.63665, 41.17136 ], [ -75.62405, 41.16975 ], [ -75.61656, 41.17268 ], [ -75.61172, 41.16419 ], [ -75.60084, 41.15999 ], [ -75.6045, 41.15611 ], [ -75.6033, 41.15187 ], [ -75.61558, 41.15071 ], [ -75.61417, 41.14517 ], [ -75.62838, 41.13685 ], [ -75.62599, 41.13039 ], [ -75.63283, 41.12794 ], [ -75.63416, 41.12325 ], [ -75.64026, 41.12682 ], [ -75.64904, 41.12508 ], [ -75.65604, 41.11596 ], [ -75.6584, 41.12626 ], [ -75.6675, 41.13398 ], [ -75.68488, 41.12996 ], [ -75.69191, 41.13121 ], [ -75.70059, 41.12732 ], [ -75.70281, 41.12262 ], [ -75.70967, 41.12199 ], [ -75.708, 41.1161 ], [ -75.71675, 41.11813 ], [ -75.7326, 41.10327 ], [ -75.75356, 41.10336 ], [ -75.75535, 41.09425 ], [ -75.76005, 41.09179 ], [ -75.76677, 41.0936 ], [ -75.76567, 41.08439 ], [ -75.77199, 41.07681 ], [ -75.77027, 41.05009 ], [ -75.76121, 41.04096 ], [ -75.75773, 41.03162 ], [ -75.74025, 41.0299 ], [ -75.73847, 41.01682 ], [ -75.73218, 41.00812 ], [ -75.8012, 40.98342 ], [ -75.81924, 40.98258 ], [ -75.84854, 40.97219 ], [ -75.84802, 40.96636 ], [ -76.02801, 40.90231 ], [ -76.20783, 40.94974 ], [ -76.23122, 41.05026 ], [ -76.22814, 41.05195 ], [ -76.22898, 41.13847 ], [ -76.27739, 41.13179 ], [ -76.31924, 41.20809 ] ] ] } },
{ "type": "Feature", "properties": { "county_fips": "42081", "name": "Lycoming" }, "geometry": { "type": "Polygon", "coordinates": [ [ [ -77.59928, 41.54227 ], [ -77.29478, 41.5441 ], [ -76.9641, 41.55126 ], [ -76.96048, 41.55152 ], [ -76.96257, 41.55683 ], [ -76.94746, 41.56799 ], [ -76.92657, 41.57109 ], [ -76.92217, 41.58104 ], [ -76.88705, 41.58686 ], [ -76.87833, 41.59055 ], [ -76.87471, 41.59692 ], [ -76.81373, 41.59003 ], [ -76.7495, 41.40557 ], [ -76.59253, 41.30433 ], [ -76.54782, 41.29572 ], [ -76.54849, 41.29313 ], [ -76.4476, 41.27563 ], [ -76.59252, 41.15783 ], [ -76.67878, 41.15417 ], [ -76.73, 41.17188 ], [ -76.79081, 41.17573 ], [ -76.82817, 41.16578 ], [ -76.85692, 41.16364 ], [ -76.88425, 41.1571 ], [ -76.89611, 41.13907 ], [ -76.96023, 41.1488 ], [ -76.97794, 41.08788 ], [ -77.06824, 41.08523 ], [ -77.11384, 41.06903 ], [ -77.16428, 41.06871 ], [ -77.26223, 41.16241 ], [ -77.27559, 41.1791 ], [ -77.29226, 41.1853 ], [ -77.29138, 41.19628 ], [ -77.32089, 41.21893 ], [ -77.35136, 41.22018 ], [ -77.34851, 41.22325 ], [ -77.35002, 41.22898 ], [ -77.36273, 41.23358 ], [ -77.37009, 41.23268 ], [ -77.39904, 41.25305 ], [ -77.41067, 41.26622 ], [ -77.42494, 41.2731 ], [ -77.4294, 41.28214 ], [ -77.44473, 41.28744 ], [ -77.45512, 41.30342 ], [ -77.47145, 41.31349 ], [ -77.47701, 41.339 ], [ -77.49993, 41.35395 ], [ -77.52654, 41.35853 ], [ -77.53765, 41.36501 ], [ -77.54223, 41.3822 ], [ -77.55045, 41.39583 ], [ -77.56444, 41.41268 ], [ -77.57521, 41.4205 ], [ -77.58467, 41.4413 ], [ -77.59728, 41.44106 ], [ -77.59928, 41.54227 ] ] ] } },
{ "type": "Feature", "properties": { "county_fips": "42083", "name": "McKean" }, "geometry": { "type": "Polygon", "coordinates": [ [ [ -78.95614, 41.62333 ], [ -78.94861, 41.83048 ], [ -78.92141, 41.83092 ], [ -78.92154, 41.84088 ], [ -78.91564, 41.8409 ], [ -78.9155, 41.95295 ], [ -78.91848, 41.95294 ], [ -78.9189, 41.99813 ], [ -78.20638, 41.99962 ], [ -78.20364, 41.6176 ], [ -78.42085, 41.61728 ], [ -78.4205, 41.60187 ], [ -78.48291, 41.60233 ], [ -78.48382, 41.63148 ], [ -78.67602, 41.62497 ], [ -78.95614, 41.62333 ] ] ] } },
{ "type": "Feature", "properties": { "county_fips": "42085", "name": "Mercer" }, "geometry": { "type": "Polygon", "coordinates": [ [ [ -80.51901, 41.12509 ], [ -80.51921, 41.48911 ], [ -80.445, 41.48712 ], [ -80.4449, 41.49227 ], [ -80.43209, 41.49209 ], [ -80.43115, 41.48696 ], [ -80.12537, 41.4804 ], [ -80.1256, 41.48628 ], [ -79.99978, 41.49005 ], [ -79.99978, 41.17186 ], [ -80.09686, 41.0698 ], [ -80.1473, 41.11392 ], [ -80.25795, 41.11734 ], [ -80.25793, 41.12811 ], [ -80.51901, 41.12509 ] ] ] } },
{ "type": "Feature", "properties": { "county_fips": "42087", "name": "Mifflin" }, "geometry": { "type": "Polygon", "coordinates": [ [ [ -77.91393, 40.40011 ], [ -77.90805, 40.41402 ], [ -77.89683, 40.41739 ], [ -77.83587, 40.48423 ], [ -77.81598, 40.49979 ], [ -77.84183, 40.55004 ], [ -77.83011, 40.5669 ], [ -77.79913, 40.60228 ], [ -77.77248, 40.62593 ], [ -77.75162, 40.6323 ], [ -77.72043, 40.65458 ], [ -77.72074, 40.65797 ], [ -77.68708, 40.67675 ], [ -77.68228, 40.68512 ], [ -77.70379, 40.67994 ], [ -77.70836, 40.69049 ], [ -77.70047, 40.69485 ], [ -77.70117, 40.70498 ], [ -77.67661, 40.71645 ], [ -77.68133, 40.72976 ], [ -77.65257, 40.74492 ], [ -77.59336, 40.76125 ], [ -77.4296, 40.82754 ], [ -77.37471, 40.8453 ], [ -77.36418, 40.84694 ], [ -77.35711, 40.84448 ], [ -77.3541, 40.70167 ], [ -77.28794, 40.6936 ], [ -77.38406, 40.66163 ], [ -77.49368, 40.6123 ], [ -77.49776, 40.60948 ], [ -77.49751, 40.58174 ], [ -77.61251, 40.51419 ], [ -77.61246, 40.49092 ], [ -77.63417, 40.47735 ], [ -77.72064, 40.40962 ], [ -77.76172, 40.36873 ], [ -77.81039, 40.36859 ], [ -77.81864, 40.36054 ], [ -77.83834, 40.36903 ], [ -77.85445, 40.36474 ], [ -77.87209, 40.38038 ], [ -77.87029, 40.39226 ], [ -77.88772, 40.39136 ], [ -77.88907, 40.39856 ], [ -77.91393, 40.40011 ] ] ] } },
{ "type": "Feature", "properties": { "county_fips": "42089", "name": "Monroe" }, "geometry": { "type": "Polygon", "coordinates": [ [ [ -75.64904, 41.12508 ], [ -75.64026, 41.12682 ], [ -75.63503, 41.12311 ], [ -75.63283, 41.12794 ], [ -75.62807, 41.12829 ], [ -75.62545, 41.13186 ], [ -75.62838, 41.13685 ], [ -75.61417, 41.14517 ], [ -75.61558, 41.15071 ], [ -75.6033, 41.15187 ], [ -75.6045, 41.15611 ], [ -75.59633, 41.16582 ], [ -75.59854, 41.17193 ], [ -75.58781, 41.17267 ], [ -75.57665, 41.17786 ], [ -75.57637, 41.18655 ], [ -75.57021, 41.19113 ], [ -75.56974, 41.19874 ], [ -75.56264, 41.20535 ], [ -75.55472, 41.20765 ], [ -75.55402, 41.21168 ], [ -75.53985, 41.22546 ], [ -75.52936, 41.22659 ], [ -75.51649, 41.21938 ], [ -75.50835, 41.23295 ], [ -75.12972, 41.2521 ], [ -75.15651, 41.15034 ], [ -75.07715, 41.14115 ], [ -75.03922, 41.0888 ], [ -75.03387, 41.08756 ], [ -75.02796, 41.07987 ], [ -75.02045, 41.08479 ], [ -75.01301, 41.08363 ], [ -75.01178, 41.08801 ], [ -75.00296, 41.09176 ], [ -74.99714, 41.08986 ], [ -74.99365, 41.09387 ], [ -74.98826, 41.08822 ], [ -74.97204, 41.09556 ], [ -74.96676, 41.09343 ], [ -74.97099, 41.08529 ], [ -75.0131, 41.06649 ], [ -75.01707, 41.05677 ], [ -75.0264, 41.04644 ], [ -75.0271, 41.03953 ], [ -75.075, 41.01713 ], [ -75.08422, 41.01601 ], [ -75.1272, 40.99395 ], [ -75.13162, 40.9889 ], [ -75.13553, 40.97381 ], [ -75.13136, 40.96928 ], [ -75.12023, 40.9687 ], [ -75.12923, 40.95893 ], [ -75.15293, 40.94931 ], [ -75.17684, 40.94552 ], [ -75.17807, 40.94032 ], [ -75.21819, 40.92788 ], [ -75.22182, 40.91958 ], [ -75.24113, 40.90944 ], [ -75.2325, 40.89976 ], [ -75.26722, 40.88247 ], [ -75.27353, 40.87315 ], [ -75.28404, 40.86604 ], [ -75.32093, 40.85566 ], [ -75.33979, 40.84594 ], [ -75.38327, 40.83104 ], [ -75.47419, 40.81475 ], [ -75.49358, 40.84644 ], [ -75.57459, 40.95132 ], [ -75.49599, 40.98718 ], [ -75.5614, 41.04899 ], [ -75.56977, 41.05 ], [ -75.56889, 41.05661 ], [ -75.57648, 41.06757 ], [ -75.58207, 41.06882 ], [ -75.58297, 41.07263 ], [ -75.59403, 41.08075 ], [ -75.60535, 41.08471 ], [ -75.60411, 41.09338 ], [ -75.61269, 41.09424 ], [ -75.62004, 41.10897 ], [ -75.62482, 41.1114 ], [ -75.62824, 41.1069 ], [ -75.63759, 41.1134 ], [ -75.64642, 41.11327 ], [ -75.64904, 41.12508 ] ] ] } },
{ "type": "Feature", "properties": { "county_fips": "42091", "name": "Montgomery" }, "geometry": { "type": "Polygon", "coordinates": [ [ [ -75.69595, 40.24236 ], [ -75.52981, 40.44709 ], [ -75.01507, 40.13799 ], [ -75.05834, 40.10589 ], [ -75.08691, 40.07865 ], [ -75.09673, 40.06899 ], [ -75.08742, 40.0636 ], [ -75.10941, 40.04584 ], [ -75.17644, 40.08465 ], [ -75.18846, 40.07275 ], [ -75.22361, 40.09291 ], [ -75.26443, 40.05409 ], [ -75.2456, 40.03766 ], [ -75.20598, 40.01172 ], [ -75.27648, 39.97696 ], [ -75.31143, 40.01981 ], [ -75.3207, 40.01622 ], [ -75.36669, 40.07236 ], [ -75.39263, 40.06097 ], [ -75.42012, 40.0972 ], [ -75.43786, 40.08957 ], [ -75.44072, 40.09432 ], [ -75.45619, 40.08778 ], [ -75.45662, 40.09385 ], [ -75.46293, 40.09725 ], [ -75.46173, 40.10303 ], [ -75.4716, 40.11185 ], [ -75.46941, 40.11666 ], [ -75.46167, 40.12082 ], [ -75.46209, 40.12527 ], [ -75.47245, 40.1293 ], [ -75.49258, 40.12614 ], [ -75.50562, 40.13263 ], [ -75.51084, 40.14053 ], [ -75.50097, 40.15448 ], [ -75.5038, 40.15973 ], [ -75.51321, 40.1583 ], [ -75.52107, 40.14708 ], [ -75.52684, 40.14955 ], [ -75.52916, 40.16868 ], [ -75.54099, 40.17595 ], [ -75.55775, 40.20798 ], [ -75.56428, 40.2091 ], [ -75.56288, 40.19736 ], [ -75.56701, 40.19428 ], [ -75.57334, 40.1953 ], [ -75.58776, 40.21445 ], [ -75.59703, 40.23684 ], [ -75.60692, 40.23613 ], [ -75.60317, 40.22701 ], [ -75.61237, 40.223 ], [ -75.61958, 40.23008 ], [ -75.65089, 40.24202 ], [ -75.67075, 40.24469 ], [ -75.68853, 40.23619 ], [ -75.69595, 40.24236 ] ] ] } },
{ "type": "Feature", "properties": { "county_fips": "42093", "name": "Montour" }, "geometry": { "type": "Polygon", "coordinates": [ [ [ -76.79324, 40.95014 ], [ -76.78926, 40.95206 ], [ -76.7905, 40.95671 ], [ -76.78545, 40.95891 ], [ -76.78654, 40.96516 ], [ -76.77371, 41.00255 ], [ -76.77469, 41.01231 ], [ -76.76196, 41.02593 ], [ -76.7645, 41.02961 ], [ -76.7565, 41.0505 ], [ -76.73506, 41.09106 ], [ -76.73351, 41.12769 ], [ -76.7358, 41.13783 ], [ -76.73088, 41.15361 ], [ -76.73267, 41.17204 ], [ -76.67878, 41.15417 ], [ -76.64077, 41.15572 ], [ -76.62046, 41.08484 ], [ -76.61535, 41.07936 ], [ -76.61897, 41.06376 ], [ -76.56991, 41.05376 ], [ -76.56226, 41.03421 ], [ -76.56525, 40.99986 ], [ -76.52182, 40.96706 ], [ -76.51503, 40.95905 ], [ -76.51579, 40.95 ], [ -76.51242, 40.9461 ], [ -76.52939, 40.94014 ], [ -76.52014, 40.92663 ], [ -76.52821, 40.91912 ], [ -76.52486, 40.91594 ], [ -76.52802, 40.88261 ], [ -76.55051, 40.88258 ], [ -76.55732, 40.88882 ], [ -76.56811, 40.91545 ], [ -76.55857, 40.9305 ], [ -76.55698, 40.93861 ], [ -76.60144, 40.94219 ], [ -76.63204, 40.96368 ], [ -76.64533, 40.96442 ], [ -76.65245, 40.96164 ], [ -76.66135, 40.968 ], [ -76.76738, 40.94978 ], [ -76.79288, 40.94658 ], [ -76.79324, 40.95014 ] ] ] } },
{ "type": "Feature", "properties": { "county_fips": "42095", "name": "Northampton" }, "geometry": { "type": "Polygon", "coordinates": [ [ [ -75.60805, 40.78748 ], [ -75.57749, 40.79941 ], [ -75.55753, 40.80119 ], [ -75.54155, 40.80682 ], [ -75.44327, 40.81828 ], [ -75.41676, 40.8261 ], [ -75.38327, 40.83104 ], [ -75.33979, 40.84594 ], [ -75.32093, 40.85566 ], [ -75.30059, 40.85956 ], [ -75.28404, 40.86604 ], [ -75.27353, 40.87315 ], [ -75.26722, 40.88247 ], [ -75.2325, 40.89976 ], [ -75.24113, 40.90944 ], [ -75.22182, 40.91958 ], [ -75.21819, 40.92788 ], [ -75.17807, 40.94032 ], [ -75.17684, 40.94552 ], [ -75.16946, 40.94801 ], [ -75.14513, 40.95158 ], [ -75.12923, 40.95893 ], [ -75.12023, 40.9687 ], [ -75.11776, 40.95302 ], [ -75.09553, 40.92415 ], [ -75.07928, 40.91389 ], [ -75.07534, 40.89416 ], [ -75.05084, 40.86807 ], [ -75.05157, 40.86404 ], [ -75.06392, 40.85542 ], [ -75.06601, 40.84759 ], [ -75.07668, 40.84987 ], [ -75.09578, 40.84708 ], [ -75.09701, 40.83934 ], [ -75.08552, 40.83008 ], [ -75.08393, 40.82447 ], [ -75.10028, 40.80758 ], [ -75.1008, 40.7998 ], [ -75.1085, 40.79109 ], [ -75.12309, 40.78675 ], [ -75.1344, 40.77376 ], [ -75.17159, 40.77775 ], [ -75.17904, 40.7619 ], [ -75.19653, 40.75163 ], [ -75.19535, 40.74547 ], [ -75.18208, 40.73152 ], [ -75.18637, 40.72027 ], [ -75.19442, 40.71402 ], [ -75.20392, 40.6915 ], [ -75.19692, 40.6813 ], [ -75.18056, 40.67936 ], [ -75.1768, 40.67571 ], [ -75.18276, 40.66597 ], [ -75.19085, 40.66194 ], [ -75.20045, 40.64922 ], [ -75.19069, 40.63589 ], [ -75.18858, 40.62463 ], [ -75.19069, 40.61996 ], [ -75.20181, 40.61719 ], [ -75.1968, 40.60858 ], [ -75.25815, 40.58201 ], [ -75.33305, 40.53677 ], [ -75.40441, 40.58115 ], [ -75.39127, 40.59655 ], [ -75.38856, 40.61442 ], [ -75.37812, 40.61536 ], [ -75.38304, 40.61735 ], [ -75.38334, 40.62425 ], [ -75.38887, 40.62921 ], [ -75.38746, 40.63312 ], [ -75.39979, 40.64011 ], [ -75.43012, 40.66843 ], [ -75.4304, 40.67415 ], [ -75.48147, 40.65574 ], [ -75.48503, 40.6715 ], [ -75.49798, 40.67916 ], [ -75.50305, 40.68971 ], [ -75.51191, 40.697 ], [ -75.52218, 40.71288 ], [ -75.52624, 40.7327 ], [ -75.53015, 40.73634 ], [ -75.54031, 40.73606 ], [ -75.54432, 40.72505 ], [ -75.55817, 40.72089 ], [ -75.5678, 40.72593 ], [ -75.57402, 40.73471 ], [ -75.59256, 40.73613 ], [ -75.60169, 40.74955 ], [ -75.60805, 40.78748 ] ] ] } },
{ "type": "Feature", "properties": { "county_fips": "42097", "name": "Northumberland" }, "geometry": { "type": "Polygon", "coordinates": [ [ [ -76.9486, 40.62846 ], [ -76.92763, 40.64571 ], [ -76.91201, 40.66764 ], [ -76.87985, 40.68719 ], [ -76.8634, 40.70765 ], [ -76.85536, 40.72856 ], [ -76.85865, 40.78178 ], [ -76.84933, 40.80967 ], [ -76.81302, 40.84706 ], [ -76.79872, 40.87832 ], [ -76.80351, 40.88463 ], [ -76.82459, 40.89072 ], [ -76.85411, 40.91543 ], [ -76.87542, 40.94952 ], [ -76.88217, 40.96868 ], [ -76.86858, 40.99492 ], [ -76.86129, 41.03806 ], [ -76.85642, 41.04741 ], [ -76.85876, 41.07371 ], [ -76.88438, 41.09375 ], [ -76.89588, 41.11998 ], [ -76.89752, 41.13596 ], [ -76.88934, 41.15199 ], [ -76.88096, 41.15804 ], [ -76.85692, 41.16364 ], [ -76.82817, 41.16578 ], [ -76.79081, 41.17573 ], [ -76.73267, 41.17204 ], [ -76.73088, 41.15361 ], [ -76.7358, 41.13783 ], [ -76.73351, 41.12769 ], [ -76.73506, 41.09106 ], [ -76.7565, 41.0505 ], [ -76.7645, 41.02961 ], [ -76.76196, 41.02593 ], [ -76.77469, 41.01231 ], [ -76.77371, 41.00255 ], [ -76.78654, 40.96516 ], [ -76.78545, 40.95891 ], [ -76.79151, 40.95555 ], [ -76.78926, 40.95206 ], [ -76.79324, 40.95014 ], [ -76.79288, 40.94658 ], [ -76.66135, 40.968 ], [ -76.65245, 40.96164 ], [ -76.64533, 40.96442 ], [ -76.63204, 40.96368 ], [ -76.60144, 40.94219 ], [ -76.55698, 40.93861 ], [ -76.55857, 40.9305 ], [ -76.56811, 40.91545 ], [ -76.55732, 40.88882 ], [ -76.55051, 40.88258 ], [ -76.50415, 40.8809 ], [ -76.50974, 40.8705 ], [ -76.50775, 40.86405 ], [ -76.50248, 40.86177 ], [ -76.49801, 40.85408 ], [ -76.49928, 40.85029 ], [ -76.50809, 40.84664 ], [ -76.5016, 40.82476 ], [ -76.41149, 40.83349 ], [ -76.38033, 40.77544 ], [ -76.5724, 40.70539 ], [ -76.69474, 40.66286 ], [ -76.70055, 40.66311 ], [ -76.70236, 40.65574 ], [ -76.71357, 40.6596 ], [ -76.72203, 40.6534 ], [ -76.74589, 40.65446 ], [ -76.75623, 40.64809 ], [ -76.77828, 40.64599 ], [ -76.79039, 40.64078 ], [ -76.80338, 40.64722 ], [ -76.80907, 40.64342 ], [ -76.81114, 40.63382 ], [ -76.8274, 40.63395 ], [ -76.83316, 40.6276 ], [ -76.8401, 40.62544 ], [ -76.86425, 40.62759 ], [ -76.87272, 40.61631 ], [ -76.88641, 40.61776 ], [ -76.89146, 40.61433 ], [ -76.89004, 40.61033 ], [ -76.91986, 40.61013 ], [ -76.91867, 40.60347 ], [ -76.93696, 40.61284 ], [ -76.9486, 40.62846 ] ] ] } },
{ "type": "Feature", "properties": { "county_fips": "42099", "name": "Perry" }, "geometry": { "type": "Polygon", "coordinates": [ [ [ -77.67176, 40.28983 ], [ -77.63975, 40.31983 ], [ -77.59943, 40.34815 ], [ -77.56566, 40.36736 ], [ -77.53226, 40.37601 ], [ -77.54014, 40.39922 ], [ -77.51708, 40.41161 ], [ -77.47838, 40.43201 ], [ -77.28959, 40.51846 ], [ -77.19846, 40.55229 ], [ -77.16756, 40.55951 ], [ -77.18293, 40.58214 ], [ -77.10679, 40.59279 ], [ -77.1005, 40.59635 ], [ -77.0233, 40.60426 ], [ -76.94915, 40.62817 ], [ -76.95744, 40.59468 ], [ -76.96533, 40.58702 ], [ -76.98816, 40.57458 ], [ -76.99299, 40.56403 ], [ -76.98055, 40.53833 ], [ -76.98566, 40.525 ], [ -76.98439, 40.51456 ], [ -76.96909, 40.49756 ], [ -76.95305, 40.49057 ], [ -76.94947, 40.48453 ], [ -76.94959, 40.46863 ], [ -76.95662, 40.45867 ], [ -76.98213, 40.44602 ], [ -77.00324, 40.4268 ], [ -77.01627, 40.42517 ], [ -77.01189, 40.40538 ], [ -77.02583, 40.39459 ], [ -77.0292, 40.38688 ], [ -77.0208, 40.36623 ], [ -77.00819, 40.35845 ], [ -76.93359, 40.35605 ], [ -76.9267, 40.34196 ], [ -76.91497, 40.32848 ], [ -76.97686, 40.30986 ], [ -77.02213, 40.30402 ], [ -77.09637, 40.3004 ], [ -77.16306, 40.28948 ], [ -77.23916, 40.2841 ], [ -77.31224, 40.26774 ], [ -77.31949, 40.26866 ], [ -77.33049, 40.2756 ], [ -77.3307, 40.28059 ], [ -77.32319, 40.29247 ], [ -77.32856, 40.29231 ], [ -77.38511, 40.26271 ], [ -77.40246, 40.25695 ], [ -77.42152, 40.25584 ], [ -77.42329, 40.25846 ], [ -77.41979, 40.26407 ], [ -77.41104, 40.26931 ], [ -77.40289, 40.28013 ], [ -77.36124, 40.30519 ], [ -77.35764, 40.31248 ], [ -77.36602, 40.31357 ], [ -77.41949, 40.29083 ], [ -77.4736, 40.25422 ], [ -77.53687, 40.21907 ], [ -77.55809, 40.21864 ], [ -77.60545, 40.18536 ], [ -77.61467, 40.19855 ], [ -77.60477, 40.20603 ], [ -77.60272, 40.2282 ], [ -77.61297, 40.23324 ], [ -77.63989, 40.21768 ], [ -77.64283, 40.21814 ], [ -77.64339, 40.22317 ], [ -77.64764, 40.22248 ], [ -77.65016, 40.22871 ], [ -77.6454, 40.23893 ], [ -77.64999, 40.24796 ], [ -77.6457, 40.25603 ], [ -77.65345, 40.25741 ], [ -77.66771, 40.252 ], [ -77.67115, 40.25757 ], [ -77.65642, 40.27039 ], [ -77.67176, 40.28983 ] ] ] } },
{ "type": "Feature", "properties": { "county_fips": "42101", "name": "Philadelphia" }, "geometry": { "type": "Polygon", "coordinates": [ [ [ -75.28027, 39.97496 ], [ -75.20598, 40.01172 ], [ -75.2456, 40.03766 ], [ -75.26443, 40.05409 ], [ -75.22361, 40.09291 ], [ -75.18846, 40.07275 ], [ -75.17644, 40.08465 ], [ -75.10941, 40.04584 ], [ -75.08742, 40.0636 ], [ -75.09673, 40.06899 ], [ -75.08691, 40.07865 ], [ -75.05834, 40.10589 ], [ -75.01507, 40.13799 ], [ -74.99788, 40.12782 ], [ -74.99389, 40.13188 ], [ -74.99417, 40.12609 ], [ -74.98343, 40.12362 ], [ -74.98237, 40.11994 ], [ -74.96317, 40.11668 ], [ -74.96543, 40.10789 ], [ -74.96116, 40.10345 ], [ -74.96177, 40.09775 ], [ -74.95578, 40.0951 ], [ -74.95842, 40.08392 ], [ -74.9636, 40.07711 ], [ -74.97109, 40.07601 ], [ -74.98516, 40.05693 ], [ -74.97394, 40.04804 ], [ -75.01221, 40.0207 ], [ -75.04709, 40.00994 ], [ -75.0534, 40.00457 ], [ -75.06418, 39.98603 ], [ -75.0756, 39.97804 ], [ -75.10229, 39.97238 ], [ -75.12692, 39.96111 ], [ -75.13385, 39.95422 ], [ -75.13612, 39.93391 ], [ -75.12792, 39.91181 ], [ -75.13082, 39.90021 ], [ -75.14375, 39.885 ], [ -75.18932, 39.88071 ], [ -75.21169, 39.86695 ], [ -75.21604, 39.87112 ], [ -75.21572, 39.87609 ], [ -75.23412, 39.87718 ], [ -75.24047, 39.87238 ], [ -75.24843, 39.87649 ], [ -75.26253, 39.87656 ], [ -75.26488, 39.88793 ], [ -75.25129, 39.9044 ], [ -75.25349, 39.90559 ], [ -75.2472, 39.91358 ], [ -75.24337, 39.93191 ], [ -75.23744, 39.93256 ], [ -75.23487, 39.93746 ], [ -75.25012, 39.94697 ], [ -75.25088, 39.95902 ], [ -75.24806, 39.96407 ], [ -75.26545, 39.96526 ], [ -75.28027, 39.97496 ] ] ] } },
{ "type": "Feature", "properties": { "county_fips": "42103", "name": "Pike" }, "geometry": { "type": "Polygon", "coordinates": [ [ [ -75.35918, 41.23921 ], [ -75.34239, 41.25241 ], [ -75.3444, 41.25784 ], [ -75.35001, 41.25936 ], [ -75.34772, 41.26531 ], [ -75.3346, 41.26972 ], [ -75.33172, 41.27519 ], [ -75.33364, 41.27945 ], [ -75.32465, 41.28881 ], [ -75.32779, 41.29874 ], [ -75.32228, 41.29988 ], [ -75.31397, 41.31061 ], [ -75.31571, 41.31959 ], [ -75.31205, 41.32112 ], [ -75.31058, 41.32644 ], [ -75.31114, 41.33144 ], [ -75.32245, 41.34004 ], [ -75.32704, 41.33987 ], [ -75.33088, 41.33491 ], [ -75.34429, 41.33743 ], [ -75.34447, 41.3408 ], [ -75.33663, 41.34513 ], [ -75.34174, 41.355 ], [ -75.34641, 41.35728 ], [ -75.34817, 41.36425 ], [ -75.35131, 41.36372 ], [ -75.34852, 41.37056 ], [ -75.33776, 41.37625 ], [ -75.32366, 41.36604 ], [ -75.31429, 41.36861 ], [ -75.30907, 41.37468 ], [ -75.29834, 41.3674 ], [ -75.26209, 41.37504 ], [ -75.2619, 41.38195 ], [ -75.25308, 41.39129 ], [ -75.25671, 41.39406 ], [ -75.2549, 41.39913 ], [ -75.24681, 41.40243 ], [ -75.2518, 41.41046 ], [ -75.24629, 41.41712 ], [ -75.25024, 41.41837 ], [ -75.23396, 41.42041 ], [ -75.23367, 41.42453 ], [ -75.22909, 41.42723 ], [ -75.22821, 41.42478 ], [ -75.21832, 41.42412 ], [ -75.20974, 41.43118 ], [ -75.2021, 41.43165 ], [ -75.19942, 41.43753 ], [ -75.19194, 41.43827 ], [ -75.18624, 41.44284 ], [ -75.18928, 41.44726 ], [ -75.18849, 41.4569 ], [ -75.17876, 41.46175 ], [ -75.06971, 41.60169 ], [ -75.06001, 41.59081 ], [ -75.04676, 41.58326 ], [ -75.04049, 41.56969 ], [ -75.02734, 41.56354 ], [ -75.01852, 41.5518 ], [ -75.01614, 41.54425 ], [ -75.0248, 41.5398 ], [ -75.02476, 41.5351 ], [ -75.00385, 41.52405 ], [ -75.00091, 41.51929 ], [ -75.00315, 41.5081 ], [ -74.98437, 41.50661 ], [ -74.98217, 41.49849 ], [ -74.9856, 41.48586 ], [ -74.98334, 41.48089 ], [ -74.95826, 41.4764 ], [ -74.9418, 41.48354 ], [ -74.91252, 41.47561 ], [ -74.90689, 41.46113 ], [ -74.89036, 41.45532 ], [ -74.88908, 41.45125 ], [ -74.8964, 41.44218 ], [ -74.89391, 41.43893 ], [ -74.85858, 41.44443 ], [ -74.83067, 41.4305 ], [ -74.81799, 41.44051 ], [ -74.80758, 41.44285 ], [ -74.80123, 41.4381 ], [ -74.7954, 41.42398 ], [ -74.79042, 41.42166 ], [ -74.77324, 41.42635 ], [ -74.75859, 41.42329 ], [ -74.73846, 41.43064 ], [ -74.73473, 41.4227 ], [ -74.74172, 41.40788 ], [ -74.73855, 41.40119 ], [ -74.73038, 41.39566 ], [ -74.71598, 41.39258 ], [ -74.70846, 41.3789 ], [ -74.68952, 41.36384 ], [ -74.69491, 41.35742 ], [ -74.72092, 41.34738 ], [ -74.75324, 41.34612 ], [ -74.77159, 41.32508 ], [ -74.79504, 41.32041 ], [ -74.79256, 41.31063 ], [ -74.82188, 41.29384 ], [ -74.83837, 41.27729 ], [ -74.84632, 41.26308 ], [ -74.84588, 41.25494 ], [ -74.85715, 41.24898 ], [ -74.86618, 41.23213 ], [ -74.86741, 41.22777 ], [ -74.85932, 41.22051 ], [ -74.8604, 41.21745 ], [ -74.87403, 41.19854 ], [ -74.88214, 41.18084 ], [ -74.8997, 41.16618 ], [ -74.90526, 41.15567 ], [ -74.92317, 41.13815 ], [ -74.94507, 41.12905 ], [ -74.94791, 41.12356 ], [ -74.96429, 41.11424 ], [ -74.97987, 41.11042 ], [ -74.99172, 41.09228 ], [ -74.9964, 41.09299 ], [ -74.99962, 41.08937 ], [ -75.00296, 41.09176 ], [ -75.01178, 41.08801 ], [ -75.01301, 41.08363 ], [ -75.02045, 41.08479 ], [ -75.0272, 41.07987 ], [ -75.03387, 41.08756 ], [ -75.03922, 41.0888 ], [ -75.07715, 41.14115 ], [ -75.15651, 41.15034 ], [ -75.12972, 41.2521 ], [ -75.35918, 41.23921 ] ] ] } },
{ "type": "Feature", "properties": { "county_fips": "42105", "name": "Potter" }, "geometry": { "type": "Polygon", "coordinates": [ [ [ -78.20364, 41.6176 ], [ -78.20638, 41.99962 ], [ -77.61003, 41.99952 ], [ -77.59813, 41.47858 ], [ -78.05044, 41.47546 ], [ -78.20364, 41.6176 ] ] ] } },
{ "type": "Feature", "properties": { "county_fips": "42107", "name": "Schuylkill" }, "geometry": { "type": "Polygon", "coordinates": [ [ [ -76.70055, 40.66311 ], [ -76.69474, 40.66286 ], [ -76.5654, 40.70785 ], [ -76.30717, 40.80181 ], [ -76.28461, 40.88359 ], [ -76.20783, 40.94974 ], [ -76.02801, 40.90231 ], [ -75.99764, 40.91326 ], [ -75.88604, 40.81627 ], [ -75.75781, 40.73541 ], [ -75.77769, 40.72953 ], [ -75.77968, 40.72502 ], [ -75.79652, 40.71703 ], [ -75.80828, 40.7073 ], [ -75.84466, 40.693 ], [ -75.85481, 40.69319 ], [ -75.99321, 40.63971 ], [ -76.01223, 40.57771 ], [ -76.01856, 40.57383 ], [ -76.02651, 40.57859 ], [ -76.03384, 40.57726 ], [ -76.03951, 40.58309 ], [ -76.045, 40.58379 ], [ -76.05094, 40.57517 ], [ -76.05609, 40.57488 ], [ -76.05802, 40.57963 ], [ -76.06534, 40.57968 ], [ -76.07957, 40.56608 ], [ -76.10586, 40.5622 ], [ -76.13474, 40.55348 ], [ -76.17162, 40.53495 ], [ -76.18564, 40.53556 ], [ -76.19663, 40.53126 ], [ -76.21941, 40.5287 ], [ -76.25601, 40.51707 ], [ -76.33823, 40.51554 ], [ -76.4186, 40.49562 ], [ -76.44018, 40.49595 ], [ -76.70162, 40.65808 ], [ -76.70055, 40.66311 ] ] ] } },
{ "type": "Feature", "properties": { "county_fips": "42109", "name": "Snyder" }, "geometry": { "type": "Polygon", "coordinates": [ [ [ -77.35663, 40.80733 ], [ -77.32119, 40.81719 ], [ -77.12957, 40.85379 ], [ -77.07406, 40.86833 ], [ -77.05203, 40.86939 ], [ -77.04018, 40.86273 ], [ -77.03186, 40.86411 ], [ -77.02337, 40.85746 ], [ -77.01547, 40.86092 ], [ -77.01131, 40.86877 ], [ -77.00483, 40.87213 ], [ -76.97316, 40.87713 ], [ -76.97001, 40.88093 ], [ -76.94179, 40.88806 ], [ -76.91275, 40.88454 ], [ -76.89124, 40.88866 ], [ -76.87815, 40.8845 ], [ -76.85816, 40.88929 ], [ -76.84987, 40.88643 ], [ -76.83427, 40.88957 ], [ -76.80797, 40.87859 ], [ -76.79954, 40.87855 ], [ -76.80024, 40.88199 ], [ -76.79872, 40.87832 ], [ -76.81302, 40.84706 ], [ -76.84933, 40.80967 ], [ -76.85865, 40.78178 ], [ -76.85536, 40.72856 ], [ -76.8634, 40.70765 ], [ -76.87985, 40.68719 ], [ -76.90799, 40.67098 ], [ -76.92763, 40.64571 ], [ -76.93988, 40.63814 ], [ -76.94066, 40.64617 ], [ -76.94483, 40.65021 ], [ -76.96181, 40.64567 ], [ -76.96553, 40.64715 ], [ -76.96749, 40.64126 ], [ -76.9759, 40.64224 ], [ -76.97658, 40.64537 ], [ -76.98663, 40.64402 ], [ -76.99699, 40.63578 ], [ -77.00605, 40.64261 ], [ -77.00405, 40.64557 ], [ -77.01015, 40.66123 ], [ -77.02251, 40.66089 ], [ -77.0295, 40.65556 ], [ -77.03441, 40.65993 ], [ -77.03242, 40.66467 ], [ -77.03844, 40.67972 ], [ -77.04577, 40.67564 ], [ -77.05674, 40.67596 ], [ -77.06045, 40.67985 ], [ -77.09389, 40.67619 ], [ -77.10019, 40.68792 ], [ -77.1096, 40.69158 ], [ -77.14909, 40.68054 ], [ -77.15052, 40.67707 ], [ -77.3541, 40.70167 ], [ -77.35663, 40.80733 ] ] ] } },
{ "type": "Feature", "properties": { "county_fips": "42111", "name": "Somerset" }, "geometry": { "type": "Polygon", "coordinates": [ [ [ -79.41729, 39.85445 ], [ -79.39875, 39.90054 ], [ -79.38762, 39.9157 ], [ -79.39156, 39.9195 ], [ -79.38396, 39.92449 ], [ -79.3783, 39.93665 ], [ -79.37288, 39.93652 ], [ -79.35412, 39.95806 ], [ -79.34254, 39.9763 ], [ -79.34258, 39.98206 ], [ -79.33847, 39.98201 ], [ -79.29388, 40.04045 ], [ -79.27844, 40.05016 ], [ -79.27877, 40.05554 ], [ -79.26736, 40.06572 ], [ -79.26774, 40.07427 ], [ -79.26439, 40.07867 ], [ -79.25867, 40.08027 ], [ -79.25233, 40.0907 ], [ -79.22667, 40.09825 ], [ -79.22086, 40.11274 ], [ -79.21379, 40.11799 ], [ -79.20295, 40.11493 ], [ -79.19656, 40.11845 ], [ -79.1916, 40.11 ], [ -79.18293, 40.11144 ], [ -79.16799, 40.12816 ], [ -79.16212, 40.14331 ], [ -79.16093, 40.16114 ], [ -79.14977, 40.16037 ], [ -79.14002, 40.1639 ], [ -79.14302, 40.18 ], [ -79.13439, 40.17872 ], [ -79.12674, 40.18328 ], [ -79.12381, 40.19395 ], [ -79.12616, 40.20039 ], [ -79.1146, 40.20504 ], [ -79.11429, 40.21026 ], [ -79.10678, 40.21489 ], [ -79.10907, 40.21832 ], [ -79.103, 40.21823 ], [ -79.10029, 40.22234 ], [ -79.1045, 40.22431 ], [ -79.09835, 40.22797 ], [ -79.10222, 40.23229 ], [ -79.09503, 40.23363 ], [ -79.09142, 40.2405 ], [ -79.08634, 40.24239 ], [ -79.08673, 40.24534 ], [ -79.07806, 40.25256 ], [ -79.07957, 40.25793 ], [ -79.07352, 40.26673 ], [ -79.05938, 40.27577 ], [ -79.05605, 40.28486 ], [ -78.92711, 40.28473 ], [ -78.92479, 40.27849 ], [ -78.89716, 40.27227 ], [ -78.89452, 40.26796 ], [ -78.89719, 40.26411 ], [ -78.89114, 40.2502 ], [ -78.88473, 40.24464 ], [ -78.86877, 40.24897 ], [ -78.85856, 40.24253 ], [ -78.85117, 40.24599 ], [ -78.6583, 40.24323 ], [ -78.66141, 40.2311 ], [ -78.67696, 40.21121 ], [ -78.73985, 40.06957 ], [ -78.75202, 40.07492 ], [ -78.7632, 40.05674 ], [ -78.75724, 39.82348 ], [ -78.76704, 39.79538 ], [ -78.80837, 39.72293 ], [ -79.39246, 39.72143 ], [ -79.38946, 39.72708 ], [ -79.39266, 39.73268 ], [ -79.40996, 39.73498 ], [ -79.40796, 39.74198 ], [ -79.39406, 39.74328 ], [ -79.39973, 39.7549 ], [ -79.39856, 39.75828 ], [ -79.38626, 39.76188 ], [ -79.37866, 39.76888 ], [ -79.38026, 39.77318 ], [ -79.39166, 39.77798 ], [ -79.39496, 39.78338 ], [ -79.38306, 39.78248 ], [ -79.38006, 39.79008 ], [ -79.35676, 39.78148 ], [ -79.35126, 39.78658 ], [ -79.36256, 39.78848 ], [ -79.36826, 39.79588 ], [ -79.36885, 39.80146 ], [ -79.36396, 39.80678 ], [ -79.36729, 39.82273 ], [ -79.3716, 39.82708 ], [ -79.38207, 39.82708 ], [ -79.38147, 39.83631 ], [ -79.41729, 39.85445 ] ] ] } },
{ "type": "Feature", "properties": { "county_fips": "42113", "name": "Sullivan" }, "geometry": { "type": "Polygon", "coordinates": [ [ [ -76.81373, 41.59003 ], [ -76.79269, 41.58782 ], [ -76.22007, 41.54128 ], [ -76.22813, 41.51114 ], [ -76.31026, 41.3102 ], [ -76.40793, 41.30842 ], [ -76.4476, 41.27563 ], [ -76.54849, 41.29313 ], [ -76.54782, 41.29572 ], [ -76.59253, 41.30433 ], [ -76.7495, 41.40557 ], [ -76.81373, 41.59003 ] ] ] } },
{ "type": "Feature", "properties": { "county_fips": "42115", "name": "Susquehanna" }, "geometry": { "type": "Polygon", "coordinates": [ [ [ -76.14552, 41.99891 ], [ -75.48314, 41.99926 ], [ -75.46224, 41.64158 ], [ -76.11422, 41.64339 ], [ -76.14552, 41.99891 ] ] ] } },
{ "type": "Feature", "properties": { "county_fips": "42117", "name": "Tioga" }, "geometry": { "type": "Polygon", "coordinates": [ [ [ -77.61003, 41.99952 ], [ -76.92706, 42.00167 ], [ -76.89912, 41.80806 ], [ -76.87471, 41.59692 ], [ -76.87833, 41.59055 ], [ -76.88705, 41.58686 ], [ -76.92217, 41.58104 ], [ -76.92657, 41.57109 ], [ -76.94746, 41.56799 ], [ -76.96257, 41.55683 ], [ -76.96048, 41.55152 ], [ -77.29478, 41.5441 ], [ -77.59928, 41.54227 ], [ -77.61003, 41.99952 ] ] ] } },
{ "type": "Feature", "properties": { "county_fips": "42119", "name": "Union" }, "geometry": { "type": "Polygon", "coordinates": [ [ [ -77.36418, 40.84694 ], [ -77.27924, 40.90971 ], [ -77.20403, 40.99271 ], [ -77.1438, 41.04286 ], [ -77.14411, 41.06884 ], [ -77.11384, 41.06903 ], [ -77.06824, 41.08523 ], [ -76.97794, 41.08788 ], [ -76.96023, 41.1488 ], [ -76.89611, 41.13907 ], [ -76.89588, 41.11998 ], [ -76.88966, 41.10093 ], [ -76.87227, 41.08229 ], [ -76.86004, 41.07573 ], [ -76.857, 41.0666 ], [ -76.85642, 41.04741 ], [ -76.86129, 41.03806 ], [ -76.86758, 40.99847 ], [ -76.88236, 40.97138 ], [ -76.87622, 40.95109 ], [ -76.85147, 40.91285 ], [ -76.82459, 40.89072 ], [ -76.80351, 40.88463 ], [ -76.79954, 40.87855 ], [ -76.80797, 40.87859 ], [ -76.83427, 40.88957 ], [ -76.84987, 40.88643 ], [ -76.85816, 40.88929 ], [ -76.87815, 40.8845 ], [ -76.89124, 40.88866 ], [ -76.91275, 40.88454 ], [ -76.94179, 40.88806 ], [ -76.97001, 40.88093 ], [ -76.97316, 40.87713 ], [ -77.00483, 40.87213 ], [ -77.01131, 40.86877 ], [ -77.01547, 40.86092 ], [ -77.02337, 40.85746 ], [ -77.03186, 40.86411 ], [ -77.04018, 40.86273 ], [ -77.05203, 40.86939 ], [ -77.07406, 40.86833 ], [ -77.12957, 40.85379 ], [ -77.32119, 40.81719 ], [ -77.35663, 40.80733 ], [ -77.35711, 40.84448 ], [ -77.36418, 40.84694 ] ] ] } },
{ "type": "Feature", "properties": { "county_fips": "42121", "name": "Venango" }, "geometry": { "type": "Polygon", "coordinates": [ [ [ -79.99978, 41.17186 ], [ -79.99849, 41.50095 ], [ -79.98228, 41.50014 ], [ -79.98154, 41.51289 ], [ -79.95816, 41.51362 ], [ -79.95919, 41.52544 ], [ -79.94223, 41.52535 ], [ -79.9433, 41.53784 ], [ -79.92334, 41.5376 ], [ -79.92537, 41.55021 ], [ -79.90947, 41.55015 ], [ -79.90861, 41.56217 ], [ -79.89276, 41.56217 ], [ -79.89273, 41.57414 ], [ -79.87003, 41.57426 ], [ -79.873, 41.58115 ], [ -79.85005, 41.58706 ], [ -79.84961, 41.59776 ], [ -79.82972, 41.60195 ], [ -79.82911, 41.62207 ], [ -79.76834, 41.62096 ], [ -79.76836, 41.61771 ], [ -79.61317, 41.61687 ], [ -79.61315, 41.62386 ], [ -79.51207, 41.62456 ], [ -79.51228, 41.46524 ], [ -79.52202, 41.46522 ], [ -79.5216, 41.44055 ], [ -79.47816, 41.44013 ], [ -79.47814, 41.33571 ], [ -79.54143, 41.33595 ], [ -79.54147, 41.32101 ], [ -79.60416, 41.32148 ], [ -79.60461, 41.27707 ], [ -79.62756, 41.27718 ], [ -79.62773, 41.26691 ], [ -79.63271, 41.26692 ], [ -79.63287, 41.2536 ], [ -79.65039, 41.25371 ], [ -79.64963, 41.21791 ], [ -79.66889, 41.19908 ], [ -79.66632, 41.19714 ], [ -79.67061, 41.19317 ], [ -79.66537, 41.18902 ], [ -79.67012, 41.18312 ], [ -79.68388, 41.18438 ], [ -79.6901, 41.18141 ], [ -79.69724, 41.18461 ], [ -79.70058, 41.17506 ], [ -79.69498, 41.17287 ], [ -79.99978, 41.17186 ] ] ] } },
{ "type": "Feature", "properties": { "county_fips": "42123", "name": "Warren" }, "geometry": { "type": "Polygon", "coordinates": [ [ [ -79.61315, 41.62386 ], [ -79.61084, 41.99899 ], [ -78.9189, 41.99813 ], [ -78.91848, 41.95294 ], [ -78.9155, 41.95295 ], [ -78.91564, 41.8409 ], [ -78.92154, 41.84088 ], [ -78.92141, 41.83092 ], [ -78.94861, 41.83048 ], [ -78.95614, 41.62333 ], [ -79.09162, 41.62634 ], [ -79.61315, 41.62386 ] ] ] } },
{ "type": "Feature", "properties": { "county_fips": "42125", "name": "Washington" }, "geometry": { "type": "Polygon", "coordinates": [ [ [ -80.51922, 39.96242 ], [ -80.519, 40.47736 ], [ -80.3608, 40.47759 ], [ -80.1846, 40.33314 ], [ -79.91446, 40.25244 ], [ -79.93075, 40.24297 ], [ -79.96259, 40.23877 ], [ -79.97004, 40.2333 ], [ -79.97092, 40.22689 ], [ -79.95794, 40.21426 ], [ -79.92929, 40.20708 ], [ -79.91078, 40.19698 ], [ -79.89477, 40.19429 ], [ -79.86767, 40.19729 ], [ -79.85327, 40.18922 ], [ -79.85108, 40.17288 ], [ -79.85946, 40.16314 ], [ -79.89331, 40.16498 ], [ -79.90315, 40.16018 ], [ -79.90489, 40.15423 ], [ -79.88607, 40.12983 ], [ -79.85009, 40.11396 ], [ -79.83927, 40.09247 ], [ -79.83986, 40.08787 ], [ -79.84781, 40.08019 ], [ -79.86367, 40.07542 ], [ -79.89303, 40.08035 ], [ -79.90143, 40.07673 ], [ -79.89849, 40.07127 ], [ -79.87977, 40.06505 ], [ -79.8811, 40.0578 ], [ -79.89191, 40.0482 ], [ -79.87705, 40.03683 ], [ -79.87717, 40.03171 ], [ -79.88995, 40.02246 ], [ -79.91003, 40.02201 ], [ -79.92484, 40.01612 ], [ -79.92979, 40.01174 ], [ -79.93452, 39.99963 ], [ -79.94342, 39.99507 ], [ -79.95462, 39.99527 ], [ -79.96935, 40.01312 ], [ -79.98517, 40.0131 ], [ -79.99573, 40.0051 ], [ -79.99078, 39.98809 ], [ -79.99232, 39.98452 ], [ -80.00693, 39.9847 ], [ -80.01802, 39.97749 ], [ -80.03303, 39.98391 ], [ -80.03194, 39.97769 ], [ -80.03978, 39.9741 ], [ -80.04829, 39.97853 ], [ -80.04496, 39.98506 ], [ -80.04867, 39.9853 ], [ -80.05067, 39.98965 ], [ -80.03893, 39.99647 ], [ -80.04445, 39.9988 ], [ -80.04963, 40.00663 ], [ -80.05839, 40.00362 ], [ -80.05881, 40.00934 ], [ -80.0864, 39.99036 ], [ -80.09806, 39.99194 ], [ -80.11128, 39.98817 ], [ -80.11831, 39.99129 ], [ -80.12951, 39.98841 ], [ -80.13641, 39.99259 ], [ -80.15098, 39.99441 ], [ -80.16046, 40.00334 ], [ -80.17532, 40.00798 ], [ -80.19026, 40.00184 ], [ -80.19389, 40.00491 ], [ -80.21479, 40.0028 ], [ -80.24014, 40.00948 ], [ -80.25176, 40.00778 ], [ -80.25665, 40.00309 ], [ -80.27311, 40.00242 ], [ -80.27608, 40.00552 ], [ -80.27197, 40.00773 ], [ -80.27326, 40.01328 ], [ -80.28465, 40.01241 ], [ -80.28742, 40.01921 ], [ -80.3014, 40.02056 ], [ -80.31021, 40.01765 ], [ -80.30883, 40.00704 ], [ -80.31257, 40.00329 ], [ -80.32981, 40.00546 ], [ -80.35632, 39.99684 ], [ -80.37228, 39.99657 ], [ -80.3912, 39.98795 ], [ -80.39647, 39.97789 ], [ -80.41292, 39.97695 ], [ -80.425, 39.97199 ], [ -80.43479, 39.97751 ], [ -80.44513, 39.97576 ], [ -80.44827, 39.96666 ], [ -80.45355, 39.97335 ], [ -80.46129, 39.96738 ], [ -80.46025, 39.96231 ], [ -80.4697, 39.96177 ], [ -80.46687, 39.95464 ], [ -80.47528, 39.95206 ], [ -80.49008, 39.9545 ], [ -80.48799, 39.96144 ], [ -80.49977, 39.9576 ], [ -80.50094, 39.95378 ], [ -80.51922, 39.96242 ] ] ] } },
{ "type": "Feature", "properties": { "county_fips": "42127", "name": "Wayne" }, "geometry": { "type": "Polygon", "coordinates": [ [ [ -75.5055, 41.23311 ], [ -75.49606, 41.24295 ], [ -75.48506, 41.24265 ], [ -75.48448, 41.24597 ], [ -75.47743, 41.24711 ], [ -75.47085, 41.24327 ], [ -75.46817, 41.24752 ], [ -75.46108, 41.24727 ], [ -75.45668, 41.25394 ], [ -75.45108, 41.25244 ], [ -75.44039, 41.25813 ], [ -75.48314, 41.99926 ], [ -75.35958, 41.99945 ], [ -75.34113, 41.99277 ], [ -75.3376, 41.9867 ], [ -75.3422, 41.97287 ], [ -75.32932, 41.96823 ], [ -75.31282, 41.95018 ], [ -75.30166, 41.94838 ], [ -75.30041, 41.95387 ], [ -75.29371, 41.95459 ], [ -75.28938, 41.94289 ], [ -75.27909, 41.93892 ], [ -75.27655, 41.92221 ], [ -75.26756, 41.90705 ], [ -75.26777, 41.90197 ], [ -75.27278, 41.89711 ], [ -75.27129, 41.88736 ], [ -75.26062, 41.88378 ], [ -75.25756, 41.87711 ], [ -75.26381, 41.87076 ], [ -75.26053, 41.8638 ], [ -75.2512, 41.86204 ], [ -75.24113, 41.86712 ], [ -75.23161, 41.85946 ], [ -75.22373, 41.85746 ], [ -75.21497, 41.86745 ], [ -75.204, 41.86987 ], [ -75.19438, 41.86729 ], [ -75.18525, 41.85993 ], [ -75.17663, 41.87237 ], [ -75.17056, 41.87161 ], [ -75.16873, 41.85926 ], [ -75.16154, 41.84984 ], [ -75.1529, 41.84856 ], [ -75.14024, 41.85208 ], [ -75.13098, 41.84515 ], [ -75.1156, 41.84464 ], [ -75.11333, 41.82278 ], [ -75.08948, 41.81158 ], [ -75.07806, 41.81511 ], [ -75.07217, 41.81373 ], [ -75.07689, 41.79851 ], [ -75.09288, 41.79639 ], [ -75.10146, 41.78794 ], [ -75.10464, 41.7742 ], [ -75.10099, 41.76912 ], [ -75.09545, 41.76837 ], [ -75.07594, 41.77152 ], [ -75.06076, 41.76464 ], [ -75.05343, 41.75254 ], [ -75.05482, 41.73517 ], [ -75.04986, 41.71331 ], [ -75.06663, 41.71259 ], [ -75.06883, 41.70816 ], [ -75.05274, 41.68839 ], [ -75.05128, 41.67996 ], [ -75.05933, 41.67232 ], [ -75.04992, 41.66256 ], [ -75.04866, 41.63378 ], [ -75.04356, 41.62364 ], [ -75.04422, 41.61798 ], [ -75.0473, 41.61579 ], [ -75.0601, 41.61748 ], [ -75.05973, 41.6108 ], [ -75.07463, 41.60791 ], [ -75.06971, 41.60169 ], [ -75.17876, 41.46175 ], [ -75.18849, 41.4569 ], [ -75.18928, 41.44726 ], [ -75.18624, 41.44284 ], [ -75.19194, 41.43827 ], [ -75.19942, 41.43753 ], [ -75.2021, 41.43165 ], [ -75.20974, 41.43118 ], [ -75.21832, 41.42412 ], [ -75.22821, 41.42478 ], [ -75.22909, 41.42723 ], [ -75.23367, 41.42453 ], [ -75.23396, 41.42041 ], [ -75.25024, 41.41837 ], [ -75.24629, 41.41712 ], [ -75.2518, 41.41046 ], [ -75.24681, 41.40243 ], [ -75.2549, 41.39913 ], [ -75.25671, 41.39406 ], [ -75.25308, 41.39129 ], [ -75.2619, 41.38195 ], [ -75.26209, 41.37504 ], [ -75.29834, 41.3674 ], [ -75.30907, 41.37468 ], [ -75.31429, 41.36861 ], [ -75.32366, 41.36604 ], [ -75.33776, 41.37625 ], [ -75.34852, 41.37056 ], [ -75.35131, 41.36372 ], [ -75.34817, 41.36425 ], [ -75.34641, 41.35728 ], [ -75.34174, 41.355 ], [ -75.33663, 41.34513 ], [ -75.34447, 41.3408 ], [ -75.34429, 41.33743 ], [ -75.33088, 41.33491 ], [ -75.32704, 41.33987 ], [ -75.32245, 41.34004 ], [ -75.31114, 41.33144 ], [ -75.31058, 41.32644 ], [ -75.31205, 41.32112 ], [ -75.31571, 41.31959 ], [ -75.31397, 41.31061 ], [ -75.32228, 41.29988 ], [ -75.32779, 41.29874 ], [ -75.32465, 41.28881 ], [ -75.33364, 41.27945 ], [ -75.33172, 41.27519 ], [ -75.3346, 41.26972 ], [ -75.34772, 41.26531 ], [ -75.35001, 41.25936 ], [ -75.34136, 41.25445 ], [ -75.34592, 41.24778 ], [ -75.35995, 41.23871 ], [ -75.5055, 41.23311 ] ] ] } },
{ "type": "Feature", "properties": { "county_fips": "42129", "name": "Westmoreland" }, "geometry": { "type": "Polygon", "coordinates": [ [ [ -79.90487, 40.15481 ], [ -79.90315, 40.16018 ], [ -79.89723, 40.16399 ], [ -79.86415, 40.16181 ], [ -79.85287, 40.16944 ], [ -79.85044, 40.17779 ], [ -79.85327, 40.18922 ], [ -79.86243, 40.19577 ], [ -79.87143, 40.19739 ], [ -79.78259, 40.22763 ], [ -79.80439, 40.23195 ], [ -79.80743, 40.23689 ], [ -79.78774, 40.26185 ], [ -79.79506, 40.27219 ], [ -79.7958, 40.28108 ], [ -79.77582, 40.28501 ], [ -79.77596, 40.28921 ], [ -79.78865, 40.29774 ], [ -79.77108, 40.37542 ], [ -79.76207, 40.39277 ], [ -79.75126, 40.38836 ], [ -79.74463, 40.39616 ], [ -79.73865, 40.39554 ], [ -79.73252, 40.3996 ], [ -79.73043, 40.40847 ], [ -79.7224, 40.40857 ], [ -79.72683, 40.41447 ], [ -79.71723, 40.41379 ], [ -79.71603, 40.41741 ], [ -79.70694, 40.42232 ], [ -79.70214, 40.48952 ], [ -79.70162, 40.52545 ], [ -79.73571, 40.54901 ], [ -79.7517, 40.55182 ], [ -79.76509, 40.54924 ], [ -79.77413, 40.56838 ], [ -79.77336, 40.58209 ], [ -79.762, 40.59434 ], [ -79.72134, 40.60816 ], [ -79.69028, 40.64087 ], [ -79.68921, 40.64785 ], [ -79.69582, 40.6615 ], [ -79.69293, 40.66974 ], [ -79.68015, 40.67194 ], [ -79.66843, 40.68001 ], [ -79.64001, 40.66694 ], [ -79.63606, 40.65448 ], [ -79.61103, 40.64202 ], [ -79.60813, 40.62549 ], [ -79.6021, 40.6245 ], [ -79.59148, 40.63434 ], [ -79.58374, 40.63661 ], [ -79.58957, 40.61686 ], [ -79.58161, 40.60288 ], [ -79.5761, 40.60175 ], [ -79.56508, 40.60784 ], [ -79.55061, 40.6039 ], [ -79.56593, 40.5934 ], [ -79.57068, 40.58407 ], [ -79.56073, 40.56349 ], [ -79.52625, 40.54236 ], [ -79.51191, 40.54268 ], [ -79.49892, 40.53215 ], [ -79.49709, 40.52534 ], [ -79.48654, 40.52743 ], [ -79.48187, 40.53694 ], [ -79.47692, 40.53578 ], [ -79.47574, 40.52954 ], [ -79.46429, 40.53408 ], [ -79.4515, 40.53186 ], [ -79.44913, 40.52824 ], [ -79.45655, 40.52324 ], [ -79.45974, 40.51674 ], [ -79.45394, 40.50553 ], [ -79.45377, 40.48425 ], [ -79.44669, 40.48087 ], [ -79.43063, 40.48905 ], [ -79.42132, 40.4706 ], [ -79.40663, 40.4743 ], [ -79.39077, 40.45434 ], [ -79.37117, 40.45507 ], [ -79.36633, 40.46597 ], [ -79.36707, 40.47509 ], [ -79.36206, 40.47868 ], [ -79.35732, 40.47521 ], [ -79.36231, 40.46316 ], [ -79.3579, 40.45234 ], [ -79.34718, 40.45273 ], [ -79.34541, 40.46721 ], [ -79.34209, 40.47012 ], [ -79.33327, 40.46406 ], [ -79.32863, 40.45255 ], [ -79.3161, 40.45925 ], [ -79.30035, 40.46097 ], [ -79.29763, 40.4558 ], [ -79.30178, 40.45078 ], [ -79.30128, 40.43521 ], [ -79.28941, 40.43667 ], [ -79.28285, 40.44277 ], [ -79.2726, 40.43908 ], [ -79.26935, 40.42852 ], [ -79.27398, 40.42171 ], [ -79.27286, 40.41841 ], [ -79.26328, 40.41676 ], [ -79.25411, 40.42229 ], [ -79.24619, 40.43213 ], [ -79.21478, 40.42446 ], [ -79.2002, 40.41079 ], [ -79.1912, 40.41522 ], [ -79.17371, 40.41062 ], [ -79.15579, 40.41177 ], [ -79.15205, 40.40877 ], [ -79.1527, 40.39923 ], [ -79.11599, 40.39352 ], [ -79.11491, 40.38988 ], [ -79.1225, 40.38935 ], [ -79.12868, 40.38506 ], [ -79.12712, 40.37507 ], [ -79.12163, 40.37058 ], [ -79.10931, 40.37332 ], [ -79.09959, 40.36894 ], [ -79.08831, 40.38655 ], [ -79.08297, 40.38958 ], [ -79.06988, 40.38041 ], [ -79.06027, 40.37964 ], [ -79.05188, 40.38929 ], [ -79.04244, 40.39138 ], [ -79.02842, 40.40467 ], [ -79.03426, 40.40975 ], [ -79.03261, 40.4175 ], [ -79.02931, 40.41925 ], [ -79.01236, 40.41958 ], [ -78.9879, 40.41147 ], [ -78.97381, 40.39542 ], [ -78.99817, 40.35617 ], [ -79.00608, 40.3512 ], [ -79.00993, 40.34048 ], [ -79.02002, 40.33561 ], [ -79.0373, 40.3134 ], [ -79.03756, 40.30696 ], [ -79.05481, 40.2894 ], [ -79.05665, 40.2786 ], [ -79.07352, 40.26673 ], [ -79.07957, 40.25793 ], [ -79.07806, 40.25256 ], [ -79.08673, 40.24534 ], [ -79.08634, 40.24239 ], [ -79.09142, 40.2405 ], [ -79.09503, 40.23363 ], [ -79.10222, 40.23229 ], [ -79.09835, 40.22797 ], [ -79.1045, 40.22431 ], [ -79.10029, 40.22234 ], [ -79.103, 40.21823 ], [ -79.10907, 40.21832 ], [ -79.10678, 40.21489 ], [ -79.11429, 40.21026 ], [ -79.1146, 40.20504 ], [ -79.12616, 40.20039 ], [ -79.12381, 40.19395 ], [ -79.12674, 40.18328 ], [ -79.13439, 40.17872 ], [ -79.14302, 40.18 ], [ -79.14002, 40.1639 ], [ -79.14977, 40.16037 ], [ -79.16093, 40.16114 ], [ -79.16212, 40.14331 ], [ -79.17425, 40.1206 ], [ -79.18293, 40.11144 ], [ -79.19009, 40.10951 ], [ -79.19537, 40.11333 ], [ -79.19656, 40.11845 ], [ -79.20295, 40.11493 ], [ -79.21379, 40.11799 ], [ -79.22086, 40.11274 ], [ -79.22667, 40.09825 ], [ -79.25601, 40.08846 ], [ -79.25867, 40.08027 ], [ -79.26774, 40.07427 ], [ -79.26736, 40.06572 ], [ -79.27877, 40.05554 ], [ -79.27844, 40.05016 ], [ -79.29339, 40.04035 ], [ -79.31235, 40.04436 ], [ -79.3248, 40.04057 ], [ -79.34123, 40.04288 ], [ -79.35553, 40.07429 ], [ -79.39352, 40.09076 ], [ -79.40163, 40.10265 ], [ -79.41539, 40.1046 ], [ -79.42307, 40.11098 ], [ -79.43775, 40.11594 ], [ -79.44772, 40.12677 ], [ -79.44748, 40.13323 ], [ -79.46152, 40.1441 ], [ -79.47318, 40.14565 ], [ -79.50519, 40.14057 ], [ -79.51779, 40.13327 ], [ -79.52698, 40.12324 ], [ -79.53399, 40.12862 ], [ -79.54107, 40.12081 ], [ -79.54235, 40.11187 ], [ -79.54852, 40.11032 ], [ -79.55607, 40.11291 ], [ -79.5606, 40.10522 ], [ -79.57971, 40.10507 ], [ -79.58538, 40.10213 ], [ -79.58458, 40.09783 ], [ -79.59344, 40.09056 ], [ -79.59302, 40.08205 ], [ -79.60177, 40.08274 ], [ -79.60367, 40.09084 ], [ -79.62196, 40.09453 ], [ -79.63851, 40.08287 ], [ -79.64414, 40.08469 ], [ -79.64118, 40.08673 ], [ -79.64341, 40.08934 ], [ -79.65408, 40.08929 ], [ -79.65725, 40.0966 ], [ -79.66208, 40.0945 ], [ -79.66849, 40.09731 ], [ -79.66758, 40.10454 ], [ -79.68379, 40.10862 ], [ -79.68614, 40.11389 ], [ -79.707, 40.10756 ], [ -79.72237, 40.11283 ], [ -79.71877, 40.11764 ], [ -79.72438, 40.12312 ], [ -79.73485, 40.12105 ], [ -79.7444, 40.12817 ], [ -79.8058, 40.12753 ], [ -79.80674, 40.13118 ], [ -79.81659, 40.13279 ], [ -79.81611, 40.12837 ], [ -79.87499, 40.12941 ], [ -79.87786, 40.12696 ], [ -79.8877, 40.13113 ], [ -79.90487, 40.15481 ] ] ] } },
{ "type": "Feature", "properties": { "county_fips": "42131", "name": "Wyoming" }, "geometry": { "type": "Polygon", "coordinates": [ [ [ -76.2828, 41.37724 ], [ -76.22387, 41.52454 ], [ -76.198, 41.64782 ], [ -76.11517, 41.65183 ], [ -76.11422, 41.64339 ], [ -75.71989, 41.64226 ], [ -75.71851, 41.63666 ], [ -75.72858, 41.63563 ], [ -75.77429, 41.57405 ], [ -75.76942, 41.5683 ], [ -75.80323, 41.52423 ], [ -75.77163, 41.50579 ], [ -75.83455, 41.42691 ], [ -75.83929, 41.42463 ], [ -76.00507, 41.38455 ], [ -76.2828, 41.37724 ] ] ] } },
{ "type": "Feature", "properties": { "county_fips": "42133", "name": "York" }, "geometry": { "type": "Polygon", "coordinates": [ [ [ -77.13742, 40.06994 ], [ -77.03155, 40.14664 ], [ -77.02275, 40.14581 ], [ -76.99303, 40.1549 ], [ -76.97691, 40.15234 ], [ -76.97134, 40.1576 ], [ -76.98068, 40.16056 ], [ -76.98162, 40.16312 ], [ -76.97802, 40.16478 ], [ -76.96688, 40.1627 ], [ -76.95133, 40.16583 ], [ -76.92911, 40.16127 ], [ -76.90568, 40.16591 ], [ -76.92329, 40.17709 ], [ -76.9283, 40.1838 ], [ -76.92655, 40.18848 ], [ -76.91418, 40.18277 ], [ -76.9119, 40.18488 ], [ -76.91359, 40.18862 ], [ -76.90835, 40.1902 ], [ -76.91861, 40.19831 ], [ -76.92948, 40.19685 ], [ -76.93151, 40.19938 ], [ -76.92718, 40.19998 ], [ -76.91854, 40.21023 ], [ -76.91054, 40.20554 ], [ -76.90647, 40.2096 ], [ -76.90595, 40.21711 ], [ -76.89998, 40.21219 ], [ -76.90289, 40.2246 ], [ -76.89696, 40.22467 ], [ -76.88864, 40.2137 ], [ -76.87978, 40.21782 ], [ -76.86672, 40.2161 ], [ -76.8609, 40.21928 ], [ -76.85902, 40.22633 ], [ -76.83947, 40.22161 ], [ -76.8247, 40.20232 ], [ -76.80058, 40.20011 ], [ -76.77401, 40.18409 ], [ -76.75268, 40.1758 ], [ -76.74354, 40.13085 ], [ -76.73265, 40.12273 ], [ -76.71093, 40.11384 ], [ -76.69719, 40.10249 ], [ -76.6755, 40.0736 ], [ -76.66383, 40.06323 ], [ -76.57122, 40.04567 ], [ -76.53387, 40.05082 ], [ -76.52965, 40.03095 ], [ -76.50061, 40.00062 ], [ -76.49535, 39.97613 ], [ -76.47769, 39.94983 ], [ -76.44897, 39.93434 ], [ -76.39045, 39.91175 ], [ -76.38552, 39.9057 ], [ -76.38378, 39.89362 ], [ -76.37977, 39.88791 ], [ -76.38171, 39.87906 ], [ -76.37766, 39.86666 ], [ -76.35211, 39.84903 ], [ -76.35054, 39.83776 ], [ -76.33826, 39.82206 ], [ -76.3157, 39.81004 ], [ -76.29018, 39.78501 ], [ -76.27832, 39.77849 ], [ -76.26748, 39.75936 ], [ -76.24225, 39.73287 ], [ -76.2398, 39.7213 ], [ -76.99932, 39.71983 ], [ -76.99968, 39.83128 ], [ -76.99066, 39.83435 ], [ -76.97857, 39.84771 ], [ -76.96484, 39.85077 ], [ -76.95505, 39.85697 ], [ -76.96224, 39.86483 ], [ -76.96362, 39.87399 ], [ -76.97254, 39.87291 ], [ -76.98374, 39.89356 ], [ -76.98143, 39.90542 ], [ -76.96698, 39.91618 ], [ -76.96854, 39.91826 ], [ -76.965, 39.92187 ], [ -76.97001, 39.92125 ], [ -76.97258, 39.93402 ], [ -76.96969, 39.93733 ], [ -76.9662, 39.93519 ], [ -77.01865, 40.01395 ], [ -77.06698, 40.02824 ], [ -77.09198, 40.05364 ], [ -77.12763, 40.06862 ], [ -77.13742, 40.06994 ] ] ] } }
]
}
