SUMLEV,STATE,COUNTY,STNAME,CTYNAME,YEAR,POPESTIMATE,POPEST_MALE,POPEST_FEM,UNDER5_TOT,UNDER5_MALE,UNDER5_FEM,AGE513_TOT,AGE513_MALE,AGE513_FEM,AGE1417_TOT,AGE1417_MALE,AGE1417_FEM,AGE1824_TOT,AGE1824_MALE,AGE1824_FEM,AGE16PLUS_TOT,AGE16PLUS_MALE,AGE16PLUS_FEM,AGE18PLUS_TOT,AGE18PLUS_MALE,AGE18PLUS_FEM,AGE1544_TOT,AGE1544_MALE,AGE1544_FEM,AGE2544_TOT,AGE2544_MALE,AGE2544_FEM,AGE4564_TOT,AGE4564_MALE,AGE4564_FEM,AGE65PLUS_TOT,AGE65PLUS_MALE,AGE65PLUS_FEM,AGE04_TOT,AGE04_MALE,AGE04_FEM,AGE59_TOT,AGE59_MALE,AGE59_FEM,AGE1014_TOT,AGE1014_MALE,AGE1014_FEM,AGE1519_TOT,AGE1519_MALE,AGE1519_FEM,AGE2024_TOT,AGE2024_MALE,AGE2024_FEM,AGE2529_TOT,AGE2529_MALE,AGE2529_FEM,AGE3034_TOT,AGE3034_MALE,AGE3034_FEM,AGE3539_TOT,AGE3539_MALE,AGE3539_FEM,AGE4044_TOT,AGE4044_MALE,AGE4044_FEM,AGE4549_TOT,AGE4549_MALE,AGE4549_FEM,AGE5054_TOT,AGE5054_MALE,AGE5054_FEM,AGE5559_TOT,AGE5559_MALE,AGE5559_FEM,AGE6064_TOT,AGE6064_MALE,AGE6064_FEM,AGE6569_TOT,AGE6569_MALE,AGE6569_FEM,AGE7074_TOT,AGE7074_MALE,AGE7074_FEM,AGE7579_TOT,AGE7579_MALE,AGE7579_FEM,AGE8084_TOT,AGE8084_MALE,AGE8084_FEM,AGE85PLUS_TOT,AGE85PLUS_MALE,AGE85PLUS_FEM,MEDIAN_AGE_TOT,MEDIAN_AGE_MALE,MEDIAN_AGE_FEM
050,42,001,Pennsylvania,Adams County,1,103854,51222,52632,4942,2516,2426,10701,5475,5226,5121,2633,2488,9451,4809,4642,85687,41947,43740,83090,40598,42492,35379,17923,17456,22050,11123,10927,29167,14311,14856,22422,10355,12067,4942,2516,2426,5711,2935,2776,6233,3182,3051,6963,3552,3411,6366,3248,3118,5277,2668,2609,5640,2851,2789,5754,2930,2824,5379,2674,2705,6116,3040,3076,7149,3484,3665,8082,3998,4084,7820,3789,4031,7208,3493,3715,6059,2821,3238,4087,1919,2168,2617,1177,1440,2451,945,1506,44.7,43.2,46.1
050,42,001,Pennsylvania,Adams County,2,103814,51223,52591,4890,2485,2405,10650,5457,5193,5130,2642,2488,9460,4815,4645,85735,41985,43750,83144,40639,42505,35391,17954,17437,22065,11150,10915,29068,14248,14820,22551,10426,12125,4890,2485,2405,5677,2919,2758,6237,3191,3046,6924,3527,3397,6402,3277,3125,5248,2660,2588,5666,2867,2799,5761,2936,2825,5390,2687,2703,6044,2989,3055,7110,3478,3632,8075,3983,4092,7839,3798,4041,7251,3519,3732,6114,2850,3264,4109,1921,2188,2625,1190,1435,2452,946,1506,44.7,43.2,46.2
050,42,001,Pennsylvania,Adams County,3,105728,52069,53659,4860,2459,2401,10532,5389,5143,5171,2650,2521,10990,5563,5427,87722,42880,44842,85165,41571,43594,37139,18810,18329,22316,11279,11037,28680,14025,14655,23179,10704,12475,4860,2459,2401,5605,2853,2752,6265,3218,3047,7413,3727,3686,7410,3804,3606,5204,2635,2569,5800,2947,2853,5794,2933,2861,5518,2764,2754,5734,2787,2947,7025,3489,3536,7915,3868,4047,8006,3881,4125,7364,3574,3790,6481,3021,3460,4165,1926,2239,2701,1224,1477,2468,959,1509,44.1,42.6,45.5
050,42,001,Pennsylvania,Adams County,4,105994,52297,53697,4854,2499,2355,10394,5301,5093,5164,2635,2529,10816,5549,5267,88143,43179,44964,85582,41862,43720,37252,18964,18288,22551,11431,11120,28266,13830,14436,23949,11052,12897,4854,2499,2355,5600,2827,2773,6073,3125,2948,7415,3737,3678,7286,3796,3490,5178,2619,2559,5923,3018,2905,5774,2949,2825,5676,2845,2831,5574,2717,2857,6926,3446,3480,7790,3803,3987,7976,3864,4112,7528,3654,3874,6455,3028,3427,4609,2098,2511,2871,1299,1572,2486,973,1513,44.3,42.7,45.9
050,42,001,Pennsylvania,Adams County,5,106945,52786,54159,4838,2501,2337,10352,5279,5073,5150,2645,2505,11056,5666,5390,89250,43732,45518,86605,42361,44244,37864,19319,18545,22872,11633,11239,27829,13635,14194,24848,11427,13421,4838,2501,2337,5552,2800,2752,6014,3104,2910,7532,3788,3744,7460,3898,3562,5244,2674,2570,5959,3033,2926,5844,2980,2864,5825,2946,2879,5431,2674,2757,6741,3362,3379,7618,3709,3909,8039,3890,4149,7743,3712,4031,6598,3135,3463,4900,2207,2693,3047,1357,1690,2560,1016,1544,44.2,42.6,46.0
050,42,001,Pennsylvania,Adams County,6,107155,52855,54300,4834,2508,2326,10173,5161,5012,5124,2611,2513,10781,5569,5212,89677,43914,45763,87024,42575,44449,37813,19298,18515,23162,11773,11389,27360,13395,13965,25721,11838,13883,4834,2508,2326,5352,2726,2626,6075,3090,2985,7368,3705,3663,7283,3820,3463,5327,2710,2617,5919,3011,2908,5985,3038,2947,5931,3014,2917,5423,2703,2720,6396,3160,3236,7455,3644,3811,8086,3888,4198,7934,3821,4113,6774,3211,3563,5193,2338,2855,3165,1380,1785,2655,1088,1567,44.6,43.0,46.3
050,42,001,Pennsylvania,Adams County,7,107594,53164,54430,4827,2516,2311,9920,5048,4872,5043,2593,2450,10864,5620,5244,90349,44308,46041,87804,43007,44797,38053,19507,18546,23396,11943,11453,27008,13248,13760,26536,12196,14340,4827,2516,2311,5211,2656,2555,5959,3041,2918,7316,3704,3612,7341,3860,3481,5460,2789,2671,5715,2949,2766,6158,3108,3050,6063,3097,2966,5458,2744,2714,6139,3030,3109,7222,3534,3688,8189,3940,4249,8012,3837,4175,7037,3332,3705,5487,2484,3003,3246,1408,1838,2754,1135,1619,44.8,43.2,46.6
050,42,003,Pennsylvania,Allegheny County,1,1250581,606380,644201,63581,32555,31026,115190,59154,56036,52223,26809,25414,121566,59784,61782,1045890,501353,544537,1019587,487862,531725,499656,250268,249388,338845,170334,168511,316499,153175,163324,242677,104569,138108,63581,32555,31026,63347,32455,30892,64821,33358,31463,72201,36459,35742,88610,43475,45135,93237,46780,46457,93508,47117,46391,82579,41612,40967,69521,34825,34696,67821,33833,33988,74191,36155,38036,84106,40082,44024,90381,43105,47276,79573,37504,42069,60371,27259,33112,40482,17147,23335,28243,11316,16927,34008,11343,22665,40.2,38.7,41.9
050,42,003,Pennsylvania,Allegheny County,2,1249585,606142,643443,63315,32419,30896,115067,59079,55988,52172,26815,25357,120750,59384,61366,1045322,501324,543998,1019031,487829,531202,499803,250382,249421,339826,170851,168975,314843,152433,162410,243612,105161,138451,63315,32419,30896,63363,32483,30880,64649,33264,31385,71600,36190,35410,88377,43341,45036,92965,46697,46268,93617,47120,46497,83166,41919,41247,70078,35115,34963,67243,33579,33664,73933,36096,37837,83485,39785,43700,90182,42973,47209,79961,37733,42228,61193,27642,33551,40424,17188,23236,28173,11270,16903,33861,11328,22533,40.2,38.7,41.9
050,42,003,Pennsylvania,Allegheny County,3,1245335,604075,641260,61709,31659,30050,113860,58373,55487,51763,26665,25098,121892,59651,62241,1044012,500736,543276,1018003,487378,530625,502923,251801,251122,342168,172159,170009,306136,148198,157938,247807,107370,140437,61709,31659,30050,63012,32308,30704,63748,32739,31009,71643,36267,35376,89112,43375,45737,91573,46188,45385,93591,46976,46615,84762,42729,42033,72242,36266,35976,64472,32164,32308,72971,35850,37121,79721,38023,41698,88972,42161,46811,81031,38285,42746,64872,29357,35515,40598,17429,23169,28228,11156,17072,33078,11143,21935,40.2,38.7,41.8
050,42,003,Pennsylvania,Allegheny County,4,1233325,598409,634916,60349,30978,29371,111936,57390,54546,51524,26568,24956,117886,57854,60032,1035150,496709,538441,1009516,483473,526043,498802,250044,248758,342501,172330,170171,296877,143712,153165,252252,109577,142675,60349,30978,29371,62239,31823,30416,62806,32275,30531,70524,35907,34617,85777,41807,43970,90078,45519,44559,93028,46589,46439,85445,43116,42329,73950,37106,36844,63542,31567,31975,71091,35164,35927,76164,36412,39752,86080,40569,45511,81854,38605,43249,65281,29686,35595,43982,19019,24963,28888,11346,17542,32247,10921,21326,40.4,38.9,42.0
050,42,003,Pennsylvania,Allegheny County,5,1228911,596621,632290,59343,30523,28820,110797,56863,53934,51380,26461,24919,114943,56666,58277,1033055,496051,537004,1007391,482774,524617,498631,249978,248653,344960,173365,171595,289255,140209,149046,258233,112534,145699,59343,30523,28820,61628,31517,30111,61821,31860,29961,70913,36130,34783,82758,40483,42275,90461,45374,45087,91930,46197,45733,86529,43552,42977,76040,38242,37798,64196,31850,32346,69022,34248,34774,73222,35146,38076,82815,38965,43850,82554,38791,43763,67121,30712,36409,45856,19923,25933,30296,12011,18285,32406,11097,21309,40.6,39.1,42.1
050,42,003,Pennsylvania,Allegheny County,6,1227174,596107,631067,58252,29979,28273,110678,56785,53893,50922,26249,24673,111516,55092,56424,1033225,496428,536797,1007322,483094,524228,498905,250054,248851,348867,175127,173740,283218,137551,145667,263721,115324,148397,58252,29979,28273,61356,31461,29895,61722,31738,29984,70694,35997,34697,79344,38930,40414,91382,45578,45804,91385,45947,45438,88166,44447,43719,77934,39155,38779,65817,32826,32991,66605,33063,33542,70917,34153,36764,79879,37509,42370,82396,38680,43716,69241,31766,37475,48634,21202,27432,30880,12462,18418,32570,11214,21356,40.7,39.3,42.2
050,42,003,Pennsylvania,Allegheny County,7,1225035,595301,629734,57427,29506,27921,110467,56714,53753,50361,25842,24519,108136,53672,54464,1032506,496387,536119,1006780,483239,523541,497648,249311,248337,351438,176088,175350,279064,136004,143060,268142,117475,150667,57427,29506,27921,61046,31300,29746,61708,31705,30003,69995,35594,34401,76215,37629,38586,92595,45741,46854,89723,45223,44500,89422,45175,44247,79698,39949,39749,67871,33941,33930,64436,32012,32424,69315,33579,35736,77442,36472,40970,81393,38055,43338,70959,32630,38329,52063,22738,29325,31285,12839,18446,32442,11213,21229,40.8,39.5,42.3
050,42,005,Pennsylvania,Armstrong County,1,65572,32685,32887,2981,1512,1469,6417,3272,3145,2966,1569,1397,4531,2376,2155,54701,27117,27584,53208,26332,26876,20916,10766,10150,14152,7209,6943,19563,9871,9692,14962,6876,8086,2981,1512,1469,3414,1749,1665,3736,1911,1825,3509,1845,1664,3255,1712,1543,3332,1727,1605,3454,1754,1700,3598,1814,1784,3768,1914,1854,4048,2039,2009,4491,2263,2228,5306,2657,2649,5718,2912,2806,4727,2351,2376,4008,1944,2064,2557,1180,1377,1864,773,1091,1806,628,1178,47.3,46.0,48.5
050,42,005,Pennsylvania,Armstrong County,2,65496,32649,32847,2971,1503,1468,6390,3264,3126,2972,1568,1404,4527,2380,2147,54656,27106,27550,53163,26314,26849,20898,10760,10138,14138,7194,6944,19452,9812,9640,15046,6928,8118,2971,1503,1468,3390,1738,1652,3739,1908,1831,3491,1843,1648,3269,1723,1546,3317,1714,1603,3457,1755,1702,3604,1816,1788,3760,1909,1851,4013,2019,1994,4468,2251,2217,5263,2638,2625,5708,2904,2804,4768,2372,2396,4045,1966,2079,2575,1189,1386,1861,778,1083,1797,623,1174,47.3,46.1,48.5
050,42,005,Pennsylvania,Armstrong County,3,65283,32539,32744,2932,1452,1480,6304,3223,3081,2989,1564,1425,4548,2425,2123,54543,27088,27455,53058,26300,26758,20910,10811,10099,14116,7198,6918,18996,9557,9439,15398,7120,8278,2932,1452,1480,3304,1700,1604,3743,1899,1844,3461,1832,1629,3333,1781,1552,3322,1712,1610,3440,1755,1685,3606,1816,1790,3748,1915,1833,3835,1936,1899,4417,2225,2192,5040,2519,2521,5704,2877,2827,4889,2439,2450,4218,2042,2176,2628,1227,1401,1852,776,1076,1811,636,1175,47.4,46.1,48.6
050,42,005,Pennsylvania,Armstrong County,4,64724,32299,32425,2882,1455,1427,6180,3166,3014,3046,1577,1469,4431,2367,2064,54138,26897,27241,52616,26101,26515,20788,10722,10066,14088,7181,6907,18378,9277,9101,15719,7276,8443,2882,1455,1427,3254,1682,1572,3703,1887,1816,3457,1834,1623,3243,1707,1536,3374,1755,1619,3425,1755,1670,3586,1806,1780,3703,1865,1838,3744,1909,1835,4330,2194,2136,4761,2386,2375,5543,2788,2755,5040,2543,2497,4187,2012,2175,2831,1318,1513,1850,784,1066,1811,619,1192,47.3,46.0,48.7
050,42,005,Pennsylvania,Armstrong County,5,64157,31994,32163,2832,1422,1410,6071,3111,2960,3002,1549,1453,4373,2317,2056,53747,26684,27063,52252,25912,26340,20600,10603,9997,13957,7109,6848,17831,8997,8834,16091,7489,8602,2832,1422,1410,3180,1633,1547,3623,1850,1773,3439,1815,1624,3204,1679,1525,3372,1744,1628,3390,1739,1651,3594,1816,1778,3601,1810,1791,3704,1890,1814,4208,2149,2059,4575,2304,2271,5344,2654,2690,5196,2610,2586,4200,2030,2170,2989,1416,1573,1897,802,1095,1809,631,1178,47.5,46.3,48.7
050,42,005,Pennsylvania,Armstrong County,6,63755,31765,31990,2794,1413,1381,5945,3049,2896,2991,1521,1470,4302,2249,2053,53549,26572,26977,52025,25782,26243,20432,10459,9973,13884,7056,6828,17387,8764,8623,16452,7713,8739,2794,1413,1381,3124,1587,1537,3566,1829,1737,3422,1801,1621,3126,1602,1524,3452,1789,1663,3355,1720,1635,3573,1794,1779,3504,1753,1751,3730,1908,1822,4032,2049,1983,4457,2229,2228,5168,2578,2590,5290,2684,2606,4215,2054,2161,3206,1488,1718,1944,844,1100,1797,643,1154,47.6,46.5,48.8
050,42,005,Pennsylvania,Armstrong County,7,63698,31743,31955,2764,1364,1400,5863,3010,2853,2984,1504,1480,4268,2232,2036,53587,26629,26958,52087,25865,26222,20595,10564,10031,14067,7198,6869,16970,8569,8401,16782,7866,8916,2764,1364,1400,3114,1572,1542,3473,1808,1665,3426,1763,1663,3102,1603,1499,3583,1856,1727,3369,1738,1631,3537,1795,1742,3578,1809,1769,3704,1885,1819,3920,1973,1947,4335,2187,2148,5011,2524,2487,5312,2682,2630,4285,2098,2187,3417,1563,1854,1948,865,1083,1820,658,1162,47.5,46.5,48.7
050,42,007,Pennsylvania,Beaver County,1,168224,82468,85756,8170,4207,3963,16324,8388,7936,7613,3879,3734,12015,6235,5780,139939,67942,71997,136117,65994,70123,56721,28910,27811,38947,19721,19226,47917,23620,24297,37238,16418,20820,8170,4207,3963,8836,4527,4309,9342,4786,4556,9461,4853,4608,8313,4336,3977,9321,4765,4556,10047,5013,5034,10162,5219,4943,9417,4724,4693,9585,4804,4781,10947,5405,5542,13325,6535,6790,14060,6876,7184,11863,5681,6182,9402,4403,4999,6359,2771,3588,4637,1842,2795,4977,1721,3256,45.6,43.6,47.5
050,42,007,Pennsylvania,Beaver County,2,167857,82251,85606,8084,4171,3913,16299,8358,7941,7603,3857,3746,11991,6233,5758,139702,67809,71893,135871,65865,70006,56659,28872,27787,38924,19713,19211,47578,23434,24144,37378,16485,20893,8084,4171,3913,8830,4506,4324,9328,4783,4545,9405,4813,4592,8330,4346,3984,9251,4721,4530,10017,5014,5003,10185,5215,4970,9471,4763,4708,9458,4737,4721,10901,5380,5521,13239,6490,6749,13980,6827,7153,11966,5742,6224,9474,4431,5043,6363,2768,3595,4618,1831,2787,4957,1713,3244,45.6,43.6,47.5
050,42,007,Pennsylvania,Beaver County,3,166976,81866,85110,7951,4150,3801,16226,8279,7947,7544,3808,3736,12039,6287,5752,139062,67547,71515,135255,65629,69626,56679,28878,27801,38999,19756,19243,46184,22733,23451,38033,16853,21180,7951,4150,3801,8861,4455,4406,9268,4797,4471,9167,4681,4486,8513,4441,4072,8988,4550,4438,10031,5041,4990,10235,5198,5037,9745,4967,4778,8990,4506,4484,10689,5270,5419,12729,6247,6482,13776,6710,7066,12325,5936,6389,9877,4621,5256,6424,2795,3629,4544,1808,2736,4863,1693,3170,45.4,43.6,47.3
050,42,007,Pennsylvania,Beaver County,4,165703,81220,84483,7759,3999,3760,16000,8120,7880,7569,3861,3708,11985,6240,5745,138120,67132,70988,134375,65240,69135,56474,28836,27638,38854,19731,19123,44993,22150,22843,38543,17119,21424,7759,3999,3760,8774,4401,4373,9160,4715,4445,9072,4638,4434,8548,4467,4081,8736,4477,4259,10051,5047,5004,10131,5104,5027,9936,5103,4833,8907,4461,4446,10311,5119,5192,12120,5941,6179,13655,6629,7026,12410,5964,6446,9923,4681,5242,6931,3006,3925,4508,1833,2675,4771,1635,3136,45.4,43.6,47.3
050,42,007,Pennsylvania,Beaver County,5,165680,81213,84467,7760,3939,3821,15804,8025,7779,7491,3846,3645,12010,6216,5794,138361,67298,71063,134625,65403,69222,57005,29102,27903,39344,19994,19350,43851,21630,22221,39420,17563,21857,7760,3939,3821,8618,4350,4268,9026,4629,4397,9096,4676,4420,8565,4432,4133,8899,4534,4365,10187,5173,5014,10112,5114,4998,10146,5173,4973,8952,4477,4475,9974,4984,4990,11530,5644,5886,13395,6525,6870,12614,6072,6542,10143,4747,5396,7218,3202,4016,4629,1892,2737,4816,1650,3166,45.2,43.6,47.1
050,42,007,Pennsylvania,Beaver County,6,165769,81315,84454,7712,3890,3822,15616,7956,7660,7473,3863,3610,11973,6197,5776,138806,67595,71211,134968,65606,69362,57362,29269,28093,39742,20147,19595,42896,21189,21707,40357,18073,22284,7712,3890,3822,8489,4326,4163,8953,4568,4385,9081,4709,4372,8539,4413,4126,9134,4648,4486,10159,5185,4974,10331,5201,5130,10118,5113,5005,9118,4584,4534,9760,4867,4893,11002,5375,5627,13016,6363,6653,12806,6176,6630,10454,4894,5560,7601,3405,4196,4699,1945,2754,4797,1653,3144,45.2,43.6,46.9
050,42,007,Pennsylvania,Beaver County,7,166032,81633,84399,7664,3862,3802,15589,7926,7663,7359,3812,3547,11885,6165,5720,139170,67990,71180,135420,66033,69387,57675,29561,28114,40204,20497,19707,42130,20821,21309,41201,18550,22651,7664,3862,3802,8425,4320,4105,8937,4519,4418,9041,4715,4326,8430,4349,4081,9336,4838,4498,10105,5153,4952,10466,5283,5183,10297,5223,5074,9366,4716,4650,9391,4701,4690,10624,5208,5416,12749,6196,6553,12870,6233,6637,10864,5067,5797,7998,3625,4373,4702,1975,2727,4767,1650,3117,45.2,43.6,46.8
050,42,009,Pennsylvania,Bedford County,1,47567,23620,23947,2381,1235,1146,4589,2325,2264,2294,1152,1142,3413,1767,1646,39467,19494,19973,38303,18908,19395,14825,7558,7267,9693,4929,4764,14056,7067,6989,11141,5145,5996,2381,1235,1146,2476,1270,1206,2688,1345,1343,2751,1408,1343,2381,1221,1160,2410,1252,1158,2392,1252,1140,2421,1190,1231,2470,1235,1235,2986,1462,1524,3263,1672,1591,3852,1926,1926,3955,2007,1948,3435,1675,1760,2758,1316,1442,2151,1015,1136,1468,641,827,1329,498,831,47.6,46.6,48.5
050,42,009,Pennsylvania,Bedford County,2,47569,23637,23932,2390,1241,1149,4593,2325,2268,2280,1144,1136,3407,1757,1650,39465,19511,19954,38306,18927,19379,14827,7567,7260,9699,4946,4753,14013,7050,6963,11187,5174,6013,2390,1241,1149,2479,1271,1208,2673,1334,1339,2721,1392,1329,2407,1229,1178,2400,1250,1150,2405,1266,1139,2418,1192,1226,2476,1238,1238,2943,1441,1502,3254,1665,1589,3834,1921,1913,3982,2023,1959,3464,1685,1779,2767,1329,1438,2144,1014,1130,1469,641,828,1343,505,838,47.6,46.6,48.5
050,42,009,Pennsylvania,Bedford County,3,47500,23632,23868,2390,1243,1147,4560,2334,2226,2243,1129,1114,3497,1804,1693,39452,19506,19946,38307,18926,19381,14950,7638,7312,9746,4969,4777,13736,6903,6833,11328,5250,6078,2390,1243,1147,2471,1290,1181,2625,1308,1317,2665,1365,1300,2539,1304,1235,2356,1231,1125,2454,1297,1157,2394,1180,1214,2542,1261,1281,2733,1327,1406,3253,1668,1585,3687,1852,1835,4063,2056,2007,3554,1722,1832,2844,1376,1468,2094,993,1101,1476,633,843,1360,526,834,47.6,46.4,48.7
050,42,009,Pennsylvania,Bedford County,4,47373,23590,23783,2379,1212,1167,4613,2365,2248,2194,1100,1094,3452,1800,1652,39311,19479,19832,38187,18913,19274,14927,7652,7275,9811,5017,4794,13378,6726,6652,11546,5370,6176,2379,1212,1167,2519,1325,1194,2624,1305,1319,2583,1322,1261,2533,1313,1220,2337,1216,1121,2535,1344,1191,2404,1207,1197,2535,1250,1285,2583,1266,1317,3245,1635,1610,3545,1801,1744,4005,2024,1981,3639,1790,1849,2871,1378,1493,2204,1048,1156,1496,640,856,1336,514,822,47.5,46.2,48.7
050,42,009,Pennsylvania,Bedford County,5,47448,23605,23843,2398,1228,1170,4644,2377,2267,2187,1087,1100,3396,1761,1635,39343,19470,19873,38219,18913,19306,14921,7636,7285,9869,5053,4816,13095,6571,6524,11859,5528,6331,2398,1228,1170,2536,1324,1212,2639,1318,1321,2545,1289,1256,2507,1294,1213,2346,1221,1125,2568,1351,1217,2411,1210,1201,2544,1271,1273,2566,1268,1298,3213,1592,1621,3397,1742,1655,3919,1969,1950,3714,1814,1900,2983,1450,1533,2216,1054,1162,1568,664,904,1378,546,832,47.4,46.1,48.7
050,42,009,Pennsylvania,Bedford County,6,47566,23663,23903,2444,1242,1202,4638,2386,2252,2158,1076,1082,3307,1706,1601,39399,19500,19899,38326,18959,19367,14976,7688,7288,10069,5177,4892,12734,6368,6366,12216,5708,6508,2444,1242,1202,2552,1315,1237,2644,1342,1302,2495,1264,1231,2412,1247,1165,2508,1307,1201,2535,1316,1219,2460,1267,1193,2566,1287,1279,2510,1244,1266,3120,1554,1566,3274,1652,1622,3830,1918,1912,3830,1888,1942,3086,1490,1596,2310,1085,1225,1573,689,884,1417,556,861,47.3,46.0,48.7
050,42,009,Pennsylvania,Bedford County,7,47480,23641,23839,2433,1239,1194,4627,2389,2238,2136,1058,1078,3192,1661,1531,39343,19488,19855,38284,18955,19329,14946,7676,7270,10132,5213,4919,12404,6214,6190,12556,5867,6689,2433,1239,1194,2530,1291,1239,2611,1354,1257,2491,1254,1237,2323,1209,1114,2603,1331,1272,2503,1309,1194,2496,1305,1191,2530,1268,1262,2499,1247,1252,2967,1451,1516,3202,1643,1559,3736,1873,1863,3922,1958,1964,3189,1504,1685,2418,1121,1297,1566,703,863,1461,581,880,47.4,46.0,48.8
050,42,011,Pennsylvania,Berks County,1,428836,210325,218511,23712,12154,11558,48413,24807,23606,23281,11831,11450,41056,20567,20489,345093,167494,177599,333430,161533,171897,158966,79156,79810,100354,49650,50704,114578,56309,58269,77442,35007,42435,23712,12154,11558,25839,13199,12640,28299,14500,13799,30326,15333,14993,28286,14173,14113,25278,12796,12482,25728,12639,13089,25320,12391,12929,24028,11824,12204,25691,12643,13048,28297,13870,14427,31398,15406,15992,29192,14390,14802,24578,11964,12614,20354,9603,10751,13493,6000,7493,8864,3756,5108,10153,3684,6469,40.3,39.2,41.5
050,42,011,Pennsylvania,Berks County,2,428651,210262,218389,23645,12121,11524,48263,24718,23545,23298,11835,11463,41112,20589,20523,345160,167563,177597,333445,161588,171857,159220,79301,79919,100528,49774,50754,114175,56107,58068,77630,35118,42512,23645,12121,11524,25779,13166,12613,28202,14449,13753,30188,15259,14929,28504,14268,14236,25182,12761,12421,25827,12698,13129,25399,12454,12945,24120,11861,12259,25430,12529,12901,28207,13834,14373,31256,15312,15944,29282,14432,14850,24692,12012,12680,20528,9690,10838,13533,6025,7508,8848,3746,5102,10029,3645,6384,40.3,39.2,41.4
050,42,011,Pennsylvania,Berks County,3,429671,210889,218782,23291,12053,11238,47917,24467,23450,23268,11852,11416,41659,20885,20774,347030,168531,178499,335195,162517,172678,160882,80234,80648,101675,50449,51226,112528,55290,57238,79333,35893,43440,23291,12053,11238,25796,13171,12625,27841,14248,13593,29808,15092,14716,29399,14693,14706,25032,12770,12262,26387,12997,13390,25687,12632,13055,24569,12050,12519,24479,12084,12395,27969,13696,14273,30432,14891,15541,29648,14619,15029,25091,12183,12908,21406,10111,11295,13834,6157,7677,9048,3838,5210,9954,3604,6350,40.3,39.1,41.5
050,42,011,Pennsylvania,Berks County,4,432214,212134,220080,23440,12075,11365,47412,24255,23157,23364,11934,11430,43056,21540,21516,349686,169768,179918,337998,163870,174128,163513,81724,81789,102998,51303,51695,110730,54333,56397,81214,36694,44520,23440,12075,11365,25617,13054,12563,27700,14254,13446,30179,15344,14835,30336,15077,15259,24912,12774,12138,26937,13384,13553,26001,12824,13177,25148,12321,12827,24053,11803,12250,27403,13480,13923,29645,14445,15200,29629,14605,15024,25626,12392,13234,21163,10030,11133,15198,6786,8412,9312,3922,5390,9915,3564,6351,40.2,38.9,41.4
050,42,011,Pennsylvania,Berks County,5,435061,213529,221532,23511,12020,11491,47336,24241,23095,23243,11953,11290,43273,21665,21608,352602,171247,181355,340971,165315,175656,165665,82843,82822,104795,52163,52632,109335,53617,55718,83568,37870,45698,23511,12020,11491,25606,13089,12517,27376,14090,13286,30466,15496,14970,30404,15184,15220,25281,12991,12290,27194,13483,13711,26569,13100,13469,25751,12589,13162,23994,11807,12187,26859,13288,13571,28862,13927,14935,29620,14595,15025,26287,12703,13584,21376,10205,11171,15969,7145,8824,9911,4214,5697,10025,3603,6422,40.2,38.9,41.4
050,42,011,Pennsylvania,Berks County,6,438379,215176,223203,23574,12024,11550,47499,24335,23164,23289,11900,11389,43363,21551,21812,355939,173035,182904,344017,166917,177100,167602,83956,83646,106604,53346,53258,108184,52969,55215,85866,39051,46815,23574,12024,11550,25578,13054,12524,27575,14122,13453,30339,15350,14989,30659,15260,15399,25956,13412,12544,27256,13665,13591,27223,13527,13696,26169,12742,13427,24195,11910,12285,26365,13041,13324,27902,13439,14463,29722,14579,15143,26896,13069,13827,21613,10269,11344,16976,7729,9247,10260,4329,5931,10121,3655,6466,40.2,38.9,41.5
050,42,011,Pennsylvania,Berks County,7,440072,216322,223750,23394,11935,11459,47269,24227,23042,23111,11826,11285,43258,21568,21690,358055,174407,183648,346298,168334,177964,168764,84774,83990,108045,54262,53783,106906,52291,54615,88089,40213,47876,23394,11935,11459,25382,12978,12404,27537,14131,13406,30108,15281,14827,30611,15231,15380,26835,13903,12932,26882,13560,13322,27917,13840,14077,26411,12959,13452,24645,12105,12540,25476,12570,12906,27256,13260,13996,29529,14356,15173,27240,13326,13914,22187,10479,11708,17843,8230,9613,10595,4488,6107,10224,3690,6534,40.3,39.0,41.5
050,42,013,Pennsylvania,Blair County,1,122824,60244,62580,6186,3139,3047,12541,6515,6026,5857,3034,2823,10244,5326,4918,101199,49103,52096,98240,47556,50684,42359,21547,20812,27707,13923,13784,33022,16397,16625,27267,11910,15357,6186,3139,3047,6685,3468,3217,7305,3783,3522,7202,3760,3442,7450,3864,3586,6762,3458,3304,6882,3429,3453,7121,3590,3531,6942,3446,3496,7337,3754,3583,7827,3857,3970,8756,4330,4426,9102,4456,4646,8341,3987,4354,7034,3294,3740,4870,2123,2747,3276,1295,1981,3746,1211,2535,44.2,42.3,46.1
050,42,013,Pennsylvania,Blair County,2,122667,60161,62506,6151,3106,3045,12503,6504,5999,5852,3035,2817,10273,5344,4929,101122,49069,52053,98161,47516,50645,42340,21544,20796,27655,13898,13757,32865,16316,16549,27368,11958,15410,6151,3106,3045,6660,3462,3198,7283,3775,3508,7145,3721,3424,7540,3925,3615,6692,3418,3274,6905,3441,3464,7096,3579,3517,6962,3460,3502,7263,3724,3539,7803,3848,3955,8715,4304,4411,9084,4440,4644,8359,4002,4357,7110,3327,3783,4867,2118,2749,3278,1294,1984,3754,1217,2537,44.2,42.3,46.1
050,42,013,Pennsylvania,Blair County,3,122147,59907,62240,5999,3047,2952,12427,6423,6004,5800,3005,2795,10619,5574,5045,100839,48969,51870,97921,47432,50489,42576,21699,20877,27604,13864,13740,32085,15906,16179,27613,12088,15525,5999,3047,2952,6637,3431,3206,7237,3736,3501,6941,3590,3351,8031,4245,3786,6515,3314,3201,7010,3490,3520,7042,3548,3494,7037,3512,3525,6919,3549,3370,7750,3840,3910,8445,4158,4287,8971,4359,4612,8369,3984,4385,7455,3498,3957,4769,2077,2692,3347,1319,2028,3673,1210,2463,44.0,42.1,45.9
050,42,013,Pennsylvania,Blair County,4,120774,59209,61565,5901,3047,2854,12151,6256,5895,5809,2993,2816,10322,5402,4920,99784,48385,51399,96913,46913,50000,41963,21427,20536,27336,13818,13518,31263,15452,15811,27992,12241,15751,5901,3047,2854,6585,3404,3181,7070,3638,3432,6836,3534,3302,7791,4075,3716,6391,3284,3107,6924,3444,3480,7068,3572,3496,6953,3518,3435,6708,3375,3333,7638,3798,3840,8167,4017,4150,8750,4262,4488,8423,3983,4440,7372,3477,3895,5111,2244,2867,3443,1353,2090,3643,1184,2459,44.2,42.3,46.1
050,42,013,Pennsylvania,Blair County,5,120360,59064,61296,5823,3008,2815,11949,6150,5799,5829,3018,2811,10363,5449,4914,99645,48368,51277,96759,46888,49871,42029,21538,20491,27276,13824,13452,30595,15099,15496,28525,12516,16009,5823,3008,2815,6475,3329,3146,6913,3574,3339,6911,3595,3316,7842,4119,3723,6394,3286,3108,6880,3501,3379,7019,3491,3528,6983,3546,3437,6726,3354,3372,7458,3707,3751,7910,3894,4016,8501,4144,4357,8442,4005,4437,7446,3521,3925,5347,2346,3001,3613,1433,2180,3677,1211,2466,44.2,42.3,46.2
050,42,013,Pennsylvania,Blair County,6,120051,58945,61106,5788,2961,2827,11719,6047,5672,5835,3050,2785,10189,5377,4812,99653,48428,51225,96709,46887,49822,42019,21572,20447,27456,13902,13554,30117,14846,15271,28947,12762,16185,5788,2961,2827,6367,3267,3100,6813,3537,3276,6847,3575,3272,7716,4095,3621,6592,3378,3214,6839,3511,3328,7020,3485,3535,7005,3528,3477,6779,3343,3436,7277,3664,3613,7669,3753,3916,8392,4086,4306,8409,4033,4376,7488,3545,3943,5596,2459,3137,3742,1490,2252,3712,1235,2477,44.3,42.4,46.3
050,42,013,Pennsylvania,Blair County,7,119541,58745,60796,5664,2877,2787,11635,6017,5618,5750,3002,2748,10012,5312,4700,99419,48397,51022,96492,46849,49643,41874,21527,20347,27475,13911,13564,29660,14662,14998,29345,12964,16381,5664,2877,2787,6259,3177,3082,6739,3538,3201,6819,3575,3244,7580,4041,3539,6772,3497,3275,6644,3376,3268,7026,3500,3526,7033,3538,3495,6804,3332,3472,7058,3596,3462,7494,3665,3829,8304,4069,4235,8312,4010,4302,7566,3545,4021,5932,2658,3274,3765,1482,2283,3770,1269,2501,44.4,42.5,46.4
050,42,015,Pennsylvania,Bradford County,1,59965,29831,30134,3399,1764,1635,6776,3453,3323,2934,1478,1456,4233,2144,2089,48324,23870,24454,46856,23136,23720,19667,9885,9782,13218,6631,6587,16570,8300,8270,12835,6061,6774,3399,1764,1635,3660,1842,1818,3834,1979,1855,3482,1760,1722,2967,1494,1473,3382,1701,1681,3415,1756,1659,3314,1662,1652,3107,1512,1595,3463,1746,1717,3938,1946,1992,4611,2332,2279,4558,2276,2282,3949,1987,1962,3329,1586,1743,2536,1209,1327,1607,709,898,1414,570,844,44.1,43.1,44.9
050,42,015,Pennsylvania,Bradford County,2,59975,29857,30118,3384,1762,1622,6756,3440,3316,2945,1489,1456,4252,2158,2094,48359,23900,24459,46890,23166,23724,19702,9910,9792,13239,6644,6595,16487,8266,8221,12912,6098,6814,3384,1762,1622,3658,1837,1821,3832,1984,1848,3462,1749,1713,3001,1517,1484,3372,1695,1677,3418,1761,1657,3335,1674,1661,3114,1514,1600,3409,1715,1694,3915,1942,1973,4601,2322,2279,4562,2287,2275,3985,1998,1987,3336,1594,1742,2542,1205,1337,1631,729,902,1418,572,846,44.0,43.1,44.9
050,42,015,Pennsylvania,Bradford County,3,60176,29932,30244,3393,1742,1651,6750,3419,3331,3001,1546,1455,4296,2178,2118,48510,23972,24538,47032,23225,23807,19912,10033,9879,13417,6733,6684,16162,8099,8063,13157,6215,6942,3393,1742,1651,3707,1855,1852,3845,1988,1857,3413,1746,1667,3082,1554,1528,3367,1685,1682,3487,1796,1691,3368,1699,1669,3195,1553,1642,3216,1608,1608,3851,1913,1938,4519,2264,2255,4576,2314,2262,4086,2032,2054,3417,1646,1771,2563,1200,1363,1697,772,925,1394,565,829,43.8,42.8,44.7
050,42,015,Pennsylvania,Bradford County,4,59825,29730,30095,3292,1702,1590,6650,3366,3284,3093,1601,1492,4268,2175,2093,48260,23807,24453,46790,23061,23729,19901,10047,9854,13364,6697,6667,15835,7898,7937,13323,6291,7032,3292,1702,1590,3667,1841,1826,3807,1951,1856,3424,1791,1633,3113,1559,1554,3184,1576,1608,3585,1849,1736,3407,1714,1693,3188,1558,1630,3137,1559,1578,3798,1875,1923,4326,2161,2165,4574,2303,2271,4171,2080,2091,3384,1641,1743,2668,1244,1424,1737,788,949,1363,538,825,43.7,42.7,44.7
050,42,015,Pennsylvania,Bradford County,5,59722,29752,29970,3243,1676,1567,6645,3354,3291,3100,1636,1464,4307,2237,2070,48274,23896,24378,46734,23086,23648,20070,10157,9913,13406,6684,6722,15398,7701,7697,13623,6464,7159,3243,1676,1567,3613,1856,1757,3775,1898,1877,3526,1852,1674,3138,1621,1517,3115,1539,1576,3610,1839,1771,3402,1707,1695,3279,1599,1680,3050,1524,1526,3718,1856,1862,4128,2051,2077,4502,2270,2232,4259,2126,2133,3403,1661,1742,2706,1268,1438,1859,844,1015,1396,565,831,43.6,42.7,44.6
050,42,015,Pennsylvania,Bradford County,6,59593,29676,29917,3176,1641,1535,6600,3345,3255,3154,1631,1523,4263,2228,2035,48290,23910,24380,46663,23059,23604,20135,10223,9912,13490,6736,6754,15019,7486,7533,13891,6609,7282,3176,1641,1535,3552,1836,1716,3820,1881,1939,3538,1871,1667,3107,1616,1491,3119,1571,1548,3562,1799,1763,3476,1741,1735,3333,1625,1708,3046,1516,1530,3563,1786,1777,3963,1946,2017,4447,2238,2209,4364,2179,2185,3455,1706,1749,2730,1270,1460,1900,873,1027,1442,581,861,43.7,42.7,44.6
050,42,015,Pennsylvania,Bradford County,7,59600,29690,29910,3121,1616,1505,6596,3346,3250,3096,1574,1522,4264,2245,2019,48357,23975,24382,46787,23154,23633,20261,10285,9976,13645,6843,6802,14770,7333,7437,14108,6733,7375,3121,1616,1505,3519,1838,1681,3821,1885,1936,3574,1869,1705,3042,1573,1469,3217,1636,1581,3524,1767,1757,3511,1762,1749,3393,1678,1715,3114,1535,1579,3361,1692,1669,3873,1907,1966,4422,2199,2223,4352,2178,2174,3574,1786,1788,2762,1272,1490,1926,894,1032,1494,603,891,43.6,42.7,44.6
050,42,017,Pennsylvania,Bucks County,1,646552,317134,329418,30219,15543,14676,66914,34057,32857,33927,17461,16466,51027,26675,24352,532695,258996,273699,515492,250073,265419,222376,112210,110166,145787,72362,73425,190960,93392,97568,127718,57644,70074,30219,15543,14676,35105,17836,17269,40174,20509,19665,40867,21207,19660,35722,18641,17081,32838,16742,16096,36508,18175,18333,39073,19103,19970,37368,18342,19026,40547,19882,20665,46583,22783,23800,52709,25766,26943,51121,24961,26160,41866,20260,21606,32870,15421,17449,22255,9937,12318,14625,6296,8329,16102,5730,10372,44.4,42.9,45.8
050,42,017,Pennsylvania,Bucks County,2,646212,317052,329160,30182,15496,14686,66628,33941,32687,33938,17446,16492,51086,26696,24390,532663,259082,273581,515464,250169,265295,222646,112397,110249,145987,72517,73470,190088,92965,97123,128303,57991,70312,30182,15496,14686,34957,17785,17172,40036,20418,19618,40695,21121,19574,35964,18759,17205,32748,16700,16048,36525,18197,18328,39153,19181,19972,37561,18439,19122,40134,19706,20428,46335,22693,23642,52458,25618,26840,51161,24948,26213,42206,20424,21782,33201,15588,17613,22345,10001,12344,14643,6299,8344,15908,5679,10229,44.3,42.9,45.7
050,42,017,Pennsylvania,Bucks County,3,647792,317940,329852,29931,15414,14517,65654,33479,32175,33821,17276,16545,51967,27160,24807,535446,260540,274906,518386,251771,266615,224949,113808,111141,147490,73574,73916,186374,91056,95318,132555,59981,72574,29931,15414,14517,34520,17579,16941,39463,20102,19361,40137,20779,19358,37322,19455,17867,32647,16810,15837,36610,18280,18330,39599,19492,20107,38634,18992,19642,38420,18884,19536,45614,22365,23249,50797,24743,26054,51543,25064,26479,43563,21059,22504,34871,16378,18493,23027,10324,12703,15050,6461,8589,16044,5759,10285,44.3,42.8,45.8
050,42,017,Pennsylvania,Bucks County,4,646351,317209,329142,30120,15518,14602,64733,32981,31752,33527,17068,16459,51396,26899,24497,534856,260245,274611,517971,251642,266329,224513,113654,110859,147819,73927,73892,182103,88921,93182,136653,61895,74758,30120,15518,14602,34110,17394,16716,38852,19827,19025,39592,20386,19206,37102,19341,17761,32517,16837,15680,35996,18020,17976,39774,19631,20143,39532,19439,20093,37723,18581,19142,44317,21734,22583,48955,23818,25137,51108,24788,26320,44785,21643,23142,34761,16345,18416,25283,11340,13943,15623,6658,8965,16201,5909,10292,44.4,42.9,45.9
050,42,017,Pennsylvania,Bucks County,5,647751,317913,329838,30111,15444,14667,64125,32813,31312,33290,16914,16376,51181,26607,24574,537182,261308,275874,520225,252742,267483,225672,114229,111443,149275,74781,74494,178619,87294,91325,141150,64060,77090,30111,15444,14667,34004,17475,16529,38195,19411,18784,39394,20292,19102,37003,19156,17847,33177,17306,15871,35675,17869,17806,39879,19545,20334,40544,20061,20483,37878,18658,19220,43034,21122,21912,47208,22983,24225,50499,24531,25968,46012,22151,23861,35477,16776,18701,26361,11840,14521,16717,7130,9587,16583,6163,10420,44.5,43.1,45.9
050,42,017,Pennsylvania,Bucks County,6,648416,318488,329928,30058,15447,14611,63673,32598,31075,32750,16648,16102,50582,26259,24323,538712,262327,276385,521935,253795,268140,226017,114536,111481,150615,75669,74946,175248,85736,89512,145490,66131,79359,30058,15447,14611,33925,17476,16449,37678,19162,18516,38826,19941,18885,36576,18926,17650,34071,17752,16319,35096,17782,17314,40390,19887,20503,41058,20248,20810,38099,18818,19281,41439,20331,21108,45699,22379,23320,50011,24208,25803,46608,22460,24148,36788,17404,19384,27682,12494,15188,17540,7456,10084,16872,6317,10555,44.6,43.2,46.0
050,42,017,Pennsylvania,Bucks County,7,647828,318248,329580,29786,15352,14434,62856,32209,30647,32311,16524,15787,49921,25701,24220,539367,262647,276720,522875,254163,268712,225239,114259,110980,150861,76017,74844,172294,84368,87926,149799,68077,81722,29786,15352,14434,33515,17388,16127,37195,18804,18391,38452,19773,18679,35926,18469,17457,34685,18132,16553,34526,17639,16887,40279,19945,20334,41371,20301,21070,38549,19021,19528,40145,19780,20365,44597,21824,22773,49003,23743,25260,46956,22529,24427,38392,18163,20229,29123,13225,15898,18171,7729,10442,17157,6431,10726,44.8,43.3,46.2
050,42,019,Pennsylvania,Butler County,1,193716,95912,97804,9402,4820,4582,19478,9989,9489,9564,4949,4615,18096,9054,9042,160104,78641,81463,155272,76154,79118,68565,34835,33730,43270,22045,21225,55237,27418,27819,38669,17637,21032,9402,4820,4582,10542,5443,5099,11301,5759,5542,13060,6597,6463,12235,6193,6042,9842,5158,4684,11036,5535,5501,11378,5777,5601,11014,5575,5439,11640,5846,5794,13693,6712,6981,14882,7401,7481,15022,7459,7563,12704,6254,6450,9839,4647,5192,6616,3002,3614,4574,1992,2582,4936,1742,3194,43.6,42.4,44.9
050,42,019,Pennsylvania,Butler County,2,194026,96056,97970,9415,4805,4610,19438,9966,9472,9567,4958,4609,18053,9010,9043,160452,78838,81614,155606,76327,79279,68719,34932,33787,43445,22167,21278,55079,27332,27747,39029,17818,21211,9415,4805,4610,10532,5439,5093,11252,5730,5522,12981,6551,6430,12293,6214,6079,9852,5170,4682,11067,5568,5499,11459,5825,5634,11067,5604,5463,11491,5782,5709,13658,6690,6968,14840,7364,7476,15090,7496,7594,12813,6292,6521,10015,4746,5269,6680,3033,3647,4577,1981,2596,4944,1766,3178,43.6,42.4,45.0
050,42,019,Pennsylvania,Butler County,3,196738,97199,99539,9282,4724,4558,19218,9848,9370,9513,4960,4553,20071,9746,10325,163578,80221,83357,158725,77667,81058,71548,36149,35399,44243,22603,21640,54186,26869,27317,40225,18449,21776,9282,4724,4558,10448,5367,5081,11049,5641,5408,14004,6920,7084,13301,6626,6675,10005,5251,4754,11246,5717,5529,11684,5944,5740,11308,5691,5617,10929,5524,5405,13524,6649,6875,14509,7146,7363,15224,7550,7674,13176,6441,6735,10742,5133,5609,6867,3123,3744,4628,1986,2642,4812,1766,3046,43.2,42.1,44.4
050,42,019,Pennsylvania,Butler County,4,197374,97485,99889,9270,4702,4568,19035,9777,9258,9371,4892,4479,19828,9637,10191,164487,80649,83838,159698,78114,81584,71918,36343,35575,45001,22985,22016,53210,26355,26855,41659,19137,22522,9270,4702,4568,10398,5354,5044,10919,5594,5325,13860,6874,6986,13057,6484,6573,10086,5276,4810,11256,5741,5515,12047,6080,5967,11612,5888,5724,10690,5364,5326,13096,6477,6619,14295,7051,7244,15129,7463,7666,13556,6628,6928,10860,5193,5667,7501,3416,4085,4882,2097,2785,4860,1803,3057,43.3,42.2,44.5
050,42,019,Pennsylvania,Butler County,5,198657,98103,100554,9251,4701,4550,18991,9788,9203,9345,4835,4510,19402,9446,9956,165835,81289,84546,161070,78779,82291,72435,36630,35805,45955,23488,22467,52391,25979,26412,43322,19866,23456,9251,4701,4550,10375,5353,5022,10883,5574,5309,13795,6854,6941,12685,6288,6397,10407,5433,4974,11308,5792,5516,12223,6163,6060,12017,6100,5917,10769,5414,5355,12583,6270,6313,14160,6935,7225,14879,7360,7519,13980,6846,7134,11220,5321,5899,7843,3580,4263,5246,2251,2995,5033,1868,3165,43.5,42.3,44.7
050,42,019,Pennsylvania,Butler County,6,199300,98425,100875,9156,4651,4505,18766,9675,9091,9139,4714,4425,18926,9224,9702,166932,81826,85106,162239,79385,82854,72710,36858,35852,46838,24039,22799,51648,25594,26054,44827,20528,24299,9156,4651,4505,10196,5219,4977,10763,5575,5188,13597,6732,6865,12275,6087,6188,10815,5653,5162,11394,5864,5530,12464,6288,6176,12165,6234,5931,10980,5491,5489,12056,6031,6025,13848,6797,7051,14764,7275,7489,14327,6984,7343,11522,5507,6015,8391,3811,4580,5373,2282,3091,5214,1944,3270,43.7,42.5,44.9
050,42,019,Pennsylvania,Butler County,7,200169,98829,101340,8960,4556,4404,18807,9667,9140,8967,4638,4329,18430,8968,9462,168073,82372,85701,163435,79968,83467,72890,37030,35860,47618,24516,23102,51020,25238,25782,46367,21246,25121,8960,4556,4404,10224,5233,4991,10708,5526,5182,13492,6672,6820,11780,5842,5938,11291,5906,5385,11344,5882,5462,12587,6354,6233,12396,6374,6022,11291,5698,5593,11568,5754,5814,13608,6700,6908,14553,7086,7467,14531,7106,7425,11989,5704,6285,9005,4124,4881,5500,2331,3169,5342,1981,3361,43.9,42.7,45.2
050,42,021,Pennsylvania,Cambria County,1,133464,66012,67452,6223,3223,3000,12775,6548,6227,6103,3164,2939,11955,6084,5871,111454,54731,56723,108363,53077,55286,44674,22863,21811,28119,14354,13765,37069,18616,18453,31220,14023,17197,6223,3223,3000,6815,3522,3293,7463,3765,3698,8412,4339,4073,8143,4170,3973,6729,3444,3285,7014,3513,3501,7046,3629,3417,7330,3768,3562,7990,4043,3947,8507,4310,4197,9671,4858,4813,10901,5405,5496,10197,4983,5214,7925,3860,4065,5293,2391,2902,3575,1447,2128,4230,1342,2888,46.0,44.5,47.6
050,42,021,Pennsylvania,Cambria County,2,133200,65871,67329,6191,3195,2996,12708,6510,6198,6122,3164,2958,11922,6073,5849,111274,54647,56627,108179,53002,55177,44544,22791,21753,28015,14307,13708,36863,18505,18358,31379,14117,17262,6191,3195,2996,6780,3506,3274,7443,3757,3686,8373,4314,4059,8156,4170,3986,6687,3435,3252,6991,3506,3485,7039,3615,3424,7298,3751,3547,7918,4013,3905,8483,4295,4188,9613,4823,4790,10849,5374,5475,10224,5008,5216,8051,3908,4143,5310,2409,2901,3574,1454,2120,4220,1338,2882,46.1,44.6,47.6
050,42,021,Pennsylvania,Cambria County,3,132251,65447,66804,6156,3181,2975,12588,6455,6133,6151,3138,3013,11902,6103,5799,110451,54273,56178,107356,52673,54683,44367,22689,21678,27845,14219,13626,35888,17974,17914,31721,14377,17344,6156,3181,2975,6752,3502,3250,7367,3724,3643,8242,4246,3996,8280,4224,4056,6539,3374,3165,7039,3550,3489,7019,3579,3440,7248,3716,3532,7547,3846,3701,8448,4255,4193,9280,4626,4654,10613,5247,5366,10257,5082,5175,8553,4111,4442,5308,2439,2869,3537,1460,2077,4066,1285,2781,46.0,44.5,47.5
050,42,021,Pennsylvania,Cambria County,4,131399,65091,66308,6033,3097,2936,12457,6438,6019,6236,3135,3101,11962,6158,5804,109778,53982,55796,106673,52421,54252,44269,22617,21652,27645,14111,13534,34734,17419,17315,32332,14733,17599,6033,3097,2936,6718,3528,3190,7313,3697,3616,8283,4242,4041,8341,4264,4077,6402,3328,3074,7048,3551,3497,7026,3547,3479,7169,3685,3484,7319,3733,3586,8311,4212,4099,8961,4469,4492,10143,5005,5138,10365,5139,5226,8680,4179,4501,5754,2648,3106,3613,1531,2082,3920,1236,2684,45.9,44.5,47.5
050,42,021,Pennsylvania,Cambria County,5,130590,64711,65879,5957,3081,2876,12360,6396,5964,6136,3111,3025,11987,6153,5834,109244,53683,55561,106137,52123,54014,44250,22609,21641,27582,14100,13482,33665,16881,16784,32903,14989,17914,5957,3081,2876,6650,3508,3142,7165,3643,3522,8335,4238,4097,8333,4271,4062,6404,3348,3056,6969,3510,3459,7088,3576,3512,7121,3666,3455,7253,3686,3567,8099,4117,3982,8624,4279,4345,9689,4799,4890,10449,5161,5288,8850,4224,4626,5972,2761,3211,3777,1621,2156,3855,1222,2633,45.9,44.3,47.5
050,42,021,Pennsylvania,Cambria County,6,129905,64477,65428,5925,3034,2891,12196,6342,5854,6059,3069,2990,11848,6084,5764,108870,53617,55253,105725,52032,53693,44103,22644,21459,27643,14209,13434,32857,16496,16361,33377,15243,18134,5925,3034,2891,6569,3463,3106,7074,3597,3477,8222,4166,4056,8238,4269,3969,6449,3389,3060,6850,3480,3370,7201,3640,3561,7143,3700,3443,7224,3706,3518,7849,3951,3898,8367,4171,4196,9417,4668,4749,10307,5112,5195,9047,4293,4754,6296,2935,3361,3894,1662,2232,3833,1241,2592,45.9,44.4,47.5
050,42,021,Pennsylvania,Cambria County,7,128968,63960,65008,5778,2967,2811,12046,6258,5788,5929,3001,2928,11718,6005,5713,108254,53294,54960,105215,51734,53481,43755,22395,21360,27537,14113,13424,32189,16154,16035,33771,15462,18309,5778,2967,2811,6514,3402,3112,6961,3580,3381,8118,4080,4038,8100,4202,3898,6609,3453,3156,6681,3422,3259,7165,3594,3571,7082,3644,3438,7194,3696,3498,7665,3839,3826,8187,4078,4109,9143,4541,4602,10146,5005,5141,9128,4371,4757,6725,3159,3566,3953,1673,2280,3819,1254,2565,46.0,44.5,47.6
050,42,023,Pennsylvania,Cameron County,1,4544,2342,2202,193,109,84,420,220,200,194,105,89,261,134,127,3845,1966,1879,3737,1908,1829,1286,680,606,876,465,411,1352,684,668,1248,625,623,193,109,84,237,118,119,228,126,102,237,131,106,173,84,89,201,104,97,222,126,96,247,121,126,206,114,92,257,136,121,288,139,149,401,205,196,406,204,202,402,210,192,332,185,147,228,114,114,126,50,76,160,66,94,51.2,50.1,52.5
050,42,023,Pennsylvania,Cameron County,2,4529,2334,2195,193,112,81,418,217,201,188,101,87,264,136,128,3832,1959,1873,3730,1904,1826,1279,676,603,871,462,409,1344,682,662,1251,624,627,193,112,81,234,116,118,228,124,104,230,128,102,178,86,92,195,101,94,223,125,98,246,122,124,207,114,93,254,136,118,288,139,149,399,202,197,403,205,198,405,212,193,334,184,150,225,113,112,129,52,77,158,63,95,51.4,50.1,52.7
050,42,023,Pennsylvania,Cameron County,3,4463,2307,2156,174,99,75,422,223,199,179,98,81,267,138,129,3778,1938,1840,3688,1887,1801,1252,659,593,853,449,404,1299,666,633,1269,634,635,174,99,75,239,123,116,230,126,104,216,123,93,183,87,96,192,100,92,213,113,100,230,120,110,218,116,102,238,134,104,273,129,144,381,192,189,407,211,196,412,212,200,345,188,157,215,113,102,146,64,82,151,57,94,51.8,50.5,53.0
050,42,023,Pennsylvania,Cameron County,4,4403,2259,2144,173,101,72,425,216,209,168,94,74,253,128,125,3719,1892,1827,3637,1848,1789,1229,639,590,848,442,406,1269,647,622,1267,631,636,173,101,72,229,116,113,236,125,111,209,115,94,172,82,90,204,106,98,195,95,100,225,124,101,224,117,107,227,125,102,268,129,139,359,180,179,415,213,202,404,207,197,325,172,153,255,135,120,141,66,75,142,51,91,52.0,50.9,52.9
050,42,023,Pennsylvania,Cameron County,5,4381,2247,2134,166,93,73,420,217,203,181,98,83,259,137,122,3709,1889,1820,3614,1839,1775,1247,656,591,854,444,410,1216,617,599,1285,641,644,166,93,73,222,116,106,245,124,121,206,118,88,187,94,93,195,104,91,200,94,106,220,125,95,239,121,118,217,116,101,275,138,137,312,152,160,412,211,201,400,198,202,324,179,145,271,144,127,150,69,81,140,51,89,51.8,50.7,52.9
050,42,023,Pennsylvania,Cameron County,6,4332,2224,2108,142,84,58,418,218,200,189,98,91,266,147,119,3675,1878,1797,3583,1824,1759,1244,653,591,838,429,409,1172,597,575,1307,651,656,142,84,58,219,112,107,248,127,121,209,114,95,197,110,87,175,85,90,208,108,100,213,120,93,242,116,126,206,109,97,278,141,137,296,138,158,392,209,183,387,189,198,337,188,149,275,148,127,158,73,85,150,53,97,52.1,51.1,53.1
050,42,023,Pennsylvania,Cameron County,7,4211,2154,2057,127,70,57,392,205,187,182,91,91,261,148,113,3595,1835,1760,3510,1788,1722,1203,634,569,807,418,389,1126,557,569,1316,665,651,127,70,57,203,110,93,236,118,118,209,107,102,187,109,78,176,88,88,195,98,97,206,117,89,230,115,115,206,106,100,251,125,126,283,134,149,386,192,194,365,190,175,347,190,157,283,153,130,160,75,85,161,57,104,52.8,51.8,53.8
050,42,025,Pennsylvania,Carbon County,1,64761,32033,32728,2954,1504,1450,6351,3205,3146,3176,1645,1531,4442,2326,2116,53880,26512,27368,52280,25679,26601,21000,10700,10300,14213,7165,7048,19434,9609,9825,14191,6579,7612,2954,1504,1450,3310,1683,1627,3872,1958,1914,3686,1911,1775,3101,1624,1477,3279,1656,1623,3633,1827,1806,3635,1813,1822,3666,1869,1797,4074,2013,2061,4809,2401,2408,5214,2559,2655,5337,2636,2701,4655,2300,2355,3795,1918,1877,2545,1157,1388,1572,649,923,1624,555,1069,46.7,45.5,47.8
050,42,025,Pennsylvania,Carbon County,2,64765,32062,32703,2945,1491,1454,6328,3200,3128,3165,1640,1525,4456,2348,2108,53916,26555,27361,52327,25731,26596,21054,10749,10305,14243,7187,7056,19362,9576,9786,14266,6620,7646,2945,1491,1454,3303,1685,1618,3835,1941,1894,3685,1917,1768,3126,1645,1481,3275,1662,1613,3645,1829,1816,3638,1815,1823,3685,1881,1804,4044,1995,2049,4772,2380,2392,5210,2563,2647,5336,2638,2698,4691,2315,2376,3828,1932,1896,2559,1165,1394,1563,648,915,1625,560,1065,46.7,45.4,47.8
050,42,025,Pennsylvania,Carbon County,3,65558,32485,33073,3086,1576,1510,6376,3258,3118,3171,1618,1553,4662,2462,2200,54498,26833,27665,52925,26033,26892,21672,11059,10613,14620,7376,7244,19050,9427,9623,14593,6768,7825,3086,1576,1510,3374,1739,1635,3783,1916,1867,3706,1920,1786,3346,1763,1583,3295,1685,1610,3844,1937,1907,3674,1817,1857,3807,1937,1870,3868,1916,1952,4711,2360,2351,5153,2536,2617,5318,2615,2703,4849,2392,2457,3984,1965,2019,2583,1185,1398,1596,692,904,1581,534,1047,46.2,44.9,47.5
050,42,025,Pennsylvania,Carbon County,4,65485,32477,33008,3010,1533,1477,6240,3213,3027,3257,1656,1601,4628,2451,2177,54588,26901,27687,52978,26075,26903,21704,11090,10614,14686,7418,7268,18773,9297,9476,14891,6909,7982,3010,1533,1477,3349,1750,1599,3758,1898,1860,3658,1909,1749,3360,1763,1597,3310,1694,1616,3887,1970,1917,3702,1835,1867,3787,1919,1868,3788,1902,1886,4631,2338,2293,5048,2468,2580,5306,2589,2717,4950,2443,2507,3917,1942,1975,2840,1308,1532,1641,687,954,1543,529,1014,46.2,44.9,47.6
050,42,025,Pennsylvania,Carbon County,5,65443,32451,32992,2929,1514,1415,6129,3144,2985,3242,1659,1583,4648,2417,2231,54756,26966,27790,53143,26134,27009,21930,11185,10745,14813,7510,7303,18379,9103,9276,15303,7104,8199,2929,1514,1415,3354,1735,1619,3548,1810,1738,3714,1930,1784,3403,1745,1658,3382,1752,1630,3790,1923,1867,3791,1866,1925,3850,1969,1881,3711,1880,1831,4513,2262,2251,4897,2372,2525,5258,2589,2669,5003,2473,2530,4023,1957,2066,2966,1387,1579,1720,730,990,1591,557,1034,46.3,45.0,47.6
050,42,025,Pennsylvania,Carbon County,6,65709,32580,33129,2949,1514,1435,6133,3173,2960,3116,1608,1508,4706,2482,2224,55116,27106,28010,53511,26285,27226,22156,11313,10843,15071,7607,7464,18010,8912,9098,15724,7284,8440,2949,1514,1435,3327,1739,1588,3543,1818,1725,3646,1899,1747,3439,1807,1632,3511,1800,1711,3801,1921,1880,3867,1920,1947,3892,1966,1926,3734,1865,1869,4332,2174,2158,4832,2360,2472,5112,2513,2599,5091,2497,2594,4156,2010,2146,3094,1461,1633,1789,772,1017,1594,544,1050,46.2,44.8,47.6
050,42,025,Pennsylvania,Carbon County,7,65868,32744,33124,2880,1512,1368,6097,3185,2912,3063,1565,1498,4621,2448,2173,55447,27301,28146,53828,26482,27346,22217,11370,10847,15249,7731,7518,17936,8853,9083,16022,7450,8572,2880,1512,1368,3305,1759,1546,3508,1800,1708,3594,1865,1729,3374,1774,1600,3594,1865,1729,3764,1891,1873,4036,2061,1975,3855,1914,1941,3836,1931,1905,4109,2040,2069,4796,2366,2430,5195,2516,2679,5076,2518,2558,4291,2063,2228,3225,1548,1677,1841,774,1067,1589,547,1042,46.3,44.8,47.8
050,42,027,Pennsylvania,Centre County,1,158171,82133,76038,6051,3119,2932,12021,6151,5870,5919,3003,2916,40315,21376,18939,137303,71419,65884,134180,69860,64320,81625,43940,37685,36774,20291,16483,33180,17123,16057,23911,11070,12841,6051,3119,2932,6647,3442,3205,6757,3439,3318,11375,4995,6380,33476,18654,14822,11686,6445,5241,9471,5323,4148,8196,4516,3680,7421,4007,3414,7645,4068,3577,8252,4263,3989,8837,4449,4388,8446,4343,4103,7451,3752,3699,6145,2951,3194,4208,1912,2296,3030,1306,1724,3077,1149,1928,31.5,30.8,32.5
050,42,027,Pennsylvania,Centre County,2,158035,82092,75943,5985,3079,2906,11982,6135,5847,5893,2990,2903,40341,21430,18911,137265,71436,65829,134175,69888,64287,81581,43965,37616,36738,20268,16470,33020,17032,15988,24076,11158,12918,5985,3079,2906,6628,3423,3205,6745,3435,3310,10969,4814,6155,33874,18883,14991,11582,6373,5209,9481,5333,4148,8227,4544,3683,7448,4018,3430,7546,4007,3539,8253,4278,3975,8802,4414,4388,8419,4333,4086,7528,3788,3740,6190,2983,3207,4228,1924,2304,3039,1310,1729,3091,1153,1938,31.6,30.9,32.5
050,42,027,Pennsylvania,Centre County,3,157972,81960,76012,5816,3026,2790,11848,6094,5754,5765,2941,2824,40586,21633,18953,137495,71407,66088,134543,69899,64644,81692,43993,37699,36743,20122,16621,32541,16715,15826,24673,11429,13244,5816,3026,2790,6546,3374,3172,6704,3423,3281,9957,4326,5631,34992,19545,15447,11246,6133,5113,9579,5370,4209,8324,4553,3771,7594,4066,3528,7210,3781,3429,8296,4326,3970,8607,4299,4308,8428,4309,4119,7729,3861,3868,6443,3106,3337,4317,1969,2348,3048,1302,1746,3136,1191,1945,31.8,31.0,32.9
050,42,027,Pennsylvania,Centre County,4,157977,82096,75881,5742,2950,2792,11784,6048,5736,5820,3001,2819,39867,21447,18420,137632,71681,65951,134631,70097,64534,81184,43866,37318,36907,20126,16781,32450,16704,15746,25407,11820,13587,5742,2950,2792,6521,3348,3173,6673,3408,3265,9807,4344,5463,34470,19396,15074,10749,5835,4914,9814,5465,4349,8477,4593,3884,7867,4233,3634,7172,3760,3412,8292,4367,3925,8538,4308,4230,8448,4269,4179,7803,3917,3886,6406,3059,3347,4814,2239,2575,3113,1325,1788,3271,1280,1991,32.5,31.6,33.7
050,42,027,Pennsylvania,Centre County,5,158739,82584,76155,5653,2861,2792,11778,6042,5736,5808,2982,2826,39692,21501,18191,138551,72303,66248,135500,70699,64801,81364,44128,37236,37169,20290,16879,32574,16778,15796,26065,12130,13935,5653,2861,2792,6428,3316,3112,6655,3371,3284,10004,4533,5471,34191,19305,14886,10439,5623,4816,9900,5542,4358,8717,4772,3945,8113,4353,3760,7307,3859,3448,8243,4345,3898,8466,4297,4169,8558,4277,4281,7924,4007,3917,6466,3050,3416,5025,2362,2663,3294,1409,1885,3356,1302,2054,33.0,32.1,34.2
050,42,027,Pennsylvania,Centre County,6,158505,82674,75831,5516,2756,2760,11632,5944,5688,5685,2922,2763,39620,21700,17920,138697,72622,66075,135672,71052,64620,80829,44096,36733,36869,20179,16690,32294,16608,15686,26889,12565,14324,5516,2756,2760,6325,3231,3094,6652,3418,3234,9896,4538,5358,34064,19379,14685,9924,5359,4565,9690,5420,4270,8922,4868,4054,8333,4532,3801,7372,3873,3499,7979,4206,3773,8282,4211,4071,8661,4318,4343,8008,4039,3969,6686,3207,3479,5312,2484,2828,3386,1465,1921,3497,1370,2127,33.6,32.5,34.9
050,42,027,Pennsylvania,Centre County,7,157393,81916,75477,5502,2727,2775,11429,5834,5595,5567,2879,2688,38590,21225,17365,137753,71951,65802,134895,70476,64419,79510,43358,36152,36709,19950,16759,31886,16323,15563,27710,12978,14732,5502,2727,2775,6063,3096,2967,6722,3434,3288,9586,4388,5198,33215,19020,14195,10161,5517,4644,9245,5082,4163,8944,4831,4113,8359,4520,3839,7474,3872,3602,7665,4014,3651,8221,4207,4014,8526,4230,4296,7989,4004,3985,6975,3398,3577,5602,2596,3006,3542,1560,1982,3602,1420,2182,34.0,32.7,35.6
050,42,029,Pennsylvania,Chester County,1,534429,262069,272360,28530,14567,13963,62668,32141,30527,30493,15599,14894,48995,24278,24717,428107,207668,220439,412738,199762,212976,197652,98589,99063,125777,62600,63177,145858,71289,74569,92108,41595,50513,28530,14567,13963,33128,16966,16162,37153,19063,18090,38544,19336,19208,33331,16653,16678,28590,14693,13897,31336,15485,15851,33474,16523,16951,32377,15899,16478,33782,16618,17164,36901,17963,18938,38756,18939,19817,36419,17769,18650,29949,14266,15683,24057,11295,12762,16494,7401,9093,10444,4521,5923,11164,4112,7052,40.5,39.3,41.6
050,42,029,Pennsylvania,Chester County,2,534858,262310,272548,28514,14550,13964,62452,32049,30403,30558,15648,14910,49063,24288,24775,428717,207983,220734,413334,200063,213271,198063,98839,99224,126075,62806,63269,145627,71167,74460,92569,41802,50767,28514,14550,13964,33050,16929,16121,37035,19023,18012,38558,19361,19197,33430,16672,16758,28596,14744,13852,31365,15512,15853,33540,16540,17000,32574,16010,16564,33566,16544,17022,36797,17911,18886,38704,18896,19808,36560,17816,18744,30164,14398,15766,24263,11388,12875,16602,7435,9167,10465,4506,5959,11075,4075,7000,40.5,39.4,41.6
050,42,029,Pennsylvania,Chester County,3,541131,265328,275803,28455,14508,13947,61743,31625,30118,30693,15770,14923,50820,24882,25938,435597,211337,224260,420240,203425,216815,202866,101225,101641,128997,64494,64503,144528,70625,73903,95895,43424,52471,28455,14508,13947,32902,16765,16137,36485,18781,17704,39128,19648,19480,34741,17083,17658,28972,15044,13928,32167,15995,16172,34265,16930,17335,33593,16525,17068,32629,16148,16481,36758,17938,18820,38143,18613,19530,36998,17926,19072,31019,14876,16143,25439,11910,13529,17307,7823,9484,10836,4637,6199,11294,4178,7116,40.5,39.4,41.6
050,42,029,Pennsylvania,Chester County,4,547131,268326,278805,28991,14790,14201,61159,31355,29804,30476,15570,14906,51425,25193,26232,441774,214409,227365,426505,206611,219894,206386,103063,103323,132010,66153,65857,143364,70062,73302,99706,45203,54503,28991,14790,14201,32702,16652,16050,35982,18556,17426,39323,19748,19575,35053,17162,17891,29428,15266,14162,32722,16360,16362,35260,17513,17747,34600,17014,17586,32662,16119,16543,36181,17768,18413,37390,18289,19101,37131,17886,19245,31921,15316,16605,25546,11909,13637,19188,8761,10427,11475,4881,6594,11576,4336,7240,40.6,39.5,41.7
050,42,029,Pennsylvania,Chester County,5,551316,270282,281034,29274,14788,14486,60342,30945,29397,30345,15507,14838,51998,25543,26455,446738,216927,229811,431355,209042,222313,208733,104338,104395,133820,67083,66737,141920,69468,72452,103617,46948,56669,29274,14788,14486,32429,16516,15913,35343,18224,17119,39301,19757,19544,35612,17498,18114,29676,15394,14282,32610,16260,16350,35972,17859,18113,35562,17570,17992,32990,16307,16683,35382,17440,17942,36516,17805,18711,37032,17916,19116,32812,15753,17059,26325,12257,14068,20010,9137,10873,12513,5306,7207,11957,4495,7462,40.8,39.7,41.8
050,42,029,Pennsylvania,Chester County,6,554530,272022,282508,29311,14810,14501,59816,30543,29273,29858,15291,14567,51988,25589,26399,450745,219157,231588,435545,211378,224167,210308,105402,104906,135683,68251,67432,140717,68969,71748,107157,48569,58588,29311,14810,14501,32046,16287,15759,34991,17985,17006,38833,19469,19364,35792,17682,18110,30351,15720,14631,32329,16229,16100,36514,18094,18420,36489,18208,18281,33304,16484,16820,34514,17080,17434,35905,17462,18443,36994,17943,19051,33431,16083,17348,27222,12707,14515,20962,9504,11458,13266,5676,7590,12276,4599,7677,41.0,39.9,42.0
050,42,029,Pennsylvania,Chester County,7,557116,273431,283685,29091,14711,14380,59303,30259,29044,29295,15013,14282,51630,25336,26294,454433,221120,233313,439427,213448,225979,211072,106035,105037,137193,69305,67888,140067,68679,71388,110537,50128,60409,29091,14711,14380,31626,16081,15545,34723,17797,16926,38537,19347,19190,35342,17383,17959,31492,16384,15108,31988,16228,15760,36531,17967,18564,37182,18726,18456,34074,16916,17158,33480,16556,16924,35587,17281,18306,36926,17926,19000,33912,16290,17622,28154,13190,14964,21884,9976,11908,13916,5922,7994,12671,4750,7921,41.2,40.2,42.3
050,42,031,Pennsylvania,Clarion County,1,37237,18206,19031,1922,1015,907,3703,1920,1783,1710,845,865,4253,1869,2384,30759,14848,15911,29902,14426,15476,13183,6374,6809,7647,3890,3757,9957,4959,4998,8045,3708,4337,1922,1015,907,1981,1046,935,2149,1104,1045,2772,1176,1596,2764,1308,1456,1927,981,946,1901,982,919,1863,942,921,1956,985,971,2145,1059,1086,2339,1168,1171,2716,1383,1333,2757,1349,1408,2604,1275,1329,1968,971,997,1439,658,781,1080,484,596,954,320,634,43.4,42.8,44.1
050,42,031,Pennsylvania,Clarion County,2,37200,18184,19016,1896,991,905,3710,1929,1781,1711,848,863,4315,1898,2417,30734,14832,15902,29883,14416,15467,13200,6383,6817,7605,3866,3739,9874,4912,4962,8089,3740,4349,1896,991,905,1989,1053,936,2152,1105,1047,2774,1183,1591,2821,1334,1487,1916,976,940,1898,978,920,1860,942,918,1931,970,961,2123,1053,1070,2323,1153,1170,2694,1370,1324,2734,1336,1398,2612,1283,1329,1994,980,1014,1430,661,769,1084,493,591,969,323,646,43.3,42.7,44.0
050,42,031,Pennsylvania,Clarion County,3,37598,18291,19307,1888,974,914,3712,1925,1787,1683,839,844,4872,2110,2762,31148,14956,16192,30315,14553,15762,13739,6586,7153,7607,3849,3758,9686,4812,4874,8150,3782,4368,1888,974,914,2014,1053,961,2121,1084,1037,3060,1262,1798,3072,1475,1597,1877,934,943,1954,1012,942,1858,949,909,1918,954,964,2031,1011,1020,2306,1138,1168,2624,1324,1300,2725,1339,1386,2578,1280,1298,2132,1033,1099,1398,651,747,1078,480,598,964,338,626,42.5,42.1,42.9
050,42,031,Pennsylvania,Clarion County,4,37287,18120,19167,1844,926,918,3686,1942,1744,1723,849,874,4831,2091,2740,30875,14819,16056,30034,14403,15631,13618,6525,7093,7508,3802,3706,9433,4693,4740,8262,3817,4445,1844,926,918,2023,1081,942,2107,1078,1029,2996,1226,1770,3114,1497,1617,1760,879,881,1993,1025,968,1812,930,882,1943,968,975,1967,979,988,2279,1109,1170,2496,1240,1256,2691,1365,1326,2566,1262,1304,2181,1045,1136,1470,695,775,1055,454,601,990,361,629,42.6,42.2,43.0
050,42,031,Pennsylvania,Clarion County,5,36944,17970,18974,1782,885,897,3656,1948,1708,1769,876,893,4753,2078,2675,30603,14696,15907,29737,14261,15476,13450,6452,6998,7377,3722,3655,9213,4579,4634,8394,3882,4512,1782,885,897,2009,1087,922,2096,1085,1011,2950,1211,1739,3123,1519,1604,1612,784,828,1976,1002,974,1861,975,886,1928,961,967,1927,954,973,2232,1080,1152,2421,1210,1211,2633,1335,1298,2587,1269,1318,2221,1073,1148,1507,709,798,1095,469,626,984,362,622,42.9,42.4,43.3
050,42,031,Pennsylvania,Clarion County,6,36741,17898,18843,1786,879,907,3614,1911,1703,1793,899,894,4766,2100,2666,30445,14642,15803,29548,14209,15339,13322,6418,6904,7207,3663,3544,9063,4500,4563,8512,3946,4566,1786,879,907,1993,1068,925,2065,1087,978,2924,1212,1712,3191,1543,1648,1573,779,794,1920,966,954,1872,983,889,1842,935,907,1940,966,974,2203,1070,1133,2304,1139,1165,2616,1325,1291,2560,1245,1315,2303,1135,1168,1585,745,840,1064,447,617,1000,374,626,42.9,42.4,43.4
050,42,031,Pennsylvania,Clarion County,7,36680,17895,18785,1818,924,894,3578,1858,1720,1781,913,868,4896,2148,2748,30410,14638,15772,29503,14200,15303,13394,6465,6929,7134,3631,3503,8902,4422,4480,8571,3999,4572,1818,924,894,1935,1006,929,2060,1079,981,2960,1266,1694,3300,1568,1732,1494,765,729,1862,929,933,1942,1020,922,1836,917,919,1931,981,950,2119,1031,1088,2266,1129,1137,2586,1281,1305,2549,1244,1305,2311,1155,1156,1679,793,886,995,410,585,1037,397,640,42.7,42.1,43.2
050,42,033,Pennsylvania,Clearfield County,1,80558,42376,38182,3593,1853,1740,7430,3819,3611,3554,1774,1780,5575,3121,2454,67809,35868,31941,65981,34930,31051,27461,15462,11999,19214,11019,8195,23674,12709,10965,17518,8081,9437,3593,1853,1740,3954,2018,1936,4358,2253,2105,4200,2142,2058,4047,2301,1746,4637,2614,2023,4869,2847,2022,4803,2804,1999,4905,2754,2151,5270,2914,2356,5799,3215,2584,6388,3364,3024,6217,3216,3001,5435,2717,2718,4456,2215,2241,3106,1427,1679,2235,957,1278,2286,765,1521,45.9,44.3,47.9
050,42,033,Pennsylvania,Clearfield County,2,80427,42300,38127,3567,1825,1742,7399,3803,3596,3541,1765,1776,5566,3118,2448,67734,35820,31914,65920,34907,31013,27436,15453,11983,19204,11022,8182,23542,12647,10895,17608,8120,9488,3567,1825,1742,3944,2015,1929,4330,2240,2090,4172,2122,2050,4060,2309,1751,4624,2620,2004,4883,2851,2032,4790,2800,1990,4907,2751,2156,5211,2887,2324,5777,3191,2586,6357,3359,2998,6197,3210,2987,5474,2737,2737,4508,2232,2276,3097,1428,1669,2243,956,1287,2286,767,1519,46.0,44.3,48.0
050,42,033,Pennsylvania,Clearfield County,3,78371,40458,37913,3455,1749,1706,7345,3794,3551,3515,1757,1758,5514,3022,2492,65815,34001,31814,64056,33158,30898,26300,14346,11954,18140,10027,8113,22568,11893,10675,17834,8216,9618,3455,1749,1706,3978,2069,1909,4236,2185,2051,4108,2081,2027,4052,2238,1814,4302,2380,1922,4641,2595,2046,4510,2525,1985,4687,2527,2160,4784,2582,2202,5564,2973,2591,6119,3196,2923,6101,3142,2959,5586,2792,2794,4689,2293,2396,3059,1426,1633,2251,943,1308,2249,762,1487,46.3,44.8,48.1
050,42,033,Pennsylvania,Clearfield County,4,77846,40208,37638,3444,1722,1722,7235,3763,3472,3527,1785,1742,5426,2923,2503,65374,33789,31585,63640,32938,30702,26144,14299,11845,18111,10066,8045,22024,11590,10434,18079,8359,9720,3444,1722,1722,3969,2093,1876,4186,2145,2041,4017,2051,1966,4016,2182,1834,4226,2385,1841,4672,2588,2084,4617,2593,2024,4596,2500,2096,4625,2481,2144,5381,2865,2516,5889,3098,2791,6129,3146,2983,5612,2798,2814,4648,2269,2379,3331,1595,1736,2257,922,1335,2231,775,1456,46.3,44.7,48.2
050,42,033,Pennsylvania,Clearfield County,5,78336,40953,37383,3401,1768,1633,7120,3688,3432,3525,1806,1719,5355,2898,2457,66045,34596,31449,64290,33691,30599,26671,14916,11755,18649,10649,8000,21890,11623,10267,18396,8521,9875,3401,1768,1633,3867,2017,1850,4111,2108,2003,4054,2077,1977,3968,2190,1778,4407,2562,1845,4785,2715,2070,4732,2685,2047,4725,2687,2038,4601,2497,2104,5302,2859,2443,5758,3057,2701,6229,3210,3019,5664,2825,2839,4743,2323,2420,3426,1658,1768,2298,947,1351,2265,768,1497,46.3,44.4,48.5
050,42,033,Pennsylvania,Clearfield County,6,78131,40990,37141,3293,1716,1577,7049,3637,3412,3456,1795,1661,5313,2863,2450,66107,34756,31351,64333,33842,30491,26662,15005,11657,18714,10783,7931,21462,11439,10023,18844,8757,10087,3293,1716,1577,3775,1973,1802,4095,2100,1995,4013,2078,1935,3935,2144,1791,4458,2656,1802,4795,2715,2080,4761,2704,2057,4700,2708,1992,4592,2496,2096,5147,2780,2367,5592,2990,2602,6131,3173,2958,5703,2853,2850,4925,2398,2527,3596,1747,1849,2313,983,1330,2307,776,1531,46.4,44.4,48.7
050,42,033,Pennsylvania,Clearfield County,7,78100,41025,37075,3308,1713,1595,6920,3574,3346,3401,1735,1666,5214,2837,2377,66259,34909,31350,64471,34003,30468,26711,15088,11623,18887,10901,7986,21131,11263,9868,19239,9002,10237,3308,1713,1595,3636,1875,1761,4075,2084,1991,3994,2100,1894,3830,2087,1743,4525,2687,1838,4816,2757,2059,4843,2759,2084,4703,2698,2005,4564,2493,2071,5002,2701,2301,5500,2966,2534,6065,3103,2962,5764,2915,2849,5023,2453,2570,3802,1851,1951,2288,983,1305,2362,800,1562,46.5,44.6,48.8
050,42,035,Pennsylvania,Clinton County,1,37450,18449,19001,1992,1011,981,3984,2051,1933,1890,973,917,3928,1905,2023,30507,14880,15627,29584,14414,15170,13564,6744,6820,8241,4140,4101,9730,4858,4872,7685,3511,4174,1992,1011,981,2119,1079,1040,2360,1246,1114,2696,1284,1412,2627,1320,1307,2049,1038,1011,2110,1081,1029,2068,1000,1068,2014,1021,993,2208,1114,1094,2242,1108,1134,2533,1288,1245,2747,1348,1399,2381,1159,1222,1980,926,1054,1349,649,700,968,429,539,1007,348,659,41.7,40.8,42.6
050,42,035,Pennsylvania,Clinton County,2,37381,18365,19016,1997,1020,977,3958,2043,1915,1888,968,920,4088,1892,2196,30467,14798,15669,29538,14334,15204,13639,6707,6932,8147,4110,4037,9594,4798,4796,7709,3534,4175,1997,1020,977,2105,1074,1031,2337,1232,1105,2695,1287,1408,2797,1310,1487,2021,1042,979,2089,1074,1015,2037,985,1052,2000,1009,991,2155,1087,1068,2226,1100,1126,2494,1272,1222,2719,1339,1380,2393,1159,1234,1990,941,1049,1348,644,704,975,437,538,1003,353,650,41.5,40.8,42.2
050,42,035,Pennsylvania,Clinton County,3,38031,18688,19343,2002,1027,975,3871,2003,1868,1924,989,935,4735,2163,2572,31199,15152,16047,30234,14669,15565,14385,7077,7308,8209,4181,4028,9436,4717,4719,7854,3608,4246,2002,1027,975,2082,1071,1011,2272,1188,1084,2976,1418,1558,3200,1478,1722,2062,1105,957,2086,1082,1004,2020,977,1043,2041,1017,1024,2050,1032,1018,2274,1121,1153,2397,1224,1173,2715,1340,1375,2436,1171,1265,2077,994,1083,1350,635,715,1015,463,552,976,345,631,40.7,40.0,41.5
050,42,035,Pennsylvania,Clinton County,4,37890,18621,19269,2053,1057,996,3792,1952,1840,1928,1017,911,4817,2197,2620,31085,15100,15985,30117,14595,15522,14279,7008,7271,8025,4063,3962,9203,4614,4589,8072,3721,4351,2053,1057,996,2037,1048,989,2246,1173,1073,2931,1423,1508,3323,1522,1801,1957,1047,910,2017,1043,974,2010,957,1053,2041,1016,1025,2005,1027,978,2275,1118,1157,2292,1178,1114,2631,1291,1340,2514,1227,1287,2073,969,1104,1451,691,760,1048,477,571,986,357,629,40.9,40.2,41.7
050,42,035,Pennsylvania,Clinton County,5,37815,18580,19235,2067,1072,995,3722,1905,1817,1909,1004,905,5072,2335,2737,31083,15102,15981,30117,14599,15518,14332,7066,7266,7821,3975,3846,8957,4499,4458,8267,3790,4477,2067,1072,995,2000,1018,982,2192,1135,1057,2980,1453,1527,3531,1638,1893,1765,942,823,2080,1087,993,1963,953,1010,2013,993,1020,1971,999,972,2226,1111,1115,2242,1146,1096,2518,1243,1275,2585,1247,1338,2078,976,1102,1534,713,821,1076,484,592,994,370,624,40.8,40.0,41.7
050,42,035,Pennsylvania,Clinton County,6,37807,18611,19196,2013,1029,984,3718,1904,1814,1841,965,876,5212,2389,2823,31190,15210,15980,30235,14713,15522,14395,7153,7242,7777,4035,3742,8869,4434,4435,8377,3855,4522,2013,1029,984,1984,1009,975,2169,1131,1038,2944,1450,1494,3674,1668,2006,1696,964,732,2116,1086,1030,1968,1002,966,1997,983,1014,2018,1010,1008,2171,1080,1091,2218,1119,1099,2462,1225,1237,2593,1271,1322,2112,986,1126,1617,737,880,1052,483,569,1003,378,625,40.8,39.8,41.7
050,42,035,Pennsylvania,Clinton County,7,37870,18682,19188,1963,1006,957,3766,1955,1811,1825,969,856,5256,2381,2875,31275,15255,16020,30316,14752,15564,14487,7199,7288,7853,4087,3766,8739,4366,4373,8468,3918,4550,1963,1006,957,2093,1083,1010,2120,1110,1010,2910,1444,1466,3724,1668,2056,1749,989,760,2056,1070,986,2057,1059,998,1991,969,1022,2015,1014,1001,2127,1062,1065,2176,1087,1089,2421,1203,1218,2575,1259,1316,2151,1013,1138,1704,784,920,1023,475,548,1015,387,628,40.7,39.6,41.7
050,42,037,Pennsylvania,Columbia County,1,64720,31374,33346,2768,1416,1352,5954,3037,2917,2959,1492,1467,8971,4103,4868,54572,26206,28366,53039,25429,27610,24971,12181,12790,13781,6967,6814,17115,8457,8658,13172,5902,7270,2768,1416,1352,3202,1620,1582,3492,1798,1694,5582,2534,3048,5608,2680,2928,3539,1840,1699,3522,1765,1757,3475,1732,1743,3245,1630,1615,3797,1901,1896,4002,2022,1980,4590,2237,2353,4726,2297,2429,4204,2058,2146,3387,1595,1792,2347,1049,1298,1562,626,936,1672,574,1098,41.7,40.9,42.6
050,42,037,Pennsylvania,Columbia County,2,64681,31277,33404,2759,1411,1348,5942,3030,2912,2933,1474,1459,9222,4147,5075,54550,26113,28437,53047,25362,27685,25153,12189,12964,13725,6942,6783,16892,8352,8540,13208,5921,7287,2759,1411,1348,3189,1613,1576,3480,1791,1689,5528,2503,3025,5900,2744,3156,3494,1812,1682,3529,1774,1755,3449,1715,1734,3253,1641,1612,3712,1854,1858,3984,2015,1969,4521,2206,2315,4675,2277,2398,4228,2063,2165,3417,1616,1801,2351,1051,1300,1550,621,929,1662,570,1092,41.5,40.8,42.2
050,42,037,Pennsylvania,Columbia County,3,64981,31469,33512,2764,1410,1354,5909,3030,2879,2872,1444,1428,9521,4339,5182,54877,26279,28598,53436,25585,27851,25599,12443,13156,13906,7027,6879,16563,8190,8373,13446,6029,7417,2764,1410,1354,3189,1618,1571,3420,1779,1641,5471,2476,2995,6222,2940,3282,3453,1771,1682,3628,1847,1781,3430,1686,1744,3395,1723,1672,3540,1773,1767,3995,2004,1991,4397,2157,2240,4631,2256,2375,4326,2103,2223,3543,1683,1860,2397,1069,1328,1527,605,922,1653,569,1084,41.2,40.6,42.0
050,42,037,Pennsylvania,Columbia County,4,65358,31591,33767,2800,1400,1400,5842,3014,2828,2858,1453,1405,10024,4575,5449,55313,26450,28863,53858,25724,28134,26161,12689,13472,13998,7028,6970,16155,7997,8158,13681,6124,7557,2800,1400,1400,3146,1618,1528,3415,1763,1652,5623,2535,3088,6540,3126,3414,3337,1685,1652,3669,1879,1790,3532,1722,1810,3460,1742,1718,3399,1714,1685,3955,1990,1965,4238,2075,2163,4563,2218,2345,4403,2122,2281,3480,1641,1839,2636,1187,1449,1542,632,910,1620,542,1078,40.9,40.2,41.5
050,42,037,Pennsylvania,Columbia County,5,65768,31779,33989,2871,1464,1407,5823,2933,2890,2854,1484,1370,10425,4712,5713,55643,26632,29011,54220,25898,28322,26548,12908,13640,13978,7094,6884,15821,7828,7993,13996,6264,7732,2871,1464,1407,3169,1597,1572,3363,1718,1645,5661,2533,3128,6909,3281,3628,3176,1631,1545,3647,1883,1764,3585,1784,1801,3570,1796,1774,3331,1652,1679,3908,1976,1932,4139,2038,2101,4443,2162,2281,4462,2119,2343,3558,1691,1867,2712,1204,1508,1650,710,940,1614,540,1074,40.7,40.0,41.3
050,42,037,Pennsylvania,Columbia County,6,65997,31904,34093,2882,1480,1402,5783,2944,2839,2805,1438,1367,10684,4765,5919,55943,26769,29174,54527,26042,28485,26816,13023,13793,14009,7152,6857,15550,7715,7835,14284,6410,7874,2882,1480,1402,3117,1599,1518,3348,1677,1671,5708,2574,3134,7099,3297,3802,3060,1616,1444,3686,1896,1790,3652,1826,1826,3611,1814,1797,3297,1661,1636,3802,1907,1895,4036,2009,2027,4415,2138,2277,4435,2108,2327,3727,1763,1964,2741,1224,1517,1759,779,980,1622,536,1086,40.6,40.0,41.3
050,42,037,Pennsylvania,Columbia County,7,66193,32033,34160,2854,1476,1378,5780,2932,2848,2828,1468,1360,10692,4712,5980,56166,26917,29249,54731,26157,28574,26953,13078,13875,14136,7263,6873,15349,7643,7706,14554,6539,8015,2854,1476,1378,3154,1611,1543,3329,1686,1643,5713,2593,3120,7104,3222,3882,3086,1697,1389,3685,1847,1838,3722,1877,1845,3643,1842,1801,3351,1704,1647,3718,1868,1850,3904,1938,1966,4376,2133,2243,4427,2083,2344,3856,1825,2031,2817,1303,1514,1811,791,1020,1643,537,1106,40.6,40.0,41.2
050,42,039,Pennsylvania,Crawford County,1,83942,40989,42953,4526,2278,2248,8767,4492,4275,4095,2084,2011,7202,3692,3510,68626,33192,35434,66554,32135,34419,28456,13974,14482,18177,8718,9459,22800,11190,11610,18375,8535,9840,4526,2278,2248,4761,2429,2332,5024,2583,2441,5312,2732,2580,4967,2524,2443,4602,2194,2408,4642,2274,2368,4526,2125,2401,4407,2125,2282,4829,2369,2460,5426,2711,2715,6142,2978,3164,6403,3132,3271,5916,2908,3008,4918,2370,2548,3356,1569,1787,2113,971,1142,2072,717,1355,44.1,43.2,44.9
050,42,039,Pennsylvania,Crawford County,2,83797,40945,42852,4485,2253,2232,8725,4462,4263,4092,2088,2004,7199,3694,3505,68558,33194,35364,66495,32142,34353,28415,13973,14442,18146,8717,9429,22659,11123,11536,18491,8608,9883,4485,2253,2232,4745,2410,2335,5002,2578,2424,5263,2713,2550,5006,2543,2463,4565,2184,2381,4641,2282,2359,4533,2133,2400,4407,2118,2289,4761,2342,2419,5392,2681,2711,6121,2981,3140,6385,3119,3266,5935,2916,3019,4943,2394,2549,3386,1584,1802,2137,981,1156,2090,733,1357,44.1,43.2,45.0
050,42,039,Pennsylvania,Crawford County,3,83234,40658,42576,4414,2224,2190,8707,4451,4256,4102,2086,2016,7074,3655,3419,68052,32920,35132,66011,31897,34114,28202,13851,14351,18062,8648,9414,22183,10902,11281,18692,8692,10000,4414,2224,2190,4739,2370,2369,5004,2619,2385,5079,2617,2462,5061,2586,2475,4435,2145,2290,4642,2264,2378,4571,2145,2426,4414,2094,2320,4528,2246,2282,5312,2620,2692,5993,2935,3058,6350,3101,3249,5908,2885,3023,5123,2491,2632,3431,1603,1828,2159,954,1205,2071,759,1312,44.1,43.2,45.0
050,42,039,Pennsylvania,Crawford County,4,82350,40312,42038,4346,2210,2136,8595,4372,4223,4122,2092,2030,6741,3503,3238,67354,32675,34679,65287,31638,33649,27760,13747,14013,17927,8678,9249,21563,10583,10980,19056,8874,10182,4346,2210,2136,4696,2348,2348,4929,2550,2379,4946,2547,2399,4887,2522,2365,4284,2110,2174,4619,2248,2371,4583,2196,2387,4441,2124,2317,4343,2155,2188,5207,2567,2640,5752,2813,2939,6261,3048,3213,5941,2930,3011,5064,2423,2641,3760,1773,1987,2220,977,1243,2071,771,1300,44.3,43.3,45.3
050,42,039,Pennsylvania,Crawford County,5,82016,40192,41824,4267,2169,2098,8497,4330,4167,4110,2094,2016,6712,3456,3256,67241,32669,34572,65142,31599,33543,27747,13734,14013,17902,8682,9220,21042,10362,10680,19486,9099,10387,4267,2169,2098,4638,2339,2299,4836,2489,2347,5021,2573,2448,4824,2479,2345,4289,2113,2176,4548,2174,2374,4572,2232,2340,4493,2163,2330,4238,2121,2117,5118,2529,2589,5573,2765,2808,6113,2947,3166,5956,2951,3005,5130,2443,2687,3934,1852,2082,2356,1055,1301,2110,798,1312,44.5,43.5,45.4
050,42,039,Pennsylvania,Crawford County,6,81946,40073,41873,4291,2180,2111,8392,4243,4149,4058,2095,1963,6739,3418,3321,67312,32641,34671,65205,31555,33650,27793,13765,14028,17977,8770,9207,20576,10086,10490,19913,9281,10632,4291,2180,2111,4588,2313,2275,4785,2448,2337,4978,2560,2418,4838,2435,2403,4376,2209,2167,4479,2104,2375,4642,2259,2383,4480,2198,2282,4238,2101,2137,4962,2434,2528,5399,2686,2713,5977,2865,3112,5983,2935,3048,5248,2527,2721,4048,1886,2162,2477,1125,1352,2157,808,1349,44.5,43.4,45.4
050,42,039,Pennsylvania,Crawford County,7,81792,39926,41866,4267,2150,2117,8329,4178,4151,4022,2083,1939,6608,3374,3234,67249,32572,34677,65174,31515,33659,27733,13765,13968,18074,8817,9257,20281,9943,10338,20211,9381,10830,4267,2150,2117,4486,2267,2219,4814,2420,2394,4950,2572,2378,4709,2376,2333,4486,2266,2220,4429,2075,2354,4643,2253,2390,4516,2223,2293,4312,2109,2203,4713,2337,2376,5361,2652,2709,5895,2845,3050,5955,2886,3069,5284,2561,2723,4213,1938,2275,2508,1158,1350,2251,838,1413,44.6,43.5,45.5
050,42,041,Pennsylvania,Cumberland County,1,259461,127419,132042,13654,7011,6643,27335,13982,13353,12039,6116,5923,25676,12490,13186,212355,103334,109021,206433,100310,106123,98329,49555,48774,63704,32523,31181,66594,32881,33713,50459,22416,28043,13654,7011,6643,15013,7684,7329,15412,7872,7540,15860,7751,8109,18765,9281,9484,15260,7812,7448,16450,8355,8095,16804,8585,8219,15190,7771,7419,15480,7841,7639,16368,8180,8188,17551,8565,8986,17195,8295,8900,15508,7373,8135,13186,6148,7038,9066,4020,5046,6070,2565,3505,6629,2310,4319,40.8,39.6,42.1
050,42,041,Pennsylvania,Cumberland County,2,260251,127869,132382,13713,7026,6687,27395,14024,13371,12151,6182,5969,25715,12506,13209,212970,103693,109277,206992,100637,106355,98749,49787,48962,63997,32686,31311,66510,32867,33643,50770,22578,28192,13713,7026,6687,15052,7714,7338,15457,7897,7560,15870,7786,8084,18882,9315,9567,15269,7821,7448,16486,8389,8097,16893,8620,8273,15349,7856,7493,15388,7810,7578,16385,8204,8181,17494,8539,8955,17243,8314,8929,15594,7417,8177,13342,6223,7119,9088,4036,5052,6106,2576,3530,6640,2326,4314,40.8,39.6,42.0
050,42,041,Pennsylvania,Cumberland County,3,265577,130550,135027,13843,7037,6806,27679,14189,13490,12385,6300,6085,27919,13476,14443,217769,106114,111655,211670,103024,108646,103010,51894,51116,65874,33726,32148,65965,32686,33279,51912,23136,28776,13843,7037,6806,15189,7799,7390,15658,7998,7660,16400,8010,8390,20736,10158,10578,15511,7993,7518,16999,8708,8291,17351,8847,8504,16013,8178,7835,14962,7660,7302,16488,8293,8195,17077,8329,8748,17438,8404,9034,15720,7467,8253,14055,6538,7517,9250,4109,5141,6230,2655,3575,6657,2367,4290,40.3,39.3,41.4
050,42,041,Pennsylvania,Cumberland County,4,268588,132276,136312,14081,7182,6899,27896,14239,13657,12660,6427,6233,27978,13451,14527,220212,107603,112609,213951,104428,109523,104833,52959,51874,67415,34730,32685,65333,32486,32847,53225,23761,29464,14081,7182,6899,15373,7895,7478,15743,7993,7750,16605,8093,8512,20813,10136,10677,15709,8188,7521,17331,8949,8382,17666,9028,8638,16709,8565,8144,14902,7661,7241,16391,8285,8106,16647,8133,8514,17393,8407,8986,15950,7574,8376,13946,6452,7494,10168,4553,5615,6548,2791,3757,6613,2391,4222,40.3,39.2,41.3
050,42,041,Pennsylvania,Cumberland County,5,271177,133377,137800,14109,7242,6867,28276,14461,13815,12852,6569,6283,27974,13428,14546,222334,108355,113979,215940,105105,110835,106254,53430,52824,68617,35069,33548,64525,32100,32425,54824,24508,30316,14109,7242,6867,15523,7987,7536,15942,8110,7832,16991,8284,8707,20646,10077,10569,15901,8189,7712,17564,8995,8569,17701,9018,8683,17451,8867,8584,14988,7667,7321,16190,8173,8017,16198,7953,8245,17149,8307,8842,16158,7619,8539,14218,6623,7595,10643,4759,5884,7009,3025,3984,6796,2482,4314,40.3,39.3,41.3
050,42,041,Pennsylvania,Cumberland County,6,274656,135237,139419,14085,7251,6834,28721,14628,14093,12966,6598,6368,28095,13495,14600,225456,110106,115350,218884,106760,112124,108078,54376,53702,70195,35891,34304,64185,32125,32060,56409,25249,31160,14085,7251,6834,15735,8045,7690,16164,8191,7973,17210,8427,8783,20673,10058,10615,16370,8413,7957,17606,9028,8578,18149,9259,8890,18070,9191,8879,15375,7929,7446,15837,8067,7770,15990,7930,8060,16983,8199,8784,16351,7713,8638,14449,6683,7766,11396,5166,6230,7247,3143,4104,6966,2544,4422,40.4,39.4,41.4
050,42,041,Pennsylvania,Cumberland County,7,277270,136839,140431,13842,7196,6646,28950,14786,14164,13044,6644,6400,28096,13486,14610,227952,111542,116410,221434,108213,113221,109206,55081,54125,71361,36616,34745,63988,32130,31858,57989,25981,32008,13842,7196,6646,15788,8127,7661,16457,8324,8133,17318,8505,8813,20527,9960,10567,16813,8742,8071,17457,8982,8475,18559,9473,9086,18532,9419,9113,15985,8285,7700,15337,7760,7577,16007,8023,7984,16659,8062,8597,16504,7763,8741,14728,6832,7896,12126,5497,6629,7478,3258,4220,7153,2631,4522,40.5,39.5,41.5
050,42,043,Pennsylvania,Dauphin County,1,286408,139407,147001,16953,8754,8199,31798,16325,15473,13732,6989,6743,24461,12409,12052,230851,110832,120019,223925,107339,116586,108883,53835,55048,74126,36203,37923,75109,36319,38790,50229,22408,27821,16953,8754,8199,17521,9005,8516,17713,9086,8627,17321,8951,8370,17436,8681,8755,19822,9731,10091,19417,9549,9868,18179,8877,9302,16708,8046,8662,17021,8364,8657,18043,8837,9206,19985,9616,10369,20060,9502,10558,17268,8244,9024,13357,6195,7162,8329,3757,4572,5474,2157,3317,5801,2055,3746,39.7,38.4,40.9
050,42,043,Pennsylvania,Dauphin County,2,286694,139549,147145,16981,8745,8236,31783,16325,15458,13779,7013,6766,24441,12407,12034,231071,110947,120124,224151,107466,116685,109152,53974,55178,74399,36341,38058,74824,36184,38640,50487,22534,27953,16981,8745,8236,17524,9025,8499,17726,9087,8639,17215,8887,8328,17538,8746,8792,19780,9720,10060,19539,9585,9954,18254,8921,9333,16826,8115,8711,16863,8285,8578,18055,8841,9214,19836,9544,10292,20070,9514,10556,17337,8262,9075,13525,6285,7240,8376,3771,4605,5463,2161,3302,5786,2055,3731,39.7,38.4,40.9
050,42,043,Pennsylvania,Dauphin County,3,288284,140438,147846,16981,8727,8254,31700,16292,15408,14013,7152,6861,24766,12626,12140,232516,111753,120763,225590,108267,117323,110562,54781,55781,75393,36876,38517,73678,35685,37993,51753,23080,28673,16981,8727,8254,17586,9132,8454,17724,9033,8691,17059,8819,8240,18110,9086,9024,19537,9679,9858,19955,9754,10201,18577,9103,9474,17324,8340,8984,16306,8006,8300,18149,8913,9236,19144,9200,9944,20079,9566,10513,17593,8305,9288,14301,6682,7619,8635,3850,4785,5508,2211,3297,5716,2032,3684,39.6,38.3,40.9
050,42,043,Pennsylvania,Dauphin County,4,288943,140763,148180,16808,8632,8176,31562,16179,15383,14246,7303,6943,24725,12728,11997,233367,112218,121149,226327,108649,117678,111523,55351,56172,76154,37198,38956,72269,34962,37307,53179,23761,29418,16808,8632,8176,17513,9064,8449,17651,8993,8658,17176,8874,8302,18193,9279,8914,19473,9577,9896,20033,9796,10237,18817,9245,9572,17831,8580,9251,16157,7942,8215,18000,8809,9191,18474,8907,9567,19638,9304,10334,17912,8454,9458,14383,6731,7652,9553,4235,5318,5592,2293,3299,5739,2048,3691,39.7,38.3,41.0
050,42,043,Pennsylvania,Dauphin County,5,290947,141615,149332,16640,8526,8114,31749,16303,15446,14396,7378,7018,24703,12769,11934,235452,113122,122330,228162,109408,118754,112994,56138,56856,77372,37763,39609,71327,34388,36939,54760,24488,30272,16640,8526,8114,17522,9055,8467,17704,9020,8684,17487,9063,8424,18135,9312,8823,19722,9724,9998,20220,9841,10379,19086,9298,9788,18344,8900,9444,16266,7919,8347,17837,8740,9097,17877,8614,9263,19347,9115,10232,18080,8490,9590,14704,6857,7847,10199,4560,5639,5945,2463,3482,5832,2118,3714,39.7,38.3,41.1
050,42,043,Pennsylvania,Dauphin County,6,292917,142552,150365,16459,8511,7948,31678,16179,15499,14485,7432,7053,24712,12861,11851,237724,114252,123472,230295,110430,119865,114221,56820,57401,78581,38360,40221,70696,34073,36623,56306,25136,31170,16459,8511,7948,17444,9009,8435,17791,9003,8788,17576,9162,8414,18064,9298,8766,20077,9933,10144,20257,9888,10369,19732,9453,10279,18515,9086,9429,16634,8028,8606,17376,8511,8865,17515,8465,9050,19171,9069,10102,18084,8431,9653,15140,7050,8090,10882,4914,5968,6285,2631,3654,5915,2110,3805,39.7,38.4,41.1
050,42,043,Pennsylvania,Dauphin County,7,293351,142728,150623,16272,8466,7806,31422,16058,15364,14292,7229,7063,24332,12711,11621,238619,114660,123959,231365,110975,120390,114185,56785,57400,79050,38566,40484,70212,33921,36291,57771,25777,31994,16272,8466,7806,17204,8810,8394,17707,8969,8738,17543,9092,8451,17592,9127,8465,20168,9969,10199,20270,9980,10290,20102,9547,10555,18510,9070,9440,17146,8319,8827,16912,8232,8680,17357,8476,8881,18797,8894,9903,18093,8448,9645,15547,7185,8362,11568,5254,6314,6569,2791,3778,5994,2099,3895,40.0,38.6,41.3
050,42,045,Pennsylvania,Delaware County,1,576962,277146,299816,32744,16828,15916,65488,33362,32126,29638,15265,14373,57530,28642,28888,463986,219387,244599,449092,211691,237401,221859,108517,113342,142070,68413,73657,149873,71623,78250,99619,43013,56606,32744,16828,15916,35698,18226,17472,37169,18939,18230,41193,20946,20247,38596,19158,19438,33519,16441,17078,37361,17779,19582,37099,17906,19193,34091,16287,17804,33094,16009,17085,36405,17498,18907,40200,19182,21018,40174,18934,21240,33185,15398,17787,25056,11348,13708,16603,7088,9515,11074,4471,6603,13701,4708,8993,39.3,37.8,40.7
050,42,045,Pennsylvania,Delaware County,2,576505,276900,299605,32772,16870,15902,65362,33259,32103,29688,15295,14393,57509,28622,28887,463559,219157,244402,448683,211476,237207,222061,108614,113447,142298,68525,73773,149139,71236,77903,99737,43093,56644,32772,16870,15902,35595,18160,17435,37201,18927,18274,41036,20888,20148,38727,19201,19526,33454,16415,17039,37370,17776,19594,37234,17975,19259,34240,16359,17881,32893,15912,16981,36205,17402,18803,39962,19037,20925,40079,18885,21194,33411,15502,17909,25268,11414,13854,16677,7118,9559,10956,4437,6519,13425,4622,8803,39.3,37.8,40.7
050,42,045,Pennsylvania,Delaware County,3,577178,277338,299840,32363,16665,15698,64496,32781,31715,29776,15341,14435,59319,29565,29754,465298,220166,245132,450543,212551,237992,224653,110096,114557,143094,69066,74028,145908,69669,76239,102222,44251,57971,32363,16665,15698,34956,17863,17093,37076,18794,18282,41494,21170,20324,40065,19860,20205,32963,16265,16698,37325,17751,19574,37879,18330,19549,34927,16720,18207,31922,15452,16470,35721,17179,18542,38567,18329,20238,39698,18709,20989,34367,15971,18396,26517,11889,14628,17119,7358,9761,10994,4485,6509,13225,4548,8677,39.2,37.8,40.7
050,42,045,Pennsylvania,Delaware County,4,576666,277150,299516,32429,16744,15685,63943,32613,31330,29885,15374,14511,58872,29491,29381,465269,220098,245171,450409,212419,237990,224943,110382,114561,143663,69318,74345,142846,68132,74714,105028,45478,59550,32429,16744,15685,34557,17694,16863,36863,18720,18143,41706,21359,20347,39574,19705,19869,32616,16082,16534,36936,17568,19368,38383,18486,19897,35728,17182,18546,31704,15301,16403,35276,16878,18398,37114,17660,19454,38752,18293,20459,35153,16305,18848,26662,11959,14703,18733,8062,10671,11423,4637,6786,13057,4515,8542,39.4,37.9,40.8
050,42,045,Pennsylvania,Delaware County,5,579086,278529,300557,32505,16708,15797,63897,32725,31172,30047,15398,14649,58937,29658,29279,467668,221492,246176,452637,213698,238939,226452,111186,115266,144944,69911,75033,140757,67260,73497,107999,46869,61130,32505,16708,15797,34683,17792,16891,36690,18714,17976,41907,21452,20455,39601,19823,19778,32945,16278,16667,36717,17388,19329,38810,18642,20168,36472,17603,18869,32580,15776,16804,34235,16402,17833,35918,17158,18760,38024,17924,20100,35881,16599,19282,27384,12292,15092,19485,8464,11021,12290,4962,7328,12959,4552,8407,39.4,38.0,40.8
050,42,045,Pennsylvania,Delaware County,6,581416,279591,301825,32399,16522,15877,63635,32647,30988,30228,15377,14851,58515,29455,29060,470331,222829,247502,455154,215045,240109,227489,111635,115854,146283,70596,75687,139147,66696,72451,111209,48298,62911,32399,16522,15877,34562,17678,16884,36610,18762,17848,41922,21341,20581,39284,19698,19586,33380,16546,16834,36259,17195,19064,39278,18841,20437,37366,18014,19352,33607,16317,17290,33088,15920,17168,35002,16764,18238,37450,17695,19755,36143,16663,19480,28489,12770,15719,20577,9023,11554,12970,5222,7748,13030,4620,8410,39.6,38.2,40.9
050,42,045,Pennsylvania,Delaware County,7,580937,279333,301604,32162,16284,15878,63055,32318,30737,30104,15337,14767,57006,28810,28196,470680,223049,247631,455616,215394,240222,226385,111118,115267,146795,70844,75951,137677,66088,71589,114138,49652,64486,32162,16284,15878,34214,17456,16758,36361,18735,17626,41535,21138,20397,38055,19136,18919,33738,16645,17093,35405,16957,18448,39551,18800,20751,38101,18442,19659,34343,16592,17751,32245,15657,16588,34326,16482,17844,36763,17357,19406,36112,16624,19488,29595,13340,16255,21784,9504,12280,13517,5491,8026,13130,4693,8437,39.9,38.6,41.2
050,42,047,Pennsylvania,Elk County,1,30994,15602,15392,1426,730,696,2936,1502,1434,1382,747,635,2156,1141,1015,25951,12994,12957,25250,12623,12627,9698,5059,4639,6500,3361,3139,9511,4824,4687,7083,3297,3786,1426,730,696,1605,844,761,1671,848,823,1710,909,801,1488,789,699,1609,836,773,1691,885,806,1624,840,784,1576,800,776,1911,958,953,2411,1212,1199,2571,1284,1287,2618,1370,1248,2219,1133,1086,1791,889,902,1188,544,644,907,382,525,978,349,629,48.0,46.9,49.1
050,42,047,Pennsylvania,Elk County,2,30940,15586,15354,1419,733,686,2915,1489,1426,1386,753,633,2144,1133,1011,25917,12986,12931,25220,12611,12609,9681,5058,4623,6500,3362,3138,9452,4796,4656,7124,3320,3804,1419,733,686,1598,834,764,1666,845,821,1684,902,782,1497,794,703,1604,829,775,1675,877,798,1639,850,789,1582,806,776,1888,948,940,2376,1191,1185,2554,1277,1277,2634,1380,1254,2231,1131,1100,1818,905,913,1181,541,640,916,387,529,978,356,622,48.1,46.9,49.2
050,42,047,Pennsylvania,Elk County,3,30796,15549,15247,1390,735,655,2870,1461,1409,1413,757,656,2155,1139,1016,25819,12980,12839,25123,12596,12527,9711,5103,4608,6503,3389,3114,9177,4651,4526,7288,3417,3871,1390,735,655,1598,815,783,1632,828,804,1645,885,760,1563,829,734,1579,833,746,1645,855,790,1673,869,804,1606,832,774,1778,893,885,2269,1128,1141,2482,1236,1246,2648,1394,1254,2281,1144,1137,1930,976,954,1181,540,641,915,389,526,981,368,613,48.2,46.9,49.5
050,42,047,Pennsylvania,Elk County,4,30447,15411,15036,1352,722,630,2871,1482,1389,1379,716,663,2090,1131,959,25545,12866,12679,24845,12491,12354,9651,5090,4561,6496,3402,3094,8819,4447,4372,7440,3511,3929,1352,722,630,1581,812,769,1604,829,775,1616,869,747,1539,819,720,1550,825,725,1622,855,767,1689,873,816,1635,849,786,1646,813,833,2203,1099,1104,2404,1188,1216,2566,1347,1219,2359,1184,1175,1908,967,941,1292,606,686,914,400,514,967,354,613,48.3,46.8,49.7
050,42,047,Pennsylvania,Elk County,5,30201,15314,14887,1329,712,617,2844,1485,1359,1336,676,660,2042,1105,937,25398,12805,12593,24692,12441,12251,9535,5028,4507,6469,3398,3071,8583,4317,4266,7598,3621,3977,1329,712,617,1543,802,741,1613,834,779,1565,834,731,1501,796,705,1500,822,678,1619,847,772,1695,861,834,1655,868,787,1596,776,820,2094,1068,1026,2363,1164,1199,2530,1309,1221,2429,1230,1199,1939,973,966,1344,642,702,935,419,516,951,357,594,48.5,47.0,49.9
050,42,047,Pennsylvania,Elk County,6,30067,15272,14795,1309,701,608,2843,1497,1346,1310,645,665,2040,1110,930,25287,12771,12516,24605,12429,12176,9470,4987,4483,6444,3389,3055,8377,4203,4174,7744,3727,4017,1309,701,608,1518,786,732,1649,868,781,1530,790,740,1496,808,688,1438,788,650,1619,845,774,1694,869,825,1693,887,806,1563,781,782,1983,1009,974,2323,1139,1184,2508,1274,1234,2449,1244,1205,1985,1013,972,1446,689,757,923,412,511,941,369,572,48.5,46.8,50.1
050,42,047,Pennsylvania,Elk County,7,29926,15249,14677,1305,701,604,2813,1472,1341,1285,654,631,1991,1072,919,25161,12736,12425,24523,12422,12101,9362,4928,4434,6409,3383,3026,8199,4118,4081,7924,3849,4075,1305,701,604,1482,781,701,1654,872,782,1520,772,748,1433,773,660,1414,790,624,1637,858,779,1671,868,803,1687,867,820,1597,820,777,1857,940,917,2281,1130,1151,2464,1228,1236,2473,1274,1199,2056,1044,1012,1555,752,803,884,392,492,956,387,569,48.6,46.8,50.2
050,42,049,Pennsylvania,Erie County,1,271038,134139,136899,14472,7406,7066,28991,14780,14211,13490,6984,6506,27908,14100,13808,220919,108540,112379,214085,104969,109116,102162,51779,50383,64050,32368,31682,70690,35291,35399,51437,23210,28227,14472,7406,7066,15442,7837,7605,16835,8616,8219,18521,9413,9108,19591,9998,9593,16619,8561,8058,16328,8170,8158,16126,8119,8007,14977,7518,7459,15519,7807,7712,16904,8586,8318,18523,9174,9349,19744,9724,10020,17540,8456,9084,12959,6148,6811,8820,3982,4838,5787,2415,3372,6331,2209,4122,40.5,39.4,41.7
050,42,049,Pennsylvania,Erie County,2,270724,133991,136733,14337,7351,6986,28848,14707,14141,13536,6996,6540,27877,14084,13793,220837,108491,112346,214003,104937,109066,102154,51765,50389,64090,32402,31688,70325,35101,35224,51711,23350,28361,14337,7351,6986,15380,7817,7563,16817,8607,8210,18378,9330,9048,19686,10033,9653,16540,8512,8028,16350,8196,8154,16125,8119,8006,15075,7575,7500,15373,7744,7629,16834,8536,8298,18429,9133,9296,19689,9688,10001,17610,8494,9116,13148,6233,6915,8840,4007,4833,5785,2407,3378,6328,2209,4119,40.5,39.4,41.7
050,42,049,Pennsylvania,Erie County,3,269444,133428,136016,13908,7146,6762,28236,14376,13860,13614,6977,6637,27806,14114,13692,220465,108396,112069,213686,104929,108757,102263,51938,50325,64373,32666,31707,68759,34256,34503,52748,23893,28855,13908,7146,6762,15177,7734,7443,16589,8461,8128,17909,9076,8833,19981,10196,9785,16323,8407,7916,16477,8339,8138,16168,8136,8032,15405,7784,7621,14697,7400,7297,16707,8407,8300,17894,8903,8991,19461,9546,9915,17784,8614,9170,14032,6600,7432,8925,4081,4844,5845,2443,3402,6162,2155,4007,40.7,39.5,41.9
050,42,049,Pennsylvania,Erie County,4,268923,132905,136018,13668,6989,6679,27758,14202,13556,13648,6955,6693,28517,14417,14100,220556,108182,112374,213849,104759,109090,103107,52256,50851,64393,32602,31791,67024,33305,33719,53915,24435,29480,13668,6989,6679,15125,7731,7394,16084,8189,7895,18397,9311,9086,20317,10343,9974,16356,8406,7950,16420,8292,8128,16141,8116,8025,15476,7788,7688,14332,7180,7152,16442,8260,8182,17289,8625,8664,18961,9240,9721,17880,8668,9212,14274,6679,7595,9538,4346,5192,6127,2598,3529,6096,2144,3952,40.6,39.4,41.8
050,42,049,Pennsylvania,Erie County,5,267628,132333,135295,13327,6843,6484,27274,13997,13277,13579,6932,6647,28108,14247,13861,220352,108121,112231,213448,104561,108887,102867,52160,50707,64427,32645,31782,65465,32505,32960,55448,25164,30284,13327,6843,6484,14913,7673,7240,15608,7988,7620,18531,9316,9215,19909,10199,9710,16419,8474,7945,16324,8261,8063,15981,8037,7944,15703,7873,7830,14247,7101,7146,15964,8040,7924,16769,8350,8419,18485,9014,9471,18040,8735,9305,14811,6948,7863,9912,4499,5413,6469,2776,3693,6216,2206,4010,40.9,39.6,42.2
050,42,049,Pennsylvania,Erie County,6,266435,131763,134672,12904,6711,6193,26817,13713,13104,13387,6835,6552,27503,14005,13498,220306,108041,112265,213327,104504,108823,102446,52072,50374,64717,32852,31865,64195,31872,32323,56912,25775,31137,12904,6711,6193,14609,7500,7109,15369,7833,7536,18398,9283,9115,19331,9937,9394,16682,8659,8023,16270,8265,8005,16005,8027,7978,15760,7901,7859,14382,7192,7190,15322,7659,7663,16527,8292,8235,17964,8729,9235,18135,8735,9400,15245,7160,8085,10512,4763,5749,6668,2856,3812,6352,2261,4091,41.1,39.8,42.5
050,42,049,Pennsylvania,Erie County,7,265832,131322,134510,12675,6582,6093,26310,13476,12834,13151,6675,6476,27184,13871,13313,220466,108020,112446,213696,104589,109107,102318,52024,50294,65225,33115,32110,63042,31236,31806,58245,26367,31878,12675,6582,6093,14332,7370,6962,15220,7743,7477,18237,9198,9039,18856,9711,9145,17101,8855,8246,16104,8271,7833,16131,8057,8074,15889,7932,7957,14655,7287,7368,14853,7453,7400,16152,8101,8051,17382,8395,8987,18113,8762,9351,15635,7311,8324,11196,5077,6119,6811,2900,3911,6490,2317,4173,41.3,39.9,42.7
050,42,051,Pennsylvania,Fayette County,1,128820,64251,64569,6497,3408,3089,12217,6269,5948,5749,2975,2774,9199,4742,4457,107251,53088,54163,104357,51599,52758,42684,22294,20390,29123,15299,13824,37205,18504,18701,28830,13054,15776,6497,3408,3089,6721,3436,3285,6883,3555,3328,6951,3574,3377,6610,3421,3189,7266,3836,3430,7374,3954,3420,7190,3750,3440,7293,3759,3534,8033,4028,4005,9028,4523,4505,9769,4825,4944,10375,5128,5247,9546,4747,4799,7488,3547,3941,4965,2246,2719,3313,1343,1970,3518,1171,2347,46.1,44.2,48.0
050,42,051,Pennsylvania,Fayette County,2,128585,64153,64432,6460,3396,3064,12203,6267,5936,5728,2967,2761,9162,4724,4438,107091,53019,54072,104194,51523,52671,42571,22244,20327,29065,15272,13793,36987,18399,18588,28980,13128,15852,6460,3396,3064,6720,3438,3282,6867,3548,3319,6878,3537,3341,6628,3435,3193,7234,3819,3415,7369,3948,3421,7183,3754,3429,7279,3751,3528,7918,3981,3937,8992,4499,4493,9727,4810,4917,10350,5109,5241,9559,4741,4818,7614,3613,4001,4945,2234,2711,3331,1357,1974,3531,1183,2348,46.2,44.3,48.0
050,42,051,Pennsylvania,Fayette County,3,127159,63417,63742,6382,3333,3049,12064,6214,5850,5626,2925,2701,9131,4736,4395,105968,52449,53519,103087,50945,52142,42151,22075,20076,28766,15115,13651,35930,17881,18049,29260,13213,16047,6382,3333,3049,6677,3404,3273,6759,3511,3248,6631,3439,3192,6754,3521,3233,7023,3735,3288,7370,3926,3444,7138,3742,3396,7235,3712,3523,7475,3785,3690,8855,4417,4438,9385,4652,4733,10215,5027,5188,9507,4660,4847,8070,3843,4227,4915,2204,2711,3328,1345,1983,3440,1161,2279,46.1,44.2,48.2
050,42,051,Pennsylvania,Fayette County,4,125569,62528,63041,6202,3181,3021,12064,6259,5805,5537,2862,2675,8952,4676,4276,104576,51702,52874,101766,50226,51540,41655,21766,19889,28518,14917,13601,34794,17328,17466,29502,13305,16197,6202,3181,3021,6653,3414,3239,6763,3534,3229,6472,3406,3066,6665,3443,3222,6960,3702,3258,7332,3865,3467,7082,3718,3364,7144,3632,3512,7261,3713,3548,8618,4323,4295,9003,4440,4563,9912,4852,5060,9465,4628,4837,8029,3826,4203,5324,2384,2940,3348,1358,1990,3336,1109,2227,46.0,44.1,48.1
050,42,051,Pennsylvania,Fayette County,5,124645,62072,62573,6068,3080,2988,12076,6233,5843,5428,2801,2627,8846,4670,4176,103812,51381,52431,101073,49958,51115,41383,21668,19715,28440,14894,13546,33779,16780,16999,30008,13614,16394,6068,3080,2988,6619,3397,3222,6788,3533,3255,6371,3344,3027,6572,3430,3142,6953,3686,3267,7352,3876,3476,7067,3713,3354,7068,3619,3449,7111,3629,3482,8340,4182,4158,8826,4377,4449,9502,4592,4910,9518,4644,4874,8116,3867,4249,5566,2558,3008,3517,1438,2079,3291,1107,2184,46.0,44.1,48.0
050,42,051,Pennsylvania,Fayette County,6,123959,61855,62104,5851,2982,2869,11952,6136,5816,5508,2851,2657,8620,4544,4076,103393,51292,52101,100648,49886,50762,41266,21701,19565,28560,15059,13501,33005,16397,16608,30463,13886,16577,5851,2982,2869,6565,3396,3169,6809,3493,3316,6301,3298,3003,6405,3344,3061,7035,3775,3260,7364,3877,3487,7101,3758,3343,7060,3649,3411,7036,3576,3460,8044,4022,4022,8679,4317,4362,9246,4482,4764,9481,4640,4841,8267,3899,4368,5872,2746,3126,3558,1468,2090,3285,1133,2152,46.1,44.1,48.1
050,42,051,Pennsylvania,Fayette County,7,123021,61444,61577,5377,2737,2640,11840,6052,5788,5458,2831,2627,8386,4398,3988,103045,51218,51827,100346,49824,50522,41303,21761,19542,28796,15227,13569,32314,16113,16201,30850,14086,16764,5377,2737,2640,6500,3366,3134,6677,3381,3296,6297,3312,2985,6210,3222,2988,7264,3948,3316,7272,3845,3427,7183,3797,3386,7077,3637,3440,7056,3611,3445,7630,3817,3813,8630,4281,4349,8998,4404,4594,9369,4527,4842,8467,4035,4432,6214,2906,3308,3510,1470,2040,3290,1148,2142,46.2,44.3,48.2
050,42,053,Pennsylvania,Forest County,1,6987,4909,2078,49,27,22,272,137,135,249,160,89,361,261,100,6561,4679,1882,6417,4585,1832,3029,2543,486,2473,2153,320,2051,1350,701,1532,821,711,49,27,22,134,61,73,192,107,85,280,177,103,276,213,63,625,563,62,716,648,68,594,492,102,538,450,88,460,331,129,487,342,145,538,340,198,566,337,229,499,289,210,416,232,184,305,152,153,171,89,82,141,59,82,46.3,41.8,57.4
050,42,053,Pennsylvania,Forest County,2,6972,4900,2072,55,29,26,266,133,133,238,154,84,365,265,100,6549,4674,1875,6413,4584,1829,3030,2544,486,2475,2153,322,2033,1341,692,1540,825,715,55,29,26,129,60,69,185,101,84,277,176,101,278,215,63,625,562,63,720,652,68,593,490,103,537,449,88,451,327,124,483,339,144,542,345,197,557,330,227,507,293,214,418,232,186,296,147,149,178,95,83,141,58,83,46.3,41.9,57.5
050,42,053,Pennsylvania,Forest County,3,6905,4856,2049,79,45,34,262,131,131,222,149,73,364,260,104,6464,4616,1848,6342,4531,1811,2997,2514,483,2452,2130,322,1952,1296,656,1574,845,729,79,45,34,126,66,60,177,90,87,284,182,102,261,202,59,624,558,66,712,647,65,572,477,95,544,448,96,412,308,104,476,336,140,527,336,191,537,316,221,530,299,231,427,241,186,291,149,142,192,104,88,134,52,82,46.2,41.8,58.0
050,42,053,Pennsylvania,Forest County,4,6615,4654,1961,92,52,40,238,115,123,215,146,69,343,253,90,6193,4430,1763,6070,4341,1729,2838,2388,450,2320,2010,310,1797,1213,584,1610,865,745,92,52,40,100,54,46,178,82,96,262,172,90,256,206,50,576,514,62,672,614,58,548,456,92,524,426,98,366,284,82,444,315,129,489,318,171,498,296,202,559,313,246,414,234,180,306,160,146,198,103,95,133,55,78,46.6,42.1,59.0
050,42,053,Pennsylvania,Forest County,5,6474,4536,1938,107,61,46,227,118,109,222,141,81,337,250,87,6049,4307,1742,5918,4216,1702,2719,2291,428,2203,1920,283,1721,1158,563,1657,888,769,107,61,46,93,58,35,177,80,97,257,169,88,259,202,57,555,502,53,637,580,57,512,430,82,499,408,91,349,269,80,445,313,132,454,293,161,473,283,190,558,319,239,440,242,198,306,163,143,211,104,107,142,60,82,47.0,42.3,59.7
050,42,053,Pennsylvania,Forest County,6,6595,4678,1917,115,65,50,208,111,97,212,135,77,355,260,95,6178,4448,1730,6060,4367,1693,2828,2393,435,2301,2022,279,1713,1184,529,1691,901,790,115,65,50,81,54,27,167,81,86,259,166,93,268,205,63,565,515,50,682,619,63,542,474,68,512,414,98,371,293,78,446,320,126,431,283,148,465,288,177,541,303,238,467,260,207,312,168,144,231,114,117,140,56,84,46.3,42.0,60.2
050,42,053,Pennsylvania,Forest County,7,6614,4709,1905,112,62,50,199,114,85,202,115,87,359,268,91,6215,4487,1728,6101,4418,1683,2854,2426,428,2337,2058,279,1698,1181,517,1707,911,796,112,62,50,90,59,31,153,70,83,239,151,88,278,217,61,581,530,51,684,618,66,549,482,67,523,428,95,392,304,88,429,312,117,413,280,133,464,285,179,512,292,220,480,267,213,335,181,154,235,111,124,145,60,85,46.2,41.9,60.6
050,42,055,Pennsylvania,Franklin County,1,155944,76336,79608,8898,4514,4384,18072,9276,8796,8031,4187,3844,11996,6033,5963,124960,60459,64501,120943,58359,62584,53814,26792,27022,35846,17639,18207,41046,20263,20783,32055,14424,17631,8898,4514,4384,9643,4948,4695,10488,5395,5093,9599,4962,4637,8369,4191,4178,8762,4391,4371,9117,4440,4677,9175,4494,4681,8792,4314,4478,9616,4883,4733,10029,4980,5049,10897,5352,5545,10504,5048,5456,9484,4471,5013,8307,3885,4422,6181,2788,3393,3978,1738,2240,4105,1542,2563,42.2,40.9,43.4
050,42,055,Pennsylvania,Franklin County,2,155938,76329,79609,8839,4475,4364,17984,9237,8747,8096,4216,3880,12008,6057,5951,125046,60509,64537,121019,58401,62618,53879,26847,27032,35859,17649,18210,40953,20201,20752,32199,14494,17705,8839,4475,4364,9595,4927,4668,10473,5385,5088,9552,4960,4592,8468,4238,4230,8716,4368,4348,9151,4463,4688,9181,4491,4690,8811,4327,4484,9537,4840,4697,10040,4990,5050,10868,5334,5534,10508,5037,5471,9543,4505,5038,8369,3917,4452,6156,2767,3389,4011,1753,2258,4120,1552,2568,42.2,40.9,43.5
050,42,055,Pennsylvania,Franklin County,3,156597,76542,80055,8652,4358,4294,17729,9107,8622,8347,4321,4026,12410,6267,6143,125914,60887,65027,121869,58756,63113,54755,27293,27462,36192,17815,18377,40590,19987,20603,32677,14687,17990,8652,4358,4294,9543,4878,4665,10380,5339,5041,9526,4989,4537,9037,4489,4548,8675,4310,4365,9298,4550,4748,9253,4557,4696,8966,4398,4568,9170,4612,4558,10182,5093,5089,10692,5234,5458,10546,5048,5498,9700,4582,5118,8685,4069,4616,6101,2717,3384,4051,1746,2305,4140,1573,2567,42.1,40.9,43.4
050,42,055,Pennsylvania,Franklin County,4,157038,76786,80252,8671,4340,4331,17465,9021,8444,8500,4381,4119,12557,6432,6125,126524,61202,65322,122402,59044,63358,55384,27726,27658,36524,18031,18493,40062,19681,20381,33259,14900,18359,8671,4340,4331,9471,4898,4573,10191,5241,4950,9707,5120,4587,9153,4575,4578,8601,4275,4326,9454,4666,4788,9339,4582,4757,9130,4508,4622,8967,4413,4554,10170,5173,4997,10447,5076,5371,10478,5019,5459,9873,4658,5215,8485,3945,4540,6623,2983,3640,4128,1740,2388,4150,1574,2576,42.1,40.7,43.5
050,42,055,Pennsylvania,Franklin County,5,158181,77274,80907,8633,4305,4328,17419,8925,8494,8646,4418,4228,12716,6560,6156,127830,61840,65990,123483,59626,63857,56414,28236,28178,37127,18346,18781,39615,19489,20126,34025,15231,18794,8633,4305,4328,9472,4856,4616,10022,5157,4865,10023,5226,4797,9264,4664,4600,8830,4411,4419,9607,4753,4854,9374,4531,4843,9316,4651,4665,8922,4387,4535,10038,5105,4933,10222,4966,5256,10433,5031,5402,10034,4728,5306,8527,3930,4597,6907,3121,3786,4406,1893,2513,4151,1559,2592,42.0,40.8,43.3
050,42,055,Pennsylvania,Franklin County,6,159476,77919,81557,8780,4426,4354,17383,8874,8509,8523,4363,4160,12774,6595,6179,129210,62489,66721,124790,60256,64534,57197,28649,28548,37893,18702,19191,39402,19389,20013,34721,15570,19151,8780,4426,4354,9415,4798,4617,9961,5087,4874,10068,5271,4797,9236,4676,4560,9235,4587,4648,9672,4795,4877,9463,4605,4858,9523,4715,4808,8927,4350,4577,9881,5026,4855,10034,4907,5127,10560,5106,5454,10052,4753,5299,8721,4007,4714,7080,3191,3889,4728,2036,2692,4140,1583,2557,42.0,40.8,43.3
050,42,055,Pennsylvania,Franklin County,7,160652,78621,82031,8921,4501,4420,17330,8819,8511,8327,4281,4046,12704,6622,6082,130379,63251,67128,126074,61020,65054,57823,29091,28732,38800,19213,19587,39126,19274,19852,35444,15911,19533,8921,4501,4420,9327,4705,4622,10011,5139,4872,9920,5159,4761,9103,4719,4384,9874,4944,4930,9669,4824,4845,9634,4737,4897,9623,4708,4915,8986,4364,4622,9541,4817,4724,9963,4923,5040,10636,5170,5466,10135,4782,5353,8884,4099,4785,7346,3307,4039,4867,2086,2781,4212,1637,2575,42.0,40.6,43.3
050,42,057,Pennsylvania,Fulton County,1,14562,7291,7271,742,373,369,1599,845,754,691,357,334,1110,577,533,11864,5878,5986,11530,5716,5814,4681,2362,2319,3065,1530,1535,4178,2154,2024,3177,1455,1722,742,373,369,858,448,410,926,499,427,834,427,407,782,405,377,717,362,355,742,353,389,775,378,397,831,437,394,949,482,467,1032,537,495,1087,565,522,1110,570,540,946,449,497,846,414,432,635,296,339,428,175,253,322,121,201,45.4,44.6,46.3
050,42,057,Pennsylvania,Fulton County,2,14578,7305,7273,737,378,359,1594,840,754,698,365,333,1115,575,540,11881,5884,5997,11549,5722,5827,4692,2363,2329,3069,1530,1539,4164,2148,2016,3201,1469,1732,737,378,359,853,449,404,931,498,433,831,425,406,792,408,384,725,371,354,745,353,392,771,378,393,828,428,400,934,473,461,1038,540,498,1080,566,514,1112,569,543,957,456,501,852,416,436,634,300,334,436,178,258,322,119,203,45.5,44.6,46.3
050,42,057,Pennsylvania,Fulton County,3,14566,7340,7226,730,364,366,1572,811,761,705,385,320,1100,580,520,11891,5951,5940,11559,5780,5779,4743,2428,2315,3122,1571,1551,4085,2131,1954,3252,1498,1754,730,364,366,843,445,398,913,474,439,821,431,390,800,426,374,763,405,358,751,355,396,778,385,393,830,426,404,880,455,425,1036,535,501,1052,567,485,1117,574,543,991,483,508,870,416,454,626,299,327,439,184,255,326,116,210,45.3,44.5,46.3
050,42,057,Pennsylvania,Fulton County,4,14566,7372,7194,709,381,328,1554,795,759,749,413,336,1089,568,521,11922,5982,5940,11554,5783,5771,4783,2453,2330,3141,1578,1563,4029,2096,1933,3295,1541,1754,709,381,328,850,440,410,900,461,439,848,454,394,794,421,373,799,427,372,760,362,398,758,366,392,824,423,401,870,450,420,1005,515,490,1076,576,500,1078,555,523,1017,507,510,834,397,437,675,325,350,439,191,248,330,121,209,45.3,44.4,46.2
050,42,057,Pennsylvania,Fulton County,5,14534,7359,7175,710,360,350,1514,779,735,756,406,350,1082,553,529,11929,6029,5900,11554,5814,5740,4783,2466,2317,3135,1597,1538,3962,2062,1900,3375,1602,1773,710,360,350,791,411,380,913,458,455,866,474,392,782,395,387,789,430,359,765,386,379,750,355,395,831,426,405,852,450,402,986,506,480,1088,573,515,1036,533,503,1036,531,505,825,376,449,703,349,354,460,209,251,351,137,214,45.4,44.8,46.0
050,42,057,Pennsylvania,Fulton County,6,14490,7324,7166,697,342,355,1485,777,708,735,381,354,1064,538,526,11946,6028,5918,11573,5824,5749,4787,2450,2337,3162,1621,1541,3902,2022,1880,3445,1643,1802,697,342,355,772,397,375,887,470,417,874,466,408,751,363,388,826,445,381,770,404,366,758,364,394,808,408,400,831,433,398,962,494,468,1052,546,506,1057,549,508,1041,539,502,836,382,454,700,343,357,476,224,252,392,155,237,45.6,45.0,46.1
050,42,057,Pennsylvania,Fulton County,7,14483,7295,7188,678,307,371,1468,779,689,732,361,371,1053,552,501,11982,6029,5953,11605,5848,5757,4780,2436,2344,3178,1614,1564,3847,1991,1856,3527,1691,1836,678,307,371,780,396,384,871,474,397,865,452,413,737,370,367,834,437,397,765,403,362,758,368,390,821,406,415,841,437,404,930,469,461,1006,519,487,1070,566,504,1048,542,506,884,415,469,688,334,354,474,228,246,433,172,261,45.8,45.4,46.2
050,42,059,Pennsylvania,Greene County,1,35951,18773,17178,1778,917,861,3396,1791,1605,1566,798,768,3313,1677,1636,29987,15654,14333,29211,15267,13944,13009,7142,5867,8531,4882,3649,10128,5288,4840,7239,3420,3819,1778,917,861,1839,946,893,1958,1060,898,2214,1082,1132,2264,1178,1086,2143,1249,894,2104,1209,895,2072,1167,905,2212,1257,955,2346,1272,1074,2473,1282,1191,2536,1362,1174,2773,1372,1401,2555,1280,1275,1964,946,1018,1266,612,654,693,315,378,761,267,494,43.6,42.3,45.3
050,42,059,Pennsylvania,Greene County,2,35869,18736,17133,1761,900,861,3379,1780,1599,1571,802,769,3307,1673,1634,29936,15641,14295,29158,15254,13904,12975,7123,5852,8497,4864,3633,10071,5271,4800,7283,3446,3837,1761,900,861,1835,946,889,1944,1050,894,2203,1077,1126,2275,1182,1093,2115,1239,876,2119,1218,901,2068,1168,900,2195,1239,956,2321,1270,1051,2463,1279,1184,2532,1362,1170,2755,1360,1395,2566,1286,1280,1989,956,1033,1269,613,656,700,319,381,759,272,487,43.6,42.3,45.4
050,42,059,Pennsylvania,Greene County,3,35297,18462,16835,1687,853,834,3301,1722,1579,1567,817,750,3155,1621,1534,29524,15458,14066,28742,15070,13672,12699,7015,5684,8366,4787,3579,9769,5156,4613,7452,3506,3946,1687,853,834,1828,941,887,1862,991,871,2125,1072,1053,2208,1156,1052,2032,1205,827,2140,1233,907,2035,1146,889,2159,1203,956,2202,1223,979,2427,1272,1155,2460,1329,1131,2680,1332,1348,2580,1283,1297,2101,1008,1093,1314,620,694,712,323,389,745,272,473,44.0,42.7,45.8
050,42,059,Pennsylvania,Greene County,4,34565,18010,16555,1586,805,781,3271,1685,1586,1560,847,713,3083,1582,1501,28940,15096,13844,28148,14673,13475,12357,6813,5544,8098,4600,3498,9420,4949,4471,7547,3542,4005,1586,805,781,1811,920,891,1844,981,863,2113,1071,1042,2146,1142,1004,1938,1133,805,2147,1231,916,1950,1099,851,2063,1137,926,2094,1138,956,2428,1257,1171,2315,1245,1070,2583,1309,1274,2554,1248,1306,2104,1023,1081,1436,669,767,755,338,417,698,264,434,44.3,42.8,46.0
050,42,059,Pennsylvania,Greene County,5,34579,18097,16482,1576,794,782,3239,1677,1562,1549,848,701,3099,1597,1502,28999,15207,13792,28215,14778,13437,12391,6869,5522,8130,4634,3496,9255,4920,4335,7731,3627,4104,1576,794,782,1813,940,873,1813,947,866,2116,1092,1024,2145,1143,1002,1940,1146,794,2192,1261,931,1963,1108,855,2035,1119,916,2117,1164,953,2380,1248,1132,2264,1204,1060,2494,1304,1190,2526,1217,1309,2195,1064,1131,1495,693,802,834,392,442,681,261,420,44.2,42.8,46.0
050,42,059,Pennsylvania,Greene County,6,34142,17821,16321,1494,736,758,3206,1672,1534,1522,803,719,2990,1556,1434,28676,15024,13652,27920,14610,13310,12141,6722,5419,8015,4544,3471,9024,4809,4215,7891,3701,4190,1494,736,758,1772,915,857,1820,938,882,2061,1087,974,2065,1091,974,1930,1122,808,2144,1233,911,1971,1104,867,1970,1085,885,2074,1155,919,2278,1208,1070,2292,1193,1099,2380,1253,1127,2504,1210,1294,2243,1080,1163,1566,722,844,888,425,463,690,264,426,44.6,43.1,46.4
050,42,059,Pennsylvania,Greene County,7,33885,17731,16154,1331,659,672,3198,1648,1550,1503,794,709,2942,1546,1396,28618,15056,13562,27853,14630,13223,12134,6740,5394,8036,4582,3454,8861,4750,4111,8014,3752,4262,1331,659,672,1744,880,864,1801,950,851,2070,1069,1001,2028,1089,939,1929,1126,803,2125,1254,871,1994,1101,893,1988,1101,887,2030,1127,903,2227,1201,1026,2268,1170,1098,2336,1252,1084,2472,1189,1283,2252,1078,1174,1643,765,878,936,440,496,711,280,431,44.8,43.2,46.6
050,42,061,Pennsylvania,Huntingdon County,1,44077,23449,20628,2010,1009,1001,4197,2161,2036,1925,964,961,4133,2171,1962,36933,19817,17116,35945,19315,16630,15785,9041,6744,10224,6164,4060,12075,6498,5577,9513,4482,5031,2010,1009,1001,2253,1144,1109,2441,1275,1166,2746,1371,1375,2815,1506,1309,2459,1502,957,2650,1605,1045,2583,1556,1027,2532,1501,1031,2689,1506,1183,2931,1639,1292,3211,1701,1510,3244,1652,1592,2918,1453,1465,2548,1283,1265,1801,855,946,1130,500,630,1116,391,725,44.1,42.4,46.3
050,42,061,Pennsylvania,Huntingdon County,2,44043,23437,20606,2017,1012,1005,4161,2135,2026,1925,968,957,4138,2173,1965,36914,19810,17104,35940,19322,16618,15772,9036,6736,10206,6157,4049,12014,6480,5534,9582,4512,5070,2017,1012,1005,2234,1128,1106,2424,1269,1155,2731,1359,1372,2835,1520,1315,2458,1503,955,2640,1600,1040,2577,1550,1027,2531,1504,1027,2671,1501,1170,2910,1627,1283,3205,1699,1506,3228,1653,1575,2953,1463,1490,2559,1292,1267,1800,853,947,1149,504,645,1121,400,721,44.1,42.5,46.4
050,42,061,Pennsylvania,Huntingdon County,3,43972,23371,20601,1987,1004,983,4101,2104,1997,1943,996,947,4267,2221,2046,36885,19729,17156,35941,19267,16674,15876,9065,6811,10160,6109,4051,11756,6347,5409,9758,4590,5168,1987,1004,983,2195,1088,1107,2400,1277,1123,2750,1369,1381,2966,1587,1379,2416,1479,937,2598,1576,1022,2614,1554,1060,2532,1500,1032,2585,1461,1124,2881,1584,1297,3124,1656,1468,3166,1646,1520,3035,1491,1544,2614,1317,1297,1791,864,927,1202,514,688,1116,404,712,44.0,42.4,46.3
050,42,061,Pennsylvania,Huntingdon County,4,43261,22790,20471,1963,1017,946,4026,2058,1968,1984,1029,955,4201,2143,2058,36271,19195,17076,35288,18686,16602,15546,8745,6801,9863,5831,4032,11331,6072,5259,9893,4640,5253,1963,1017,946,2151,1062,1089,2377,1254,1123,2734,1367,1367,2949,1547,1402,2313,1418,895,2530,1478,1052,2530,1494,1036,2490,1441,1049,2403,1340,1063,2809,1529,1280,2986,1569,1417,3133,1634,1499,3072,1503,1569,2526,1247,1279,1942,941,1001,1225,537,688,1128,412,716,44.1,42.6,46.3
050,42,061,Pennsylvania,Huntingdon County,5,43527,23120,20407,1962,1024,938,3945,1993,1952,2028,1083,945,4164,2111,2053,36631,19582,17049,35592,19020,16572,15759,8977,6782,10053,6045,4008,11226,6103,5123,10149,4761,5388,1962,1024,938,2115,1045,1070,2316,1210,1106,2770,1398,1372,2936,1534,1402,2361,1470,891,2536,1540,996,2619,1557,1062,2537,1478,1059,2380,1338,1042,2781,1534,1247,2926,1555,1371,3139,1676,1463,3114,1518,1596,2576,1259,1317,2007,988,1019,1305,575,730,1147,421,726,44.2,42.6,46.5
050,42,061,Pennsylvania,Huntingdon County,6,43384,23017,20367,1933,1013,920,3893,1941,1952,1981,1060,921,4219,2166,2053,36612,19551,17061,35577,19003,16574,15726,8952,6774,9985,5974,4011,11003,5981,5022,10370,4882,5488,1933,1013,920,2054,1002,1052,2298,1187,1111,2815,1454,1361,2926,1524,1402,2367,1458,909,2538,1542,996,2562,1505,1057,2518,1469,1049,2371,1317,1054,2692,1486,1206,2800,1512,1288,3140,1666,1474,3104,1528,1576,2648,1280,1368,2064,1030,1034,1366,601,765,1188,443,745,44.4,42.8,46.6
050,42,061,Pennsylvania,Huntingdon County,7,43001,22649,20352,1942,1009,933,3796,1882,1914,1946,1033,913,4159,2135,2024,36331,19264,17067,35317,18725,16592,15470,8725,6745,9837,5801,4036,10735,5798,4937,10586,4991,5595,1942,1009,933,2001,988,1013,2267,1138,1129,2808,1459,1349,2825,1465,1360,2430,1461,969,2449,1493,956,2496,1440,1056,2462,1407,1055,2293,1274,1019,2573,1388,1185,2800,1531,1269,3069,1605,1464,3065,1516,1549,2739,1319,1420,2168,1082,1086,1384,607,777,1230,467,763,44.6,43.0,46.7
050,42,063,Pennsylvania,Indiana County,1,83236,41340,41896,3942,2009,1933,7842,4115,3727,3750,1912,1838,11525,5268,6257,69620,34280,35340,67702,33304,34398,31817,15954,15863,17461,9219,8242,21501,10844,10657,17215,7973,9242,3942,2009,1933,4229,2238,1991,4532,2322,2210,7087,3260,3827,7269,3475,3794,4456,2405,2051,4303,2312,1991,4479,2333,2146,4223,2169,2054,4499,2277,2222,5037,2550,2487,5772,2909,2863,6193,3108,3085,5625,2790,2835,4467,2178,2289,3058,1383,1675,2095,930,1165,1970,692,1278,41.5,40.7,42.4
050,42,063,Pennsylvania,Indiana County,2,83158,41204,41954,3925,2008,1917,7817,4102,3715,3767,1922,1845,11798,5309,6489,69574,34159,35415,67649,33172,34477,31983,15925,16058,17338,9145,8193,21213,10700,10513,17300,8018,9282,3925,2008,1917,4203,2223,1980,4534,2330,2204,7130,3252,3878,7515,3528,3987,4407,2367,2040,4265,2286,1979,4439,2313,2126,4227,2179,2048,4414,2232,2182,4959,2513,2446,5695,2869,2826,6145,3086,3059,5660,2815,2845,4516,2202,2314,3065,1387,1678,2102,926,1176,1957,688,1269,41.3,40.6,42.1
050,42,063,Pennsylvania,Indiana County,3,83115,41177,41938,3853,1991,1862,7755,4079,3676,3745,1917,1828,12320,5553,6767,69665,34178,35487,67762,33190,34572,32287,16041,16246,17148,9054,8094,20631,10396,10235,17663,8187,9476,3853,1991,1862,4151,2202,1949,4530,2360,2170,7340,3282,4058,7799,3705,4094,4254,2295,1959,4170,2219,1951,4385,2285,2100,4339,2255,2084,4221,2125,2096,4853,2465,2388,5480,2745,2735,6077,3061,3016,5716,2854,2862,4764,2310,2454,3047,1389,1658,2169,938,1231,1967,696,1271,41.2,40.5,41.9
050,42,063,Pennsylvania,Indiana County,4,82893,40971,41922,3874,2005,1869,7698,4019,3679,3735,1920,1815,12731,5687,7044,69442,33962,35480,67586,33027,34559,32401,15983,16418,16887,8879,8008,20059,10101,9958,17909,8360,9549,3874,2005,1869,4169,2175,1994,4481,2347,2134,7379,3311,4068,8135,3793,4342,4010,2152,1858,4221,2267,1954,4304,2179,2125,4352,2281,2071,4063,2062,2001,4733,2409,2324,5341,2668,2673,5922,2962,2960,5723,2872,2851,4797,2331,2466,3267,1516,1751,2202,937,1265,1920,704,1216,41.0,40.6,41.5
050,42,063,Pennsylvania,Indiana County,5,83045,41092,41953,3874,2008,1866,7612,3935,3677,3752,1953,1799,13128,5914,7214,69689,34158,35531,67807,33196,34611,32675,16186,16489,16716,8812,7904,19648,9910,9738,18315,8560,9755,3874,2008,1866,4070,2105,1965,4463,2323,2140,7399,3345,4054,8560,4029,4531,3727,2035,1692,4281,2288,1993,4246,2168,2078,4462,2321,2141,4124,2103,2021,4566,2332,2234,5170,2602,2568,5788,2873,2915,5743,2898,2845,4870,2349,2521,3478,1619,1859,2271,978,1293,1953,716,1237,41.0,40.5,41.5
050,42,063,Pennsylvania,Indiana County,6,83257,40954,42303,3801,1951,1850,7668,3945,3723,3748,1942,1806,14091,6319,7772,69931,34101,35830,68040,33116,34924,33171,16335,16836,16258,8527,7731,19027,9568,9459,18664,8702,9962,3801,1951,1850,4128,2095,2033,4466,2303,2163,7659,3421,4238,9254,4387,4867,3320,1788,1532,4246,2241,2005,4207,2178,2029,4485,2320,2165,4062,2040,2022,4447,2263,2184,4971,2506,2465,5547,2759,2788,5786,2892,2894,4944,2383,2561,3710,1751,1959,2291,956,1335,1933,720,1213,40.6,40.3,41.0
050,42,063,Pennsylvania,Indiana County,7,82878,40648,42230,3692,1867,1825,7590,3889,3701,3706,1899,1807,14382,6470,7912,69770,33981,35789,67890,32993,34897,33135,16269,16866,15951,8362,7589,18624,9357,9267,18933,8804,10129,3692,1867,1825,4082,2065,2017,4412,2286,2126,7664,3389,4275,9520,4518,5002,3073,1645,1428,4210,2232,1978,4233,2190,2043,4435,2295,2140,4146,2080,2066,4277,2164,2113,4792,2423,2369,5409,2690,2719,5738,2862,2876,5022,2423,2599,3918,1835,2083,2283,945,1338,1972,739,1233,40.7,40.3,41.0
050,42,065,Pennsylvania,Jefferson County,1,44501,22145,22356,2373,1218,1155,4780,2474,2306,2159,1109,1050,3169,1609,1560,36297,17925,18372,35189,17344,17845,14668,7508,7160,9857,5047,4810,12327,6189,6138,9836,4499,5337,2373,1218,1155,2621,1349,1272,2676,1382,1294,2649,1376,1273,2162,1085,1077,2350,1176,1174,2522,1293,1229,2578,1325,1253,2407,1253,1154,2557,1288,1269,2888,1435,1453,3232,1619,1613,3650,1847,1803,3076,1508,1568,2422,1180,1242,1786,803,983,1312,588,724,1240,420,820,44.8,43.5,46.2
050,42,065,Pennsylvania,Jefferson County,2,44488,22166,22322,2371,1227,1144,4765,2467,2298,2160,1108,1052,3162,1617,1545,36297,17939,18358,35192,17364,17828,14654,7494,7160,9857,5034,4823,12259,6156,6103,9914,4557,5357,2371,1227,1144,2608,1341,1267,2682,1391,1291,2626,1363,1263,2171,1097,1074,2350,1175,1175,2512,1281,1231,2579,1326,1253,2416,1252,1164,2537,1283,1254,2863,1429,1434,3220,1607,1613,3639,1837,1802,3108,1534,1574,2456,1200,1256,1782,805,977,1315,587,728,1253,431,822,44.8,43.5,46.3
050,42,065,Pennsylvania,Jefferson County,3,44132,22015,22117,2338,1217,1121,4658,2411,2247,2147,1091,1056,3144,1644,1500,36071,17844,18227,34989,17296,17693,14568,7458,7110,9820,5002,4818,11991,6014,5977,10034,4636,5398,2338,1217,1121,2526,1295,1231,2675,1395,1280,2517,1300,1217,2231,1156,1075,2298,1156,1142,2514,1262,1252,2557,1319,1238,2451,1265,1186,2477,1270,1207,2819,1408,1411,3097,1529,1568,3598,1807,1791,3214,1597,1617,2528,1232,1296,1745,789,956,1284,572,712,1263,446,817,44.9,43.6,46.4
050,42,065,Pennsylvania,Jefferson County,4,43731,21821,21910,2290,1195,1095,4579,2351,2228,2150,1098,1052,3114,1640,1474,35759,17713,18046,34712,17177,17535,14454,7426,7028,9742,4969,4773,11633,5828,5805,10223,4740,5483,2290,1195,1095,2476,1263,1213,2655,1369,1286,2458,1279,1179,2254,1178,1076,2229,1120,1109,2478,1247,1231,2568,1326,1242,2467,1276,1191,2410,1234,1176,2750,1366,1384,3023,1496,1527,3450,1732,1718,3306,1650,1656,2510,1211,1299,1871,871,1000,1296,552,744,1240,456,784,45.0,43.6,46.4
050,42,065,Pennsylvania,Jefferson County,5,43637,21757,21880,2280,1172,1108,4537,2333,2204,2162,1123,1039,3112,1624,1488,35741,17685,18056,34658,17129,17529,14468,7389,7079,9726,4927,4799,11350,5681,5669,10470,4897,5573,2280,1172,1108,2423,1254,1169,2646,1364,1282,2481,1283,1198,2261,1179,1082,2206,1104,1102,2463,1231,1232,2558,1312,1246,2499,1280,1219,2406,1233,1173,2705,1341,1364,2942,1454,1488,3297,1653,1644,3366,1690,1676,2616,1248,1368,1919,932,987,1317,552,765,1252,475,777,45.0,43.7,46.3
050,42,065,Pennsylvania,Jefferson County,6,43340,21640,21700,2263,1186,1077,4475,2305,2170,2160,1122,1038,3071,1581,1490,35561,17598,17963,34442,17027,17415,14395,7341,7054,9679,4909,4770,11043,5529,5514,10649,5008,5641,2263,1186,1077,2395,1247,1148,2595,1329,1266,2469,1285,1184,2247,1147,1100,2217,1120,1097,2405,1188,1217,2518,1285,1233,2539,1316,1223,2381,1221,1160,2579,1288,1291,2877,1415,1462,3206,1605,1601,3410,1718,1692,2697,1279,1418,1966,980,986,1323,560,763,1253,471,782,45.0,43.9,46.3
050,42,065,Pennsylvania,Jefferson County,7,43255,21650,21605,2275,1199,1076,4447,2298,2149,2146,1119,1027,3045,1559,1486,35475,17604,17871,34387,17034,17353,14377,7340,7037,9730,4941,4789,10779,5426,5353,10833,5108,5725,2275,1199,1076,2383,1241,1142,2608,1336,1272,2463,1290,1173,2184,1109,1075,2321,1192,1129,2323,1157,1166,2505,1257,1248,2581,1335,1246,2403,1240,1163,2487,1255,1232,2813,1404,1409,3076,1527,1549,3405,1696,1709,2806,1360,1446,2093,1033,1060,1271,536,735,1258,483,775,45.0,43.8,46.2
050,42,067,Pennsylvania,Juniata County,1,23500,11757,11743,1421,718,703,2562,1294,1268,1254,645,609,1832,956,876,18907,9431,9476,18263,9100,9163,7974,4094,3880,5188,2648,2540,6345,3192,3153,4898,2304,2594,1421,718,703,1390,710,680,1472,739,733,1522,795,727,1264,651,613,1274,637,637,1314,680,634,1274,645,629,1326,686,640,1379,699,680,1535,789,746,1728,871,857,1703,833,870,1476,727,749,1241,623,618,913,447,466,629,263,366,639,244,395,43.1,42.0,44.0
050,42,067,Pennsylvania,Juniata County,2,23476,11744,11732,1424,723,701,2549,1285,1264,1249,643,606,1837,963,874,18894,9423,9471,18254,9093,9161,7967,4094,3873,5182,2642,2540,6318,3180,3138,4917,2308,2609,1424,723,701,1379,700,679,1471,739,732,1512,792,720,1273,660,613,1273,640,633,1311,674,637,1273,642,631,1325,686,639,1363,688,675,1534,791,743,1729,874,855,1692,827,865,1489,733,756,1248,624,624,906,444,462,638,266,372,636,241,395,43.1,42.1,44.0
050,42,067,Pennsylvania,Juniata County,3,23346,11669,11677,1413,745,668,2503,1259,1244,1204,608,596,1872,965,907,18840,9371,9469,18226,9057,9169,7948,4057,3891,5169,2632,2537,6207,3134,3073,4978,2326,2652,1413,745,668,1336,675,661,1464,732,732,1454,748,706,1325,677,648,1238,636,602,1307,652,655,1285,647,638,1339,697,642,1284,648,636,1543,794,749,1703,869,834,1677,823,854,1526,743,783,1297,652,645,894,434,460,652,265,387,609,232,377,43.1,42.3,44.1
050,42,067,Pennsylvania,Juniata County,4,23296,11729,11567,1437,770,667,2494,1262,1232,1189,600,589,1870,984,886,18781,9403,9378,18176,9097,9079,7926,4083,3843,5152,2648,2504,6127,3123,3004,5027,2342,2685,1437,770,667,1342,668,674,1437,743,694,1415,722,693,1359,713,646,1204,638,566,1304,662,642,1294,647,647,1350,701,649,1284,657,627,1509,775,734,1641,851,790,1693,840,853,1533,734,799,1289,661,628,955,450,505,647,274,373,603,223,380,43.2,42.2,44.3
050,42,067,Pennsylvania,Juniata County,5,23409,11784,11625,1482,788,694,2515,1274,1241,1179,597,582,1871,985,886,18837,9427,9410,18233,9125,9108,7968,4116,3852,5209,2682,2527,6058,3083,2975,5095,2375,2720,1482,788,694,1386,678,708,1420,744,676,1380,706,674,1379,728,651,1230,639,591,1316,681,635,1343,681,662,1320,681,639,1291,661,630,1472,750,722,1601,830,771,1694,842,852,1545,738,807,1261,653,608,999,475,524,646,286,360,644,223,421,43.0,42.0,44.1
050,42,067,Pennsylvania,Juniata County,6,23454,11828,11626,1499,814,685,2506,1263,1243,1177,592,585,1842,973,869,18851,9449,9402,18272,9159,9113,7974,4100,3874,5252,2687,2565,5960,3057,2903,5218,2442,2776,1499,814,685,1387,686,701,1416,729,687,1364,692,672,1358,721,637,1265,650,615,1338,697,641,1391,714,677,1258,626,632,1332,701,631,1417,733,684,1523,768,755,1688,855,833,1573,761,812,1298,657,641,1029,486,543,679,314,365,639,224,415,42.9,41.8,44.0
050,42,067,Pennsylvania,Juniata County,7,23403,11802,11601,1491,809,682,2485,1256,1229,1166,587,579,1824,953,871,18833,9437,9396,18261,9150,9111,7952,4094,3858,5256,2704,2552,5886,3017,2869,5295,2476,2819,1491,809,682,1403,708,695,1376,698,678,1340,677,663,1356,713,643,1290,669,621,1333,703,630,1370,693,677,1263,639,624,1321,681,640,1343,699,644,1519,761,758,1703,876,827,1576,759,817,1332,657,675,1072,521,551,678,321,357,637,218,419,43.0,41.8,44.1
050,42,069,Pennsylvania,Lackawanna County,1,215914,105471,110443,10771,5558,5213,21822,11261,10561,9949,5215,4734,19977,9920,10057,178331,86064,92267,173372,83437,89935,78553,39265,39288,51128,25444,25684,57622,28338,29284,44645,19735,24910,10771,5558,5213,11724,5989,5735,12599,6586,6013,13803,7068,6735,13622,6753,6869,12455,6237,6218,13600,6760,6840,13062,6453,6609,12011,5994,6017,12686,6240,6446,14116,7049,7067,15350,7488,7862,15470,7561,7909,13832,6666,7166,11482,5330,6152,7898,3588,4310,5266,2201,3065,6167,1950,4217,42.5,41.1,44.2
050,42,069,Pennsylvania,Lackawanna County,2,215529,105306,110223,10798,5573,5225,21745,11214,10531,9979,5222,4757,19933,9911,10022,177982,85923,92059,173007,83297,89710,78524,39284,39240,51119,25460,25659,57357,28178,29179,44598,19748,24850,10798,5573,5225,11677,5957,5720,12575,6566,6009,13700,7020,6680,13705,6804,6901,12385,6200,6185,13568,6753,6815,13092,6481,6611,12074,6026,6048,12528,6148,6380,14070,7020,7050,15265,7442,7823,15494,7568,7926,13845,6652,7193,11563,5383,6180,7908,3596,4312,5232,2182,3050,6050,1935,4115,42.5,41.0,44.1
050,42,069,Pennsylvania,Lackawanna County,3,216081,105676,110405,10717,5590,5127,21767,11199,10568,10155,5299,4856,20232,10096,10136,178516,86257,92259,173442,83588,89854,79367,39853,39514,51549,25782,25767,56309,27592,28717,45352,20118,25234,10717,5590,5127,11727,5983,5744,12609,6540,6069,13558,6986,6572,14260,7085,7175,12264,6131,6133,13613,6823,6790,13266,6643,6623,12406,6185,6221,11989,5830,6159,14033,6987,7046,14721,7177,7544,15566,7598,7968,13872,6604,7268,12105,5677,6428,8033,3650,4383,5373,2252,3121,5969,1935,4034,42.3,40.8,43.9
050,42,069,Pennsylvania,Lackawanna County,4,215714,105622,110092,10605,5510,5095,21479,11057,10422,10368,5431,4937,20239,10188,10051,178421,86314,92107,173262,83624,89638,79796,40109,39687,51833,25891,25942,55168,27094,28074,46022,20451,25571,10605,5510,5095,11714,6017,5697,12409,6441,5968,13596,7031,6565,14367,7187,7180,12170,6116,6054,13560,6761,6799,13314,6621,6693,12789,6393,6396,11800,5797,6003,13721,6828,6893,14343,6990,7353,15304,7479,7825,13924,6602,7322,11985,5645,6340,8689,3940,4749,5539,2333,3206,5885,1931,3954,42.3,40.8,43.8
050,42,069,Pennsylvania,Lackawanna County,5,216257,105961,110296,10680,5568,5112,21451,11038,10413,10481,5508,4973,20105,10096,10009,178891,86595,92296,173645,83847,89798,80522,40524,39998,52447,26223,26224,54222,26642,27580,46871,20886,25985,10680,5568,5112,11761,6057,5704,12201,6284,5917,13926,7237,6689,14149,7064,7085,12354,6236,6118,13481,6713,6768,13590,6774,6816,13022,6500,6522,11792,5842,5950,13355,6588,6767,14012,6889,7123,15063,7323,7740,14085,6678,7407,12132,5738,6394,8916,4029,4887,5854,2473,3381,5884,1968,3916,42.3,40.8,43.8
050,42,069,Pennsylvania,Lackawanna County,6,216418,106175,110243,10646,5469,5177,21423,11075,10348,10530,5577,4953,19802,10032,9770,179252,86949,92303,173819,84054,89765,80868,40813,40055,53100,26556,26544,53369,26179,27190,47548,21287,26261,10646,5469,5177,11784,6111,5673,12203,6316,5887,13995,7292,6703,13773,6965,6808,12680,6500,6180,13353,6642,6711,13723,6779,6944,13344,6635,6709,11878,5881,5997,13015,6411,6604,13721,6738,6983,14755,7149,7606,14191,6800,7391,12194,5725,6469,9282,4207,5075,6063,2549,3514,5818,2006,3812,42.3,40.8,43.8
050,42,069,Pennsylvania,Lackawanna County,7,216502,106271,110231,10618,5466,5152,21552,11140,10412,10361,5455,4906,19632,10029,9603,179326,87068,92258,173971,84210,89761,80983,40979,40004,53414,26743,26671,52744,25794,26950,48181,21644,26537,10618,5466,5152,11758,6049,5709,12218,6339,5879,14055,7340,6715,13514,6896,6618,13002,6602,6400,12985,6436,6549,13939,6961,6978,13488,6744,6744,12158,6013,6145,12547,6147,6400,13575,6669,6906,14464,6965,7499,14213,6849,7364,12311,5747,6564,9643,4353,5290,6185,2611,3574,5829,2084,3745,42.3,40.8,43.8
050,42,071,Pennsylvania,Lancaster County,1,552988,269947,283041,34923,17939,16984,64682,33247,31435,28747,14692,14055,51022,25490,25532,438998,211300,227698,424636,204069,220567,204926,101845,103081,132315,65352,66963,135332,65959,69373,105967,47268,58699,34923,17939,16984,35329,18320,17009,36511,18616,17895,36835,18554,18281,35776,17939,17837,34609,17278,17331,34733,17068,17665,32799,16260,16539,30174,14746,15428,30462,15064,15398,32170,15712,16458,36641,17807,18834,36059,17376,18683,31619,14997,16622,26187,12154,14033,19155,8596,10559,13448,5813,7635,15558,5708,9850,39.2,37.8,40.6
050,42,071,Pennsylvania,Lancaster County,2,552819,269853,282966,34718,17819,16899,64514,33167,31347,28803,14719,14084,51009,25497,25512,439156,211407,227749,424784,204148,220636,205152,102009,103143,132555,65499,67056,134839,65689,69150,106381,47463,58918,34718,17819,16899,35304,18275,17029,36425,18598,17827,36552,18432,18120,36045,18078,17967,34521,17231,17290,34817,17138,17679,32917,16304,16613,30300,14826,15474,30194,14912,15282,32123,15710,16413,36440,17689,18751,36082,17378,18704,31815,15096,16719,26417,12253,14164,19199,8642,10557,13462,5803,7659,15488,5669,9819,39.2,37.8,40.6
050,42,071,Pennsylvania,Lancaster County,3,556420,271523,284897,34504,17764,16740,64197,33028,31169,28948,14809,14139,52510,26115,26395,443093,213258,229835,428771,205922,222849,208159,103547,104612,134115,66399,67716,132718,64606,68112,109428,48802,60626,34504,17764,16740,35360,18210,17150,36251,18594,17657,36191,18269,17922,37853,18879,18974,34471,17240,17231,35330,17417,17913,33403,16499,16904,30911,15243,15668,29185,14391,14794,31973,15703,16270,35354,17108,18246,36206,17404,18802,32609,15460,17149,27692,12820,14872,19573,8810,10763,13861,5969,7892,15693,5743,9950,39.2,37.8,40.6
050,42,071,Pennsylvania,Lancaster County,4,557092,271522,285570,34477,17714,16763,63735,32826,30909,29169,14965,14204,51786,25652,26134,444096,213437,230659,429711,206017,223694,208660,103741,104919,135085,66893,68192,130502,63481,67021,112338,49991,62347,34477,17714,16763,35306,18174,17132,35809,18421,17388,36007,18182,17825,37568,18666,18902,34336,17207,17129,35667,17628,18039,33630,16571,17059,31452,15487,15965,28862,14226,14636,31510,15516,15994,34175,16535,17640,35955,17204,18751,33315,15782,17533,27509,12700,14809,21274,9543,11731,14292,6110,8182,15948,5856,10092,39.4,37.9,40.8
050,42,071,Pennsylvania,Lancaster County,5,560144,273111,287033,34392,17700,16692,63609,32864,30745,29338,14968,14370,51831,25735,26096,447452,215067,232385,432805,207579,225226,210756,104840,105916,136875,67836,69039,128729,62643,66086,115370,51365,64005,34392,17700,16692,35346,18198,17148,35551,18365,17186,36405,18439,17966,37476,18565,18911,34638,17440,17198,35905,17791,18114,34154,16740,17414,32178,15865,16313,29181,14369,14812,30908,15227,15681,32898,15921,16977,35742,17126,18616,33808,15988,17820,28064,12972,15092,22013,9868,12145,15081,6487,8594,16404,6050,10354,39.4,38.0,40.9
050,42,071,Pennsylvania,Lancaster County,6,562062,273904,288158,34378,17742,16636,63156,32583,30573,29174,14847,14327,50939,25322,25617,450126,216267,233859,435354,208732,226622,211830,105430,106400,138849,68897,69952,126816,61605,65211,118750,52908,65842,34378,17742,16636,35086,17977,17109,35202,18242,16960,36411,18419,17992,36570,18114,18456,35456,17771,17685,35828,17868,17960,34865,17042,17823,32700,16216,16484,29391,14392,14999,30229,14911,15318,31668,15255,16413,35528,17047,18481,34228,16155,18073,28992,13405,15587,22876,10257,12619,15772,6844,8928,16882,6247,10635,39.6,38.1,41.1
050,42,071,Pennsylvania,Lancaster County,7,563159,274296,288863,34113,17530,16583,62537,32192,30345,28665,14636,14029,50100,25016,25084,452414,217315,235099,437844,209938,227906,212089,105558,106531,140332,69552,70780,125513,61038,64475,121899,54332,67567,34113,17530,16583,34431,17654,16777,35114,18184,16930,36185,18244,17941,35572,17762,17810,36309,18078,18231,35318,17638,17680,35572,17402,18170,33133,16434,16699,29951,14666,15285,29446,14541,14905,30956,14997,15959,35160,16834,18326,34326,16168,18158,29918,13850,16068,24010,10783,13227,16264,7044,9220,17381,6487,10894,39.9,38.4,41.3
050,42,073,Pennsylvania,Lawrence County,1,86065,41890,44175,4450,2210,2240,8619,4360,4259,4075,2088,1987,6853,3554,3299,70986,34317,36669,68921,33232,35689,28614,14416,14198,18647,9247,9400,23926,11833,12093,19495,8598,10897,4450,2210,2240,4618,2349,2269,4962,2484,2478,5186,2684,2502,4781,2485,2296,4551,2254,2297,4683,2372,2311,4755,2280,2475,4658,2341,2317,4993,2486,2507,5679,2836,2843,6262,3068,3194,6992,3443,3549,6243,2995,3248,4823,2222,2601,3279,1439,1840,2373,987,1386,2777,955,1822,45.4,43.8,47.0
050,42,073,Pennsylvania,Lawrence County,2,85961,41854,44107,4451,2213,2238,8598,4350,4248,4078,2078,2000,6858,3558,3300,70906,34296,36610,68834,33213,35621,28602,14410,14192,18643,9251,9392,23792,11762,12030,19541,8642,10899,4451,2213,2238,4638,2355,2283,4937,2472,2465,5152,2661,2491,4807,2498,2309,4528,2255,2273,4687,2372,2315,4743,2277,2466,4685,2347,2338,4934,2460,2474,5666,2826,2840,6211,3043,3168,6981,3433,3548,6267,3013,3254,4877,2249,2628,3264,1436,1828,2366,985,1381,2767,959,1808,45.4,43.8,46.9
050,42,073,Pennsylvania,Lawrence County,3,85550,41604,43946,4294,2148,2146,8576,4329,4247,4089,2046,2043,6904,3583,3321,70670,34145,36525,68591,33081,35510,28677,14429,14248,18707,9299,9408,23152,11399,11753,19828,8800,11028,4294,2148,2146,4737,2390,2347,4862,2438,2424,5078,2605,2473,4892,2525,2367,4442,2243,2199,4767,2390,2377,4715,2293,2422,4783,2373,2410,4685,2332,2353,5657,2803,2854,5936,2908,3028,6874,3356,3518,6373,3077,3296,5177,2384,2793,3264,1442,1822,2325,965,1360,2689,932,1757,45.2,43.7,46.8
050,42,073,Pennsylvania,Lawrence County,4,84771,41245,43526,4162,2099,2063,8499,4302,4197,4081,2008,2073,6922,3595,3327,70073,33828,36245,68029,32836,35193,28595,14366,14229,18604,9273,9331,22419,10994,11425,20084,8974,11110,4162,2099,2063,4670,2380,2290,4841,2432,2409,5024,2537,2487,4967,2556,2411,4305,2185,2120,4739,2394,2345,4679,2301,2378,4881,2393,2488,4540,2247,2293,5546,2752,2794,5765,2843,2922,6568,3152,3416,6452,3145,3307,5135,2403,2732,3552,1544,2008,2339,985,1354,2606,897,1709,45.1,43.6,46.7
050,42,073,Pennsylvania,Lawrence County,5,84500,41095,43405,4049,2048,2001,8454,4268,4186,4012,1998,2014,6914,3574,3340,70006,33765,36241,67985,32781,35204,28669,14389,14280,18743,9326,9417,21838,10701,11137,20490,9180,11310,4049,2048,2001,4670,2367,2303,4784,2410,2374,4980,2497,2483,4946,2566,2380,4388,2247,2141,4750,2365,2385,4674,2320,2354,4931,2394,2537,4469,2221,2248,5425,2686,2739,5603,2791,2812,6341,3003,3338,6416,3142,3274,5320,2490,2830,3695,1595,2100,2446,1040,1406,2613,913,1700,45.1,43.7,46.7
050,42,073,Pennsylvania,Lawrence County,6,84087,40881,43206,3983,1998,1985,8389,4239,4150,3961,2000,1961,6773,3453,3320,69742,33646,36096,67754,32644,35110,28601,14381,14220,18836,9420,9416,21236,10425,10811,20909,9346,11563,3983,1998,1985,4604,2317,2287,4754,2414,2340,4903,2454,2449,4862,2507,2355,4461,2318,2143,4746,2380,2366,4739,2363,2376,4890,2359,2531,4535,2269,2266,5124,2527,2597,5479,2729,2750,6098,2900,3198,6370,3075,3295,5465,2573,2892,3933,1722,2211,2502,1046,1456,2639,930,1709,45.1,43.6,46.7
050,42,073,Pennsylvania,Lawrence County,7,83911,40757,43154,3846,1932,1914,8415,4252,4163,3896,1975,1921,6736,3413,3323,69767,33629,36138,67754,32598,35156,28646,14413,14233,18920,9471,9449,20819,10197,10622,21279,9517,11762,3846,1932,1914,4565,2279,2286,4756,2419,2337,4893,2476,2417,4833,2466,2367,4520,2353,2167,4772,2379,2393,4780,2406,2374,4848,2333,2515,4649,2293,2356,4936,2473,2463,5385,2644,2741,5849,2787,3062,6341,3066,3275,5564,2619,2945,4164,1828,2336,2593,1070,1523,2617,934,1683,45.1,43.6,46.6
050,42,075,Pennsylvania,Lebanon County,1,143252,70098,73154,8144,4164,3980,16631,8547,8084,7418,3792,3626,11904,6063,5841,114713,55457,59256,111059,53595,57464,49901,24831,25070,32490,15971,16519,37017,18240,18777,29648,13321,16327,8144,4164,3980,8995,4623,4372,9547,4919,4628,9152,4642,4510,8259,4218,4041,7748,3856,3892,8331,4076,4255,8419,4152,4267,7992,3887,4105,8405,4193,4212,8829,4426,4403,10019,4888,5131,9764,4733,5031,8922,4278,4644,7529,3611,3918,5384,2364,3020,3721,1614,2107,4092,1454,2638,41.8,40.5,43.1
050,42,075,Pennsylvania,Lebanon County,2,143272,70123,73149,8143,4153,3990,16589,8519,8070,7442,3818,3624,11926,6072,5854,114765,55504,59261,111098,53633,57465,50017,24913,25104,32561,16022,16539,36875,18163,18712,29736,13376,16360,8143,4153,3990,8967,4614,4353,9534,4904,4630,9128,4641,4487,8328,4250,4078,7754,3857,3897,8329,4088,4241,8443,4167,4276,8035,3910,4125,8317,4146,4171,8790,4411,4379,9977,4865,5112,9791,4741,5050,8971,4298,4673,7582,3639,3943,5378,2372,3006,3718,1604,2114,4087,1463,2624,41.8,40.5,43.1
050,42,075,Pennsylvania,Lebanon County,3,143785,70358,73427,7973,4032,3941,16411,8386,8025,7547,3884,3663,12272,6220,6052,115580,55949,59631,111854,54056,57798,50741,25314,25427,32842,16210,16632,36430,17983,18447,30310,13643,16667,7973,4032,3941,8858,4547,4311,9473,4839,4634,9133,4669,4464,8766,4435,4331,7735,3854,3881,8399,4186,4213,8407,4118,4289,8301,4052,4249,8065,4002,4063,8716,4397,4319,9777,4797,4980,9872,4787,5085,9090,4358,4732,7935,3826,4109,5373,2382,2991,3777,1603,2174,4135,1474,2661,41.8,40.6,43.0
050,42,075,Pennsylvania,Lebanon County,4,144037,70475,73562,7876,3964,3912,16410,8414,7996,7631,3908,3723,12264,6233,6031,115884,56109,59775,112120,54189,57931,51045,25497,25548,33087,16344,16743,35816,17685,18131,30953,13927,17026,7876,3964,3912,8815,4511,4304,9532,4891,4641,9247,4753,4494,8711,4400,4311,7673,3856,3817,8587,4211,4376,8348,4105,4243,8479,4172,4307,7927,3909,4018,8626,4337,4289,9463,4671,4792,9800,4768,5032,9153,4374,4779,7944,3787,4157,5847,2662,3185,3920,1630,2290,4089,1474,2615,41.8,40.6,43.0
050,42,075,Pennsylvania,Lebanon County,5,144706,70716,73990,7801,3916,3885,16440,8450,7990,7621,3904,3717,12244,6159,6085,116656,56414,60242,112844,54446,58398,51617,25709,25908,33618,16593,17025,35447,17505,17942,31535,14189,17346,7801,3916,3885,8695,4449,4246,9611,4948,4663,9346,4795,4551,8653,4321,4332,7758,3942,3816,8627,4236,4391,8584,4202,4382,8649,4213,4436,7890,3922,3968,8559,4245,4314,9198,4568,4630,9800,4770,5030,9197,4402,4795,7964,3761,4203,6120,2799,3321,4149,1708,2441,4105,1519,2586,41.9,40.6,43.0
050,42,075,Pennsylvania,Lebanon County,6,145392,71123,74269,7863,3970,3893,16129,8335,7794,7732,3902,3830,12270,6219,6051,117532,56894,60638,113668,54916,58752,51897,25897,26000,33910,16760,17150,35214,17377,17837,32274,14560,17714,7863,3970,3893,8572,4378,4194,9572,4941,4631,9361,4825,4536,8626,4312,4314,7968,4080,3888,8650,4256,4394,8644,4188,4456,8648,4236,4412,8043,3982,4061,8452,4207,4245,8853,4379,4474,9866,4809,5057,9265,4447,4818,8142,3848,4294,6431,2940,3491,4250,1761,2489,4186,1564,2622,42.0,40.7,43.2
050,42,075,Pennsylvania,Lebanon County,7,146380,71617,74763,7850,3988,3862,16068,8245,7823,7746,3904,3842,12384,6324,6060,118522,57417,61105,114716,55480,59236,52532,26170,26362,34324,16939,17385,34987,17253,17734,33021,14964,18057,7850,3988,3862,8534,4302,4232,9456,4940,4516,9524,4845,4679,8684,4386,4298,8242,4199,4043,8582,4220,4362,8785,4288,4497,8715,4232,4483,8203,4067,4136,8297,4118,4179,8737,4351,4386,9750,4717,5033,9335,4484,4851,8350,3961,4389,6776,3127,3649,4318,1785,2533,4242,1607,2635,42.0,40.8,43.2
050,42,077,Pennsylvania,Lehigh County,1,374546,181475,193071,22104,11276,10828,42021,21512,20509,19676,10133,9543,33479,16573,16906,300634,143632,157002,290745,138554,152191,141197,69495,71702,92999,45354,47645,97743,47350,50393,66524,29277,37247,22104,11276,10828,22654,11498,11156,24324,12579,11745,24628,12543,12085,23570,11598,11972,23269,11500,11769,23953,11665,12288,23444,11391,12053,22333,10798,11535,22499,10975,11524,24098,11747,12351,25911,12501,13410,25235,12127,13108,21132,10012,11120,17134,7876,9258,11734,5163,6571,7756,3239,4517,8768,2987,5781,39.9,38.6,41.1
050,42,077,Pennsylvania,Lehigh County,2,374449,181465,192984,22059,11265,10794,41961,21471,20490,19669,10124,9545,33505,16594,16911,300631,143669,156962,290760,138605,152155,141393,69615,71778,93160,45449,47711,97418,47187,50231,66677,29375,37302,22059,11265,10794,22637,11487,11150,24265,12536,11729,24552,12520,12032,23681,11646,12035,23148,11456,11692,24045,11709,12336,23508,11421,12087,22459,10863,11596,22350,10902,11448,23995,11697,12298,25815,12439,13376,25258,12149,13109,21268,10066,11202,17275,7946,9329,11737,5146,6591,7736,3241,4495,8661,2976,5685,39.9,38.6,41.1
050,42,077,Pennsylvania,Lehigh County,3,375852,182267,193585,21827,11137,10690,41883,21368,20515,19632,10094,9538,33934,16876,17058,302313,144705,157608,292510,139668,152842,142921,70473,72448,94279,46046,48233,96122,46666,49456,68175,30080,38095,21827,11137,10690,22728,11550,11178,24079,12361,11718,24320,12453,11867,24322,11974,12348,23094,11457,11637,24392,11859,12533,23790,11600,12190,23003,11130,11873,21818,10612,11206,23765,11606,12159,25231,12187,13044,25308,12261,13047,21748,10279,11469,18122,8368,9754,11863,5151,6712,7834,3294,4540,8608,2988,5620,39.9,38.6,41.1
050,42,077,Pennsylvania,Lehigh County,4,376746,182902,193844,21405,10853,10552,41758,21264,20494,19585,10101,9484,34048,16929,17119,303735,145684,158051,293998,140684,153314,144001,71236,72765,95323,46782,48541,94681,46048,48633,69946,30925,39021,21405,10853,10552,22972,11716,11256,23741,12124,11617,24163,12322,11841,24515,12132,12383,23056,11530,11526,24772,12125,12647,24109,11801,12308,23386,11326,12060,21734,10605,11129,23428,11424,12004,24508,11866,12642,25011,12153,12858,22306,10498,11808,18051,8380,9671,12988,5689,7299,8140,3453,4687,8461,2905,5556,39.9,38.6,41.1
050,42,077,Pennsylvania,Lehigh County,5,380068,184403,195665,20884,10567,10317,42255,21417,20838,19577,10059,9518,34489,17172,17317,307153,147407,159746,297352,142360,154992,146395,72578,73817,97140,47779,49361,93776,45453,48323,71947,31956,39991,20884,10567,10317,23344,11841,11503,23722,12008,11714,24367,12429,11938,24888,12370,12518,23172,11641,11531,25075,12291,12784,24606,12086,12520,24287,11761,12526,21992,10668,11324,23152,11296,11856,23859,11507,12352,24773,11982,12791,22753,10748,12005,18273,8520,9753,13618,5992,7626,8771,3691,5080,8532,3005,5527,40.0,38.7,41.2
050,42,077,Pennsylvania,Lehigh County,6,382939,185750,197189,20306,10369,9937,42715,21585,21130,19537,9985,9552,34105,17045,17060,310198,148892,161306,300381,143811,156570,147920,73372,74548,99161,48785,50376,93128,45054,48074,73987,32927,41060,20306,10369,9937,23714,12017,11697,23884,12011,11873,23992,12238,11754,24767,12349,12418,23701,11823,11878,25331,12444,12887,25214,12499,12715,24915,12019,12896,22414,10841,11573,22792,11108,11684,23375,11295,12080,24547,11810,12737,23063,10913,12150,18771,8758,10013,14357,6365,7992,9149,3805,5344,8647,3086,5561,40.1,38.8,41.3
050,42,077,Pennsylvania,Lehigh County,7,384383,186552,197831,19749,10131,9618,42753,21692,21061,19511,9883,9628,33787,16956,16831,312119,149868,162251,302370,144846,157524,148456,73676,74780,100058,49256,50802,92550,44747,47803,75975,33887,42088,19749,10131,9618,23803,12081,11722,23850,12030,11820,23874,12162,11712,24524,12258,12266,24122,11980,12142,25060,12443,12617,25765,12712,13053,25111,12121,12990,23025,11105,11920,22253,10854,11399,23205,11311,11894,24067,11477,12590,23222,11032,12190,19465,9045,10420,15131,6748,8383,9476,3964,5512,8681,3098,5583,40.3,39.0,41.6
050,42,079,Pennsylvania,Luzerne County,1,325585,160259,165326,16800,8552,8248,31912,16252,15660,15334,7907,7427,27900,14193,13707,269350,131525,137825,261539,127548,133991,116595,59128,57467,77098,38986,38112,90169,44929,45240,66372,29440,36932,16800,8552,8248,17287,8676,8611,18362,9534,8828,19884,10192,9692,19613,9950,9663,18902,9630,9272,20240,10311,9929,19416,9823,9593,18540,9222,9318,20181,10049,10132,22490,11260,11230,24193,12193,12000,23305,11427,11878,20622,10095,10527,17330,8121,9209,11695,5217,6478,7839,3223,4616,8886,2784,6102,43.3,41.8,44.7
050,42,079,Pennsylvania,Luzerne County,2,325195,160080,165115,16793,8552,8241,31897,16224,15673,15301,7891,7410,27915,14213,13702,269008,131393,137615,261204,127413,133791,116604,59160,57444,77103,38996,38107,89769,44725,45044,66417,29479,36938,16793,8552,8241,17280,8677,8603,18332,9487,8845,19752,10140,9612,19749,10024,9725,18800,9571,9229,20263,10328,9935,19417,9831,9586,18623,9266,9357,19964,9934,10030,22363,11183,11180,24098,12151,11947,23344,11457,11887,20648,10091,10557,17447,8188,9259,11681,5217,6464,7813,3209,4604,8828,2774,6054,43.2,41.8,44.7
050,42,079,Pennsylvania,Luzerne County,3,325987,160397,165590,17044,8647,8397,32018,16274,15744,15259,7883,7376,28605,14566,14039,269455,131605,137850,261666,127593,134073,117905,59878,58027,77777,39346,38431,87987,43728,44259,67297,29953,37344,17044,8647,8397,17375,8775,8600,18379,9416,8963,19434,10046,9388,20694,10486,10208,18627,9537,9090,20556,10394,10162,19576,9949,9627,19018,9466,9552,19034,9411,9623,22006,10955,11051,23522,11836,11686,23425,11526,11899,20779,10106,10673,18150,8546,9604,11777,5277,6500,7868,3227,4641,8723,2797,5926,42.9,41.5,44.3
050,42,079,Pennsylvania,Luzerne County,4,326627,160933,165694,17056,8684,8372,32413,16389,16024,15335,7991,7344,28685,14615,14070,269554,131957,137597,261823,127869,133954,118715,60477,58238,78482,39818,38664,86466,42997,43469,68190,30439,37751,17056,8684,8372,17667,8877,8790,18533,9459,9074,19416,10126,9290,20817,10533,10284,18625,9639,8986,20568,10429,10139,19857,10051,9806,19432,9699,9733,18638,9199,9439,21627,10780,10847,23118,11606,11512,23083,11412,11671,20892,10147,10745,17919,8418,9501,12828,5798,7030,7962,3276,4686,8589,2800,5789,42.7,41.3,44.1
050,42,079,Pennsylvania,Luzerne County,5,328684,162309,166375,16909,8672,8237,33084,16619,16465,15492,8032,7460,28414,14508,13906,270962,133042,137920,263199,128986,134213,120023,61304,58719,79973,40755,39218,85520,42657,42863,69292,31066,38226,16909,8672,8237,18193,9129,9064,18747,9481,9266,19532,10190,9342,20518,10359,10159,19034,9896,9138,20872,10681,10191,20212,10173,10039,19855,10005,9850,18586,9253,9333,21414,10666,10748,22625,11350,11275,22895,11388,11507,21001,10188,10813,17944,8501,9443,13340,6037,7303,8418,3477,4941,8589,2863,5726,42.6,41.3,43.9
050,42,079,Pennsylvania,Luzerne County,6,330898,163727,167171,16728,8615,8113,33718,16984,16734,15634,8042,7592,28313,14536,13777,272696,134133,138563,264818,130086,134732,121459,62094,59365,81353,41492,39861,84594,42294,42300,70558,31764,38794,16728,8615,8113,18597,9426,9171,18962,9534,9428,19633,10256,9377,20473,10346,10127,19534,10140,9394,20834,10653,10181,20770,10519,10251,20215,10180,10035,18797,9354,9443,20793,10387,10406,22129,11078,11051,22875,11475,11400,21107,10274,10833,18196,8668,9528,13877,6243,7634,8636,3619,5017,8742,2960,5782,42.5,41.2,43.8
050,42,079,Pennsylvania,Luzerne County,7,332126,164417,167709,16540,8555,7985,34124,17228,16896,15822,8082,7740,27849,14270,13579,273564,134636,138928,265640,130552,135088,121878,62346,59532,82164,41950,40214,83697,41878,41819,71930,32454,39476,16540,8555,7985,18862,9570,9292,19219,9614,9605,19659,10226,9433,20055,10170,9885,20115,10435,9680,20284,10368,9916,21347,10837,10510,20418,10310,10108,19213,9564,9649,20114,10003,10111,21689,10903,10786,22681,11408,11273,21266,10300,10966,18374,8827,9547,14584,6547,8037,8820,3708,5112,8886,3072,5814,42.4,41.1,43.7
050,42,081,Pennsylvania,Lycoming County,1,114199,55741,58458,6005,3045,2960,12030,6064,5966,5475,2733,2742,10895,5971,4924,93439,45264,48175,90689,43899,46790,41467,20806,20661,26438,12778,13660,30047,14654,15393,23309,10496,12813,6005,3045,2960,6552,3257,3295,6819,3483,3336,7225,3593,3632,7804,4435,3369,6507,3124,3383,7110,3457,3653,6778,3216,3562,6043,2981,3062,6462,3123,3339,7025,3475,3550,8085,3931,4154,8475,4125,4350,7565,3715,3850,5898,2758,3140,4118,1843,2275,2671,1102,1569,3057,1078,1979,41.8,40.4,43.3
050,42,081,Pennsylvania,Lycoming County,2,114120,55716,58404,5980,3041,2939,11986,6050,5936,5511,2743,2768,10879,5958,4921,93414,45255,48159,90643,43882,46761,41460,20808,20652,26437,12787,13650,29885,14586,15299,23442,10551,12891,5980,3041,2939,6533,3249,3284,6820,3481,3339,7180,3565,3615,7843,4456,3387,6467,3108,3359,7101,3441,3660,6800,3246,3554,6069,2992,3077,6405,3098,3307,7009,3464,3545,8020,3907,4113,8451,4117,4334,7619,3733,3886,5966,2796,3170,4122,1843,2279,2682,1102,1580,3053,1077,1976,41.8,40.4,43.3
050,42,081,Pennsylvania,Lycoming County,3,113579,55417,58162,5975,3031,2944,11816,6007,5809,5587,2769,2818,10792,5867,4925,93002,45010,47992,90201,43610,46591,41502,20808,20694,26543,12856,13687,29125,14224,14901,23741,10663,13078,5975,3031,2944,6472,3251,3221,6764,3440,3324,7017,3494,3523,7942,4458,3484,6408,3097,3311,7095,3396,3699,6850,3310,3540,6190,3053,3137,6113,2944,3169,6957,3413,3544,7691,3791,3900,8364,4076,4288,7724,3777,3947,6237,2933,3304,4122,1844,2278,2662,1062,1600,2996,1047,1949,41.7,40.4,43.1
050,42,081,Pennsylvania,Lycoming County,4,113195,55272,57923,5888,3009,2879,11684,5962,5722,5559,2766,2793,10903,5867,5036,92808,44904,47904,90064,43535,46529,41648,20869,20779,26581,12941,13640,28312,13797,14515,24268,10930,13338,5888,3009,2879,6392,3228,3164,6687,3439,3248,7047,3480,3567,8020,4448,3572,6294,3118,3176,7030,3357,3673,6902,3330,3572,6355,3136,3219,5899,2836,3063,6830,3328,3502,7419,3662,3757,8164,3971,4193,7763,3785,3978,6298,2977,3321,4457,2013,2444,2798,1123,1675,2952,1032,1920,41.8,40.4,43.1
050,42,081,Pennsylvania,Lycoming County,5,113192,55296,57896,5733,2923,2810,11612,5884,5728,5518,2785,2733,11003,5894,5109,93128,45090,48038,90329,43704,46625,42058,21130,20928,26886,13148,13738,27648,13451,14197,24792,11211,13581,5733,2923,2810,6319,3207,3112,6642,3374,3268,7077,3527,3550,8095,4455,3640,6300,3171,3129,6961,3349,3612,7003,3396,3607,6622,3232,3390,5821,2838,2983,6705,3218,3487,7178,3537,3641,7944,3858,4086,7833,3819,4014,6433,3065,3368,4602,2062,2540,2991,1230,1761,2933,1035,1898,41.8,40.4,43.2
050,42,081,Pennsylvania,Lycoming County,6,112918,55143,57775,5626,2878,2748,11497,5794,5703,5483,2815,2668,10849,5804,5045,93113,45060,48053,90312,43656,46656,42125,21156,20969,27131,13249,13882,26965,13075,13890,25367,11528,13839,5626,2878,2748,6234,3159,3075,6601,3347,3254,6998,3506,3492,7996,4401,3595,6549,3295,3254,6817,3262,3555,7069,3430,3639,6696,3262,3434,5827,2853,2974,6474,3094,3380,6925,3409,3516,7739,3719,4020,7887,3839,4048,6625,3179,3446,4838,2191,2647,3091,1296,1795,2926,1023,1903,41.9,40.5,43.3
050,42,081,Pennsylvania,Lycoming County,7,112587,54957,57630,5508,2807,2701,11401,5791,5610,5369,2756,2613,10662,5665,4997,93056,45022,48034,90309,43603,46706,41998,21132,20866,27265,13340,13925,26571,12874,13697,25811,11724,14087,5508,2807,2701,6130,3121,3009,6569,3299,3270,6961,3536,3425,7772,4256,3516,6722,3399,3323,6600,3129,3471,7185,3511,3674,6758,3301,3457,5959,2916,3043,6246,2992,3254,6782,3324,3458,7584,3642,3942,7853,3769,4084,6827,3307,3520,5064,2298,2766,3116,1342,1774,2951,1008,1943,42.1,40.6,43.5
050,42,083,Pennsylvania,McKean County,1,40434,20516,19918,1894,928,966,4205,2208,1997,1998,1039,959,3558,1780,1778,33327,16868,16459,32337,16341,15996,14020,7411,6609,9011,4886,4125,11386,5798,5588,8382,3877,4505,1894,928,966,2216,1199,1017,2536,1303,1233,2675,1344,1331,2334,1181,1153,2208,1192,1016,2350,1282,1068,2295,1274,1021,2158,1138,1020,2579,1319,1260,2713,1417,1296,2912,1468,1444,3182,1594,1588,2670,1352,1318,2106,1018,1088,1519,704,815,1024,428,596,1063,375,688,44.0,42.3,45.6
050,42,083,Pennsylvania,McKean County,2,40405,20510,19895,1905,936,969,4176,2192,1984,2002,1037,965,3567,1783,1784,33306,16861,16445,32322,16345,15977,14048,7433,6615,9014,4895,4119,11323,5765,5558,8418,3902,4516,1905,936,969,2205,1185,1020,2506,1289,1217,2688,1355,1333,2346,1183,1163,2197,1196,1001,2343,1280,1063,2308,1279,1029,2166,1140,1026,2553,1306,1247,2695,1413,1282,2898,1460,1438,3177,1586,1591,2696,1365,1331,2123,1025,1098,1516,707,809,1022,428,594,1061,377,684,43.9,42.3,45.6
050,42,083,Pennsylvania,McKean County,3,40350,20666,19684,1859,941,918,4051,2131,1920,2021,1022,999,3580,1812,1768,33394,17069,16325,32419,16572,15847,14288,7664,6624,9199,5079,4120,11090,5689,5401,8550,3992,4558,1859,941,918,2139,1134,1005,2424,1246,1178,2742,1391,1351,2347,1194,1153,2202,1243,959,2364,1313,1051,2398,1340,1058,2235,1183,1052,2419,1253,1166,2697,1431,1266,2816,1435,1381,3158,1570,1588,2782,1415,1367,2198,1051,1147,1496,728,768,1035,427,608,1039,371,668,43.8,42.1,45.6
050,42,083,Pennsylvania,McKean County,4,39803,20391,19412,1742,901,841,3928,2052,1876,2040,1025,1015,3573,1805,1768,33110,16932,16178,32093,16413,15680,14240,7660,6580,9133,5083,4050,10734,5515,5219,8653,4010,4643,1742,901,841,2074,1062,1012,2360,1243,1117,2758,1375,1383,2349,1202,1147,2123,1200,923,2356,1302,1054,2417,1367,1050,2237,1214,1023,2264,1175,1089,2678,1391,1287,2724,1411,1313,3068,1538,1530,2850,1424,1426,2138,1025,1113,1590,767,823,1023,425,598,1052,369,683,43.8,42.1,45.8
050,42,083,Pennsylvania,McKean County,5,39551,20304,19247,1686,864,822,3842,2010,1832,2040,1037,1003,3606,1837,1769,33025,16922,16103,31983,16393,15590,14204,7686,6518,9050,5062,3988,10467,5378,5089,8860,4116,4744,1686,864,822,2044,1039,1005,2290,1221,1069,2769,1386,1383,2385,1238,1147,2057,1173,884,2312,1267,1045,2413,1368,1045,2268,1254,1014,2215,1142,1073,2632,1371,1261,2655,1374,1281,2965,1491,1474,2907,1440,1467,2195,1071,1124,1613,759,854,1092,477,615,1053,369,684,44.0,42.3,45.9
050,42,083,Pennsylvania,McKean County,6,39289,20162,19127,1683,871,812,3773,1941,1832,1987,1024,963,3508,1815,1693,32878,16847,16031,31846,16326,15520,14167,7678,6489,9142,5099,4043,10202,5241,4961,8994,4171,4823,1683,871,812,2011,993,1018,2232,1208,1024,2695,1349,1346,2330,1230,1100,2096,1177,919,2343,1308,1035,2393,1337,1056,2310,1277,1033,2149,1122,1027,2568,1338,1230,2611,1338,1273,2874,1443,1431,2888,1405,1483,2267,1121,1146,1645,765,880,1131,517,614,1063,363,700,44.0,42.2,46.1
050,42,083,Pennsylvania,McKean County,7,38984,20033,18951,1623,875,748,3735,1916,1819,1917,1003,914,3497,1821,1676,32711,16745,15966,31709,16239,15470,14092,7655,6437,9125,5070,4055,10009,5134,4875,9078,4214,4864,1623,875,748,1994,999,995,2188,1156,1032,2646,1343,1303,2321,1242,1079,2137,1194,943,2264,1261,1003,2395,1323,1072,2329,1292,1037,2119,1109,1010,2494,1295,1199,2597,1337,1260,2799,1393,1406,2860,1390,1470,2323,1143,1180,1690,789,901,1134,528,606,1071,364,707,44.2,42.3,46.3
050,42,085,Pennsylvania,Mercer County,1,110661,54816,55845,5349,2713,2636,10771,5593,5178,5431,2831,2600,10402,5516,4886,91892,45137,46755,89110,43679,45431,37726,19607,18119,23203,11934,11269,30319,15052,15267,25186,11177,14009,5349,2713,2636,5751,3029,2722,6330,3238,3092,7298,3824,3474,7225,3849,3376,5599,2895,2704,5914,3060,2854,5841,2982,2859,5849,2997,2852,6325,3160,3165,7162,3627,3535,8160,4105,4055,8672,4160,4512,7806,3767,4039,6161,2888,3273,4528,2005,2523,3099,1287,1812,3592,1230,2362,45.1,43.0,47.4
050,42,085,Pennsylvania,Mercer County,2,110553,54771,55782,5343,2707,2636,10727,5576,5151,5428,2829,2599,10401,5517,4884,91846,45119,46727,89055,43659,45396,37728,19625,18103,23202,11953,11249,30127,14952,15175,25325,11237,14088,5343,2707,2636,5736,3028,2708,6294,3222,3072,7273,3805,3468,7253,3867,3386,5600,2915,2685,5900,3051,2849,5876,2999,2877,5826,2988,2838,6259,3133,3126,7140,3605,3535,8098,4079,4019,8630,4135,4495,7853,3791,4062,6219,2917,3302,4551,2019,2532,3096,1277,1819,3606,1233,2373,45.1,42.9,47.4
050,42,085,Pennsylvania,Mercer County,3,110002,54407,55595,5289,2699,2590,10610,5552,5058,5378,2807,2571,10568,5569,4999,91494,44789,46705,88725,43349,45376,37851,19596,18255,23218,11918,11300,29328,14508,14820,25611,11354,14257,5289,2699,2590,5701,3048,2653,6222,3202,3020,7143,3720,3423,7490,3958,3532,5647,2947,2700,5870,2983,2887,5954,3016,2938,5747,2972,2775,5973,2984,2989,7051,3510,3541,7807,3927,3880,8497,4087,4410,7957,3825,4132,6476,3054,3422,4594,2032,2562,3088,1238,1850,3496,1205,2291,44.9,42.7,47.2
050,42,085,Pennsylvania,Mercer County,4,109142,53939,55203,5301,2731,2570,10435,5403,5032,5316,2818,2498,10491,5515,4976,90817,44439,46378,88090,42987,45103,37673,19518,18155,23154,11859,11295,28585,14154,14431,25860,11459,14401,5301,2731,2570,5610,2927,2683,6113,3150,2963,7074,3731,3343,7445,3928,3517,5603,2940,2663,5871,2956,2915,5884,2965,2919,5796,2998,2798,5815,2917,2898,6879,3440,3439,7601,3797,3804,8290,4000,4290,8014,3832,4182,6444,3054,3390,4845,2125,2720,3181,1282,1899,3376,1166,2210,44.9,42.8,47.1
050,42,085,Pennsylvania,Mercer County,5,108556,53776,54780,5133,2634,2499,10329,5303,5026,5230,2776,2454,10415,5514,4901,90555,44508,46047,87864,43063,44801,37653,19634,18019,23266,12003,11263,27788,13787,14001,26395,11759,14636,5133,2634,2499,5596,2877,2719,5991,3085,2906,6982,3702,3280,7405,3929,3476,5531,2911,2620,5968,3088,2880,5854,2954,2900,5913,3050,2863,5744,2874,2870,6624,3329,3295,7396,3687,3709,8024,3897,4127,8148,3911,4237,6662,3146,3516,4892,2175,2717,3279,1344,1935,3414,1183,2231,44.9,42.9,47.2
050,42,085,Pennsylvania,Mercer County,6,108238,53700,54538,5165,2663,2502,10320,5335,4985,5088,2705,2383,10240,5422,4818,90286,44435,45851,87665,42997,44668,37519,19544,17975,23401,12021,11380,27126,13573,13553,26898,11981,14917,5165,2663,2502,5585,2872,2713,5945,3067,2878,6842,3662,3180,7276,3861,3415,5630,2968,2662,5935,3045,2890,5931,3004,2927,5905,3004,2901,5785,2921,2864,6374,3207,3167,7140,3568,3572,7827,3877,3950,8210,3908,4302,6861,3206,3655,5055,2262,2793,3365,1410,1955,3407,1195,2212,44.9,42.9,47.2
050,42,085,Pennsylvania,Mercer County,7,107860,53644,54216,5116,2616,2500,10165,5309,4856,5063,2650,2413,10035,5336,4699,90131,44488,45643,87516,43069,44447,37435,19520,17915,23591,12167,11424,26604,13389,13215,27286,12177,15109,5116,2616,2500,5542,2848,2694,5877,3094,2783,6755,3591,3164,7089,3762,3327,5818,3110,2708,5835,2984,2851,6105,3142,2963,5833,2931,2902,5847,2983,2864,6126,3058,3068,6940,3490,3450,7691,3858,3833,8153,3845,4308,7033,3285,3748,5280,2398,2882,3425,1467,1958,3395,1182,2213,45.0,42.9,47.2
050,42,087,Pennsylvania,Mifflin County,1,46138,22675,23463,2864,1488,1376,5118,2585,2533,2268,1157,1111,3368,1737,1631,37026,18038,18988,35888,17445,18443,15082,7690,7392,9999,5076,4923,12382,6159,6223,10139,4473,5666,2864,1488,1376,2768,1377,1391,2903,1488,1415,2724,1396,1328,2359,1218,1141,2622,1321,1301,2549,1299,1250,2458,1256,1202,2370,1200,1170,2709,1365,1344,3106,1542,1564,3348,1672,1676,3219,1580,1639,2971,1427,1544,2539,1141,1398,1929,866,1063,1366,592,774,1334,447,887,43.7,42.0,45.6
050,42,087,Pennsylvania,Mifflin County,2,46144,22665,23479,2873,1498,1375,5102,2577,2525,2275,1159,1116,3372,1728,1644,37023,18019,19004,35894,17431,18463,15091,7685,7406,10014,5084,4930,12342,6147,6195,10166,4472,5694,2873,1498,1375,2769,1382,1387,2903,1481,1422,2701,1386,1315,2376,1215,1161,2619,1325,1294,2544,1292,1252,2463,1259,1204,2388,1208,1180,2671,1350,1321,3094,1534,1560,3345,1678,1667,3232,1585,1647,2977,1421,1556,2559,1153,1406,1919,865,1054,1376,594,782,1335,439,896,43.7,42.0,45.6
050,42,087,Pennsylvania,Mifflin County,3,46188,22698,23490,2900,1507,1393,5099,2559,2540,2305,1181,1124,3426,1741,1685,37012,18039,18973,35884,17451,18433,15290,7776,7514,10157,5159,4998,12088,6047,6041,10213,4504,5709,2900,1507,1393,2829,1407,1422,2868,1457,1411,2658,1375,1283,2475,1242,1233,2615,1339,1276,2601,1321,1280,2490,1278,1212,2451,1221,1230,2517,1280,1237,3025,1498,1527,3288,1680,1608,3258,1589,1669,3022,1433,1589,2645,1204,1441,1856,840,1016,1381,588,793,1309,439,870,43.3,41.8,45.0
050,42,087,Pennsylvania,Mifflin County,4,45993,22588,23405,2879,1502,1377,5056,2532,2524,2326,1160,1166,3357,1722,1635,36891,17968,18923,35732,17394,18338,15275,7750,7525,10170,5162,5008,11855,5920,5935,10350,4590,5760,2879,1502,1377,2824,1394,1430,2810,1432,1378,2643,1363,1280,2462,1225,1237,2569,1302,1267,2674,1369,1305,2497,1280,1217,2430,1211,1219,2424,1233,1191,2959,1444,1515,3249,1667,1582,3223,1576,1647,3045,1464,1581,2567,1173,1394,1985,896,1089,1421,606,815,1332,451,881,43.4,41.8,45.0
050,42,087,Pennsylvania,Mifflin County,5,45976,22587,23389,2874,1470,1404,5027,2549,2478,2350,1187,1163,3383,1705,1678,36895,17964,18931,35725,17381,18344,15328,7752,7576,10196,5164,5032,11665,5823,5842,10481,4689,5792,2874,1470,1404,2802,1420,1382,2826,1433,1393,2636,1363,1273,2496,1225,1271,2527,1296,1231,2714,1376,1338,2522,1280,1242,2433,1212,1221,2353,1198,1155,2912,1430,1482,3154,1610,1544,3246,1585,1661,3010,1449,1561,2593,1203,1390,2080,929,1151,1451,632,819,1347,476,871,43.4,41.8,44.8
050,42,087,Pennsylvania,Mifflin County,6,46023,22611,23412,2838,1442,1396,5059,2569,2490,2324,1180,1144,3387,1709,1678,36974,18014,18960,35802,17420,18382,15420,7779,7641,10265,5177,5088,11539,5758,5781,10611,4776,5835,2838,1442,1396,2826,1456,1370,2789,1400,1389,2686,1360,1326,2469,1242,1227,2597,1337,1260,2722,1370,1352,2496,1242,1254,2450,1228,1222,2366,1215,1151,2792,1389,1403,3110,1563,1547,3271,1591,1680,3020,1461,1559,2603,1221,1382,2163,963,1200,1445,631,814,1380,500,880,43.3,41.7,44.7
050,42,087,Pennsylvania,Mifflin County,7,46127,22720,23407,2793,1420,1373,5197,2656,2541,2242,1132,1110,3364,1729,1635,37067,18100,18967,35895,17512,18383,15450,7844,7606,10367,5237,5130,11416,5692,5724,10748,4854,5894,2793,1420,1373,2911,1505,1406,2809,1405,1404,2669,1370,1299,2414,1237,1177,2679,1361,1318,2709,1350,1359,2575,1316,1259,2404,1210,1194,2451,1238,1213,2641,1322,1319,3059,1521,1538,3265,1611,1654,3054,1479,1575,2649,1251,1398,2214,1002,1212,1425,600,825,1406,522,884,43.0,41.5,44.6
050,42,089,Pennsylvania,Monroe County,1,168292,83171,85121,7895,4055,3840,17190,8831,8359,8950,4585,4365,16415,8319,8096,138746,68014,70732,134257,65700,68557,60275,30092,30183,37135,18350,18785,50690,24912,25778,30017,14119,15898,7895,4055,3840,8885,4530,4355,10530,5463,5067,11655,5950,5705,11485,5792,5693,9441,4897,4544,9167,4580,4587,9158,4467,4691,9369,4406,4963,10321,4956,5365,12662,6228,6434,14174,7080,7094,13533,6648,6885,10751,5316,5435,8204,3962,4242,5180,2442,2738,3113,1371,1742,2769,1028,1741,43.2,42.1,44.1
050,42,089,Pennsylvania,Monroe County,2,168310,83185,85125,7890,4062,3828,17143,8795,8348,8926,4575,4351,16411,8327,8084,138829,68048,70781,134351,65753,68598,60342,30156,30186,37215,18409,18806,50489,24792,25697,30236,14225,16011,7890,4062,3828,8864,4514,4350,10489,5436,5053,11558,5900,5658,11569,5847,5722,9398,4878,4520,9208,4609,4599,9198,4481,4717,9411,4441,4970,10234,4921,5313,12543,6153,6390,14133,7043,7090,13579,6675,6904,10874,5381,5493,8293,4005,4288,5193,2450,2743,3108,1364,1744,2768,1025,1743,43.2,42.1,44.1
050,42,089,Pennsylvania,Monroe County,3,168747,83679,85068,7935,4076,3859,17141,8775,8366,8866,4575,4291,15658,8071,7587,139272,68529,70743,134805,66253,68552,60284,30408,29876,37929,18895,19034,49902,24514,25388,31316,14773,16543,7935,4076,3859,8867,4497,4370,10443,5411,5032,11014,5673,5341,11341,5840,5501,9333,4908,4425,9475,4777,4698,9453,4608,4845,9668,4602,5066,9885,4781,5104,12305,6013,6292,13930,6911,7019,13782,6809,6973,11332,5619,5713,8688,4205,4483,5326,2531,2795,3127,1379,1748,2843,1039,1804,43.4,42.2,44.4
050,42,089,Pennsylvania,Monroe County,4,167459,82949,84510,7584,3887,3697,16607,8530,8077,8857,4578,4279,15494,7939,7555,138912,68287,70625,134411,65954,68457,59894,30250,29644,37764,18865,18899,48690,23880,24810,32463,15270,17193,7584,3887,3697,8736,4485,4251,10092,5177,4915,10845,5637,5208,11285,5748,5537,9041,4799,4242,9617,4834,4783,9420,4610,4810,9686,4622,5064,9728,4715,5013,11763,5708,6055,13493,6696,6797,13706,6761,6945,11875,5852,6023,8665,4200,4465,5786,2739,3047,3243,1414,1829,2894,1065,1829,43.7,42.5,44.8
050,42,089,Pennsylvania,Monroe County,5,166762,82715,84047,7442,3893,3549,16189,8295,7894,8663,4499,4164,15604,7924,7680,138798,68287,70511,134468,66028,68440,59859,30325,29534,37715,19012,18703,47612,23296,24316,33537,15796,17741,7442,3893,3549,8528,4347,4181,9784,5058,4726,10869,5606,5263,11275,5707,5568,8901,4736,4165,9577,4861,4716,9487,4676,4811,9750,4739,5011,9688,4691,4997,11171,5423,5748,13073,6460,6613,13680,6722,6958,12128,5968,6160,8881,4289,4592,6112,2900,3212,3432,1513,1919,2984,1126,1858,43.8,42.6,45.0
050,42,089,Pennsylvania,Monroe County,6,166818,82817,84001,7188,3747,3441,16087,8200,7887,8571,4445,4126,15300,7774,7526,139356,68690,70666,134972,66425,68547,59666,30393,29273,37845,19242,18603,46975,22983,23992,34852,16426,18426,7188,3747,3441,8525,4337,4188,9612,4931,4681,10863,5634,5229,10958,5517,5441,9000,4830,4170,9520,4909,4611,9590,4721,4869,9735,4782,4953,9804,4726,5078,10749,5185,5564,12631,6279,6352,13791,6793,6998,12423,6085,6338,9264,4512,4752,6424,3025,3399,3711,1637,2074,3030,1167,1863,44.2,43.0,45.4
050,42,089,Pennsylvania,Monroe County,7,167179,83079,84100,7034,3660,3374,15704,7982,7722,8470,4380,4090,15090,7652,7438,140347,69315,71032,135971,67057,68914,59894,30618,29276,38389,19646,18743,46156,22652,23504,36336,17107,19229,7034,3660,3374,8417,4291,4126,9342,4751,4591,10717,5567,5150,10788,5405,5383,9284,4977,4307,9408,4909,4499,9871,4935,4936,9826,4825,5001,9982,4831,5151,10271,4965,5306,12268,6072,6196,13635,6784,6851,12782,6190,6592,9790,4799,4991,6752,3168,3584,3856,1722,2134,3156,1228,1928,44.4,43.2,45.7
050,42,091,Pennsylvania,Montgomery County,1,856392,416019,440373,45019,23077,21942,93471,47814,45657,44319,22767,21552,68891,34441,34450,695825,333758,362067,673583,322361,351222,315999,157850,158149,213823,106304,107519,231128,112266,118862,159741,69350,90391,45019,23077,21942,50224,25623,24601,54281,27853,26428,53890,27289,26601,48286,24257,24029,48952,24876,24076,55469,27567,27902,56650,27903,28747,52752,25958,26794,52621,25916,26705,57056,27807,29249,61581,29677,31904,59870,28866,31004,49796,23204,26592,39976,18417,21559,28008,12101,15907,19067,7756,11311,22894,7872,15022,41.4,39.9,42.9
050,42,091,Pennsylvania,Montgomery County,2,856829,416330,440499,45022,23063,21959,93254,47707,45547,44354,22766,21588,69023,34544,34479,696474,334211,362263,674199,322794,351405,316855,158368,158487,214504,106704,107800,230503,111943,118560,160169,69603,90566,45022,23063,21959,50099,25566,24533,54181,27787,26394,53857,27295,26562,48494,24369,24125,49012,24939,24073,55472,27569,27903,56907,28052,28855,53113,26144,26969,52276,25753,26523,56932,27740,29192,61336,29572,31764,59959,28878,31081,50182,23423,26759,40234,18518,21716,28072,12129,15943,19062,7761,11301,22619,7772,14847,41.4,39.9,42.9
050,42,091,Pennsylvania,Montgomery County,3,864286,420270,444016,44659,22988,21671,92491,47373,45118,44427,22748,21679,71322,35607,35715,705121,338642,366479,682709,327161,355548,323389,161766,161623,218581,109000,109581,227759,110607,117152,165047,71947,93100,44659,22988,21671,49741,25469,24272,53691,27493,26198,54452,27510,26942,50356,25256,25100,49747,25420,24327,55871,27834,28037,58198,28742,29456,54765,27004,27761,50880,25070,25810,56666,27685,28981,59836,28914,30922,60377,28938,31439,51717,24315,27402,42179,19361,22818,28917,12538,16379,19517,7969,11548,22717,7764,14953,41.4,39.9,42.8
050,42,091,Pennsylvania,Montgomery County,4,865483,420770,444713,44599,23035,21564,91724,46938,44786,44344,22822,21522,70328,35006,35322,707238,339516,367722,684816,327975,356841,323649,161941,161708,219966,109766,110200,224537,108991,115546,169985,74212,95773,44599,23035,21564,49495,25353,24142,53218,27238,25980,53823,27352,26471,49860,24823,25037,49385,25079,24306,55565,27922,27643,58908,29066,29842,56108,27699,28409,50315,24660,25655,55826,27455,28371,58308,28196,30112,60088,28680,31408,52875,24793,28082,42244,19428,22816,31624,13765,17859,20395,8392,12003,22847,7834,15013,41.6,40.1,43.0
050,42,091,Pennsylvania,Montgomery County,5,870108,423149,446959,44205,22750,21455,91377,46632,44745,44646,23087,21559,70335,35164,35171,712341,342244,370097,689880,330680,359200,326234,163534,162700,222320,111004,111316,221934,107922,114012,175291,76590,98701,44205,22750,21455,49368,25258,24110,53076,27095,25981,54188,27666,26522,49726,24864,24862,49470,25081,24389,55511,27920,27591,59707,29475,30232,57632,28528,29104,51320,25240,26080,54372,26790,27582,56871,27531,29340,59371,28361,31010,54114,25446,28668,43270,19786,23484,32859,14368,18491,21894,9015,12879,23154,7975,15179,41.7,40.2,43.1
050,42,091,Pennsylvania,Montgomery County,6,875160,425699,449461,43807,22483,21324,90814,46376,44438,44590,23041,21549,70405,35129,35276,718456,345482,372974,695949,333799,362150,328868,164995,163873,224738,112355,112383,219947,107195,112752,180859,79120,101739,43807,22483,21324,49010,25027,23983,52669,26879,25790,54491,27934,26557,49639,24706,24933,50150,25517,24633,55004,27737,27267,60359,29745,30614,59225,29356,29869,52569,25915,26654,52948,26134,26814,55395,26920,28475,59035,28226,30809,55164,25978,29186,44718,20276,24442,34460,15231,19229,22959,9405,13554,23558,8230,15328,41.9,40.5,43.2
050,42,091,Pennsylvania,Montgomery County,7,877643,427165,450478,43246,22124,21122,90156,46121,44035,44251,22847,21404,69924,34883,35041,722634,347903,374731,699990,336073,363917,328965,165307,163658,225463,112998,112465,218435,106687,111748,186168,81505,104663,43246,22124,21122,48502,24756,23746,52327,26786,25541,54299,27800,26499,49203,24509,24694,50813,26070,24743,54010,27204,26806,60568,29947,30621,60072,29777,30295,53788,26553,27235,51652,25567,26085,54733,26675,28058,58262,27892,30370,55837,26278,29559,46248,20985,25263,36201,16012,20189,23881,9765,14116,24001,8465,15536,42.1,40.7,43.5
050,42,093,Pennsylvania,Montour County,1,18144,8839,9305,993,527,466,1851,925,926,910,509,401,1204,625,579,14872,7143,7729,14390,6878,7512,6265,3161,3104,4361,2151,2210,4766,2336,2430,4059,1766,2293,993,527,466,1034,511,523,1027,538,489,1106,616,490,798,394,404,1128,536,592,1227,609,618,1113,559,554,893,447,446,919,475,444,1136,556,580,1315,630,685,1396,675,721,1220,604,616,989,442,547,683,310,373,550,216,334,617,194,423,43.5,41.2,45.9
050,42,093,Pennsylvania,Montour County,2,18130,8839,9291,990,527,463,1844,920,924,901,507,394,1208,630,578,14872,7150,7722,14395,6885,7510,6263,3171,3092,4360,2152,2208,4731,2318,2413,4096,1785,2311,990,527,463,1029,514,515,1021,524,497,1100,621,479,803,398,405,1116,530,586,1230,609,621,1107,558,549,907,455,452,910,469,441,1120,550,570,1306,623,683,1395,676,719,1237,612,625,1001,448,553,690,313,377,537,213,324,631,199,432,43.6,41.3,45.9
050,42,093,Pennsylvania,Montour County,3,18093,8853,9240,1007,541,466,1843,914,929,861,483,378,1226,645,581,14830,7167,7663,14382,6915,7467,6297,3213,3084,4416,2195,2221,4569,2247,2322,4171,1828,2343,1007,541,466,1022,521,501,1027,503,524,1056,598,458,825,420,405,1043,489,554,1294,653,641,1132,568,564,947,485,462,883,444,439,1053,537,516,1252,586,666,1381,680,701,1277,633,644,1032,465,567,725,325,400,500,206,294,637,199,438,43.2,41.2,45.5
050,42,093,Pennsylvania,Montour County,4,18109,8867,9242,1020,565,455,1765,872,893,869,473,396,1240,663,577,14883,7195,7688,14455,6957,7498,6353,3254,3099,4456,2226,2230,4467,2177,2290,4292,1891,2401,1020,565,455,971,489,482,1006,491,515,1036,582,454,861,446,415,1041,496,545,1266,629,637,1154,587,567,995,514,481,854,427,427,1000,506,494,1249,581,668,1364,663,701,1306,637,669,1024,477,547,791,354,437,512,212,300,659,211,448,43.3,41.3,45.8
050,42,093,Pennsylvania,Montour County,5,17968,8793,9175,977,523,454,1720,880,840,859,453,406,1274,674,600,14845,7174,7671,14412,6937,7475,6389,3268,3121,4458,2236,2222,4300,2082,2218,4380,1945,2435,977,523,454,965,513,452,957,462,495,1019,568,451,912,464,448,1024,476,548,1277,642,635,1149,597,552,1008,521,487,841,418,423,928,457,471,1200,587,613,1331,620,711,1322,647,675,1062,507,555,809,359,450,541,229,312,646,203,443,43.3,41.4,45.7
050,42,093,Pennsylvania,Montour County,6,17900,8761,9139,958,512,446,1722,887,835,863,435,428,1264,685,579,14796,7151,7645,14357,6927,7430,6371,3250,3121,4444,2229,2215,4166,2034,2132,4483,1979,2504,958,512,446,975,517,458,947,469,478,1013,539,474,914,482,432,1035,497,538,1200,611,589,1170,573,597,1039,548,491,822,408,414,893,443,450,1150,562,588,1301,621,680,1338,642,696,1062,512,550,866,383,483,550,232,318,667,210,457,43.6,41.7,45.8
050,42,093,Pennsylvania,Montour County,7,17868,8740,9128,962,515,447,1688,887,801,859,421,438,1248,660,588,14808,7136,7672,14359,6917,7442,6350,3219,3131,4441,2227,2214,4105,2018,2087,4565,2012,2553,962,515,447,945,516,429,941,460,481,1002,526,476,907,466,441,1063,498,565,1174,613,561,1150,573,577,1054,543,511,890,441,449,832,431,401,1109,525,584,1274,621,653,1304,627,677,1131,543,588,871,379,492,570,241,329,689,222,467,43.7,41.7,45.8
050,42,095,Pennsylvania,Northampton County,1,312951,152967,159984,14739,7492,7247,31236,16084,15152,15632,8045,7587,31034,16097,14937,259355,125467,133888,251344,121346,129998,115350,58015,57335,72427,35776,36651,85597,41769,43828,62286,27704,34582,14739,7492,7247,16285,8448,7837,18694,9539,9155,22323,11497,10826,20600,10742,9858,18022,9118,8904,18555,9174,9381,18153,8998,9155,17697,8486,9211,19138,9420,9718,20995,10313,10682,22786,11222,11564,22678,10814,11864,19549,9305,10244,16130,7470,8660,11013,5012,6001,7140,3033,4107,8454,2884,5570,42.6,40.9,44.1
050,42,095,Pennsylvania,Northampton County,2,312809,152995,159814,14747,7512,7235,31027,15978,15049,15659,8055,7604,31033,16093,14940,259376,125566,133810,251376,121450,129926,115495,58130,57365,72601,35918,36683,85265,41628,43637,62477,27811,34666,14747,7512,7235,16210,8406,7804,18615,9508,9107,22191,11417,10774,20703,10795,9908,17997,9125,8872,18630,9224,9406,18197,9043,9154,17777,8526,9251,18951,9317,9634,20970,10327,10643,22693,11167,11526,22651,10817,11834,19682,9370,10312,16241,7537,8704,11025,5008,6017,7166,3043,4123,8363,2853,5510,42.5,40.8,44.1
050,42,095,Pennsylvania,Northampton County,3,318234,155700,162534,14807,7498,7309,30418,15665,14753,15678,8074,7604,35370,18243,17127,265193,128531,136662,257331,124463,132868,120815,60922,59893,73735,36636,37099,84065,41006,43059,64161,28578,35583,14807,7498,7309,16060,8238,7822,18326,9458,8868,23931,12268,11663,23149,12018,11131,18090,9175,8915,19103,9551,9552,18405,9182,9223,18137,8728,9409,18284,8953,9331,20899,10298,10601,22209,10886,11323,22673,10869,11804,20174,9614,10560,16986,7874,9112,11291,5130,6161,7325,3127,4198,8385,2833,5552,41.9,40.3,43.6
050,42,095,Pennsylvania,Northampton County,4,318123,155679,162444,14708,7461,7247,30001,15435,14566,15566,7986,7580,34755,17955,16800,265574,128761,136813,257848,124797,133051,120908,61079,59829,74416,37089,37327,82838,40440,42398,65839,29313,36526,14708,7461,7247,15931,8111,7820,17899,9275,8624,23621,12105,11516,22871,11885,10986,17781,9093,8688,19426,9683,9743,18822,9410,9412,18387,8903,9484,17989,8870,9119,20421,10011,10410,21925,10697,11228,22503,10862,11641,20622,9804,10818,16864,7765,9099,12335,5611,6724,7654,3266,4388,8364,2867,5497,42.1,40.4,43.7
050,42,095,Pennsylvania,Northampton County,5,320993,157127,163866,14656,7404,7252,29803,15318,14485,15446,7898,7548,35710,18416,17294,268935,130543,138392,261088,126507,134581,123077,62275,60802,75690,37854,37836,81629,39890,41739,68059,30347,37712,14656,7404,7252,15896,8117,7779,17676,9094,8582,23943,12262,11681,23444,12159,11285,18179,9388,8791,19616,9821,9795,19217,9581,9636,18678,9064,9614,17905,8804,9101,19985,9801,10184,21535,10541,10994,22204,10744,11460,21149,10037,11112,17172,7929,9243,12916,5817,7099,8265,3549,4716,8557,3015,5542,42.1,40.4,43.7
050,42,095,Pennsylvania,Northampton County,6,323085,158199,164886,14516,7286,7230,29694,15283,14411,15310,7874,7436,35627,18350,17277,271468,131842,139626,263565,127756,135809,124414,63115,61299,77113,38763,38350,80703,39361,41342,70122,31282,38840,14516,7286,7230,15898,8137,7761,17432,9018,8414,23940,12242,11698,23361,12110,11251,18749,9711,9038,19558,9832,9726,19734,9745,9989,19072,9475,9597,18122,8848,9274,19447,9522,9925,21059,10275,10784,22075,10716,11359,21383,10123,11260,17679,8162,9517,13650,6124,7526,8594,3684,4910,8816,3189,5627,42.2,40.5,43.9
050,42,095,Pennsylvania,Northampton County,7,324411,159101,165310,14409,7311,7098,29689,15182,14507,14820,7670,7150,35555,18339,17216,273094,132831,140263,265493,128938,136555,124836,63573,61263,78030,39462,38568,79805,38987,40818,72103,32150,39953,14409,7311,7098,16006,8146,7860,17252,8934,8318,23594,12072,11522,23212,12039,11173,19267,9990,9277,19492,9786,9706,19974,9851,10123,19297,9835,9462,18320,8910,9410,18815,9188,9627,20843,10239,10604,21827,10650,11177,21347,10012,11335,18413,8556,9857,14408,6450,7958,8889,3787,5102,9046,3345,5701,42.3,40.7,44.0
050,42,097,Pennsylvania,Northumberland County,1,91646,46117,45529,4652,2417,2235,9372,4809,4563,4327,2230,2097,6358,3356,3002,75395,37740,37655,73295,36661,36634,31214,16518,14696,21673,11513,10160,25464,12880,12584,19800,8912,10888,4652,2417,2235,5064,2569,2495,5452,2821,2631,5060,2622,2438,4481,2383,2098,5299,2801,2498,5680,3057,2623,5549,2970,2579,5145,2685,2460,5521,2869,2652,6069,3131,2938,6932,3476,3456,6942,3404,3538,6225,3093,3132,5075,2359,2716,3395,1552,1843,2484,1055,1429,2621,853,1768,44.5,42.6,46.5
050,42,097,Pennsylvania,Northumberland County,2,91544,46075,45469,4627,2387,2240,9349,4805,4544,4316,2224,2092,6374,3368,3006,75352,37741,37611,73252,36659,36593,31245,16543,14702,21672,11520,10152,25347,12820,12527,19859,8951,10908,4627,2387,2240,5040,2570,2470,5426,2804,2622,5055,2622,2433,4518,2401,2117,5294,2812,2482,5673,3044,2629,5564,2978,2586,5141,2686,2455,5454,2837,2617,6049,3120,2929,6902,3466,3436,6942,3397,3545,6249,3111,3138,5127,2388,2739,3406,1551,1855,2467,1048,1419,2610,853,1757,44.4,42.5,46.4
050,42,097,Pennsylvania,Northumberland County,3,90978,45684,45294,4549,2344,2205,9356,4803,4553,4362,2249,2113,6383,3355,3028,74859,37399,37460,72711,36288,36423,31296,16507,14789,21635,11459,10176,24697,12468,12229,19996,9006,10990,4549,2344,2205,5021,2595,2426,5419,2764,2655,5062,2630,2432,4599,2418,2181,5209,2804,2405,5606,2961,2645,5600,2957,2643,5220,2737,2483,5177,2686,2491,5937,3061,2876,6666,3355,3311,6917,3366,3551,6314,3141,3173,5325,2487,2838,3430,1537,1893,2391,1004,1387,2536,837,1699,44.2,42.4,46.2
050,42,097,Pennsylvania,Northumberland County,4,90075,45135,44940,4453,2269,2184,9168,4720,4448,4467,2320,2147,6357,3324,3033,74262,37013,37249,71987,35826,36161,31057,16344,14713,21324,11260,10064,24031,12110,11921,20275,9132,11143,4453,2269,2184,4916,2557,2359,5343,2723,2620,5052,2648,2404,4681,2436,2245,5002,2706,2296,5469,2891,2578,5558,2910,2648,5295,2753,2542,5004,2558,2446,5759,2979,2780,6441,3228,3213,6827,3345,3482,6334,3140,3194,5259,2463,2796,3759,1683,2076,2400,999,1401,2523,847,1676,44.3,42.6,46.3
050,42,097,Pennsylvania,Northumberland County,5,90139,45392,44747,4489,2264,2225,9006,4642,4364,4495,2338,2157,6500,3371,3129,74426,37347,37079,72149,36148,36001,31384,16648,14736,21493,11493,10000,23476,11925,11551,20680,9359,11321,4489,2264,2225,4840,2500,2340,5270,2696,2574,5118,2701,2417,4773,2454,2319,4925,2741,2184,5600,2969,2631,5579,2951,2628,5389,2832,2557,4961,2556,2405,5610,2921,2689,6190,3110,3080,6715,3338,3377,6417,3147,3270,5305,2515,2790,3968,1791,2177,2501,1054,1447,2489,852,1637,44.2,42.4,46.0
050,42,097,Pennsylvania,Northumberland County,6,89969,45358,44611,4412,2190,2222,8984,4674,4310,4442,2314,2128,6574,3465,3109,74384,37367,37017,72131,36180,35951,31480,16713,14767,21519,11485,10034,23033,11690,11343,21005,9540,11465,4412,2190,2222,4884,2534,2350,5155,2691,2464,5235,2766,2469,4726,2462,2264,4943,2751,2192,5570,2918,2652,5563,2951,2612,5443,2865,2578,5004,2559,2445,5536,2874,2662,5847,2934,2913,6646,3323,3323,6443,3140,3303,5418,2603,2815,4162,1871,2291,2491,1065,1426,2491,861,1630,44.1,42.4,46.0
050,42,097,Pennsylvania,Northumberland County,7,89920,45327,44593,4444,2208,2236,8916,4602,4314,4359,2251,2108,6592,3520,3072,74456,37436,37020,72201,36266,35935,31539,16748,14791,21622,11499,10123,22725,11533,11192,21262,9714,11548,4444,2208,2236,4831,2453,2378,5119,2671,2448,5164,2737,2427,4753,2512,2241,5066,2794,2272,5390,2828,2562,5656,2969,2687,5510,2908,2602,5055,2591,2464,5380,2767,2613,5729,2901,2828,6561,3274,3287,6396,3115,3281,5561,2694,2867,4319,1961,2358,2486,1070,1416,2500,874,1626,44.1,42.5,45.9
050,42,099,Pennsylvania,Perry County,1,45836,22933,22903,2594,1294,1300,5109,2676,2433,2228,1123,1105,3273,1711,1562,36956,18373,18583,35905,17840,18065,15260,7768,7492,10358,5234,5124,13108,6566,6542,9166,4329,4837,2594,1294,1300,2852,1488,1364,2856,1488,1368,2636,1354,1282,2266,1180,1086,2457,1248,1209,2729,1410,1319,2572,1283,1289,2600,1293,1307,2859,1427,1432,3224,1633,1591,3488,1774,1714,3537,1732,1805,3118,1568,1550,2545,1276,1269,1605,763,842,922,393,529,976,329,647,43.7,42.6,44.7
050,42,099,Pennsylvania,Perry County,2,45830,22927,22903,2582,1279,1303,5097,2661,2436,2250,1136,1114,3267,1712,1555,36972,18389,18583,35901,17851,18050,15287,7798,7489,10364,5254,5110,13033,6526,6507,9237,4359,4878,2582,1279,1303,2839,1477,1362,2852,1488,1364,2632,1352,1280,2291,1192,1099,2456,1251,1205,2717,1409,1308,2584,1294,1290,2607,1300,1307,2819,1404,1415,3204,1619,1585,3500,1784,1716,3510,1719,1791,3129,1573,1556,2574,1288,1286,1606,760,846,946,416,530,982,322,660,43.7,42.6,44.7
050,42,099,Pennsylvania,Perry County,3,45954,22992,22962,2492,1241,1251,5112,2647,2465,2295,1181,1114,3275,1707,1568,37178,18482,18696,36055,17923,18132,15459,7930,7529,10460,5351,5109,12829,6414,6415,9491,4451,5040,2492,1241,1251,2808,1454,1354,2875,1502,1373,2596,1344,1252,2403,1235,1168,2447,1246,1201,2721,1422,1299,2616,1319,1297,2676,1364,1312,2671,1331,1340,3170,1578,1592,3500,1784,1716,3488,1721,1767,3205,1603,1602,2675,1320,1355,1609,758,851,997,451,546,1005,319,686,43.7,42.6,44.9
050,42,099,Pennsylvania,Perry County,4,46188,23078,23110,2473,1239,1234,5215,2705,2510,2304,1196,1108,3247,1711,1536,37375,18534,18841,36196,17938,18258,15525,8006,7519,10527,5383,5144,12594,6294,6300,9828,4550,5278,2473,1239,1234,2854,1473,1381,2914,1516,1398,2598,1354,1244,2400,1269,1131,2415,1238,1177,2751,1388,1363,2659,1356,1303,2702,1401,1301,2589,1269,1320,3143,1566,1577,3424,1755,1669,3438,1704,1734,3274,1604,1670,2649,1294,1355,1827,870,957,1043,458,585,1035,324,711,43.8,42.5,45.1
050,42,099,Pennsylvania,Perry County,5,46310,23118,23192,2449,1222,1227,5199,2662,2537,2282,1177,1105,3299,1762,1537,37557,18678,18879,36380,18057,18323,15578,8066,7512,10540,5394,5146,12395,6198,6197,10146,4703,5443,2449,1222,1227,2773,1406,1367,2969,1523,1446,2624,1380,1244,2414,1292,1122,2379,1206,1173,2781,1416,1365,2658,1356,1302,2722,1416,1306,2590,1256,1334,3096,1545,1551,3306,1681,1625,3403,1716,1687,3318,1595,1723,2704,1342,1362,1919,915,1004,1139,508,631,1066,343,723,43.9,42.7,45.1
050,42,099,Pennsylvania,Perry County,6,46566,23279,23287,2397,1190,1207,5183,2660,2523,2314,1194,1120,3304,1760,1544,37812,18834,18978,36672,18235,18437,15689,8122,7567,10693,5491,5202,12262,6140,6122,10413,4844,5569,2397,1190,1207,2800,1412,1388,3005,1571,1434,2621,1363,1258,2375,1268,1107,2475,1257,1218,2739,1396,1343,2774,1450,1324,2705,1388,1317,2612,1281,1331,3013,1491,1522,3247,1656,1591,3390,1712,1678,3354,1618,1736,2753,1358,1395,1998,956,1042,1204,541,663,1104,371,733,43.9,42.7,45.2
050,42,099,Pennsylvania,Perry County,7,46806,23420,23386,2394,1208,1186,5103,2578,2525,2367,1211,1156,3280,1739,1541,38043,18973,19070,36942,18423,18519,15843,8209,7634,10838,5592,5246,12159,6114,6045,10665,4978,5687,2394,1208,1186,2770,1366,1404,2975,1545,1430,2647,1379,1268,2358,1238,1120,2600,1339,1261,2717,1399,1318,2842,1504,1338,2679,1350,1329,2709,1365,1344,2855,1426,1429,3186,1593,1593,3409,1730,1679,3341,1623,1718,2817,1389,1428,2131,1018,1113,1222,535,687,1154,413,741,43.9,42.8,45.1
050,42,101,Pennsylvania,Philadelphia County,1,1603800,760976,842824,98349,50221,48128,166229,84786,81443,70426,35989,34437,176243,84670,91573,1303863,607831,696032,1268796,589980,678816,736851,354988,381863,507967,243467,264500,357455,168248,189207,227131,93595,133536,98349,50221,48128,92537,47199,45338,91477,46725,44752,99769,49914,49855,129115,61607,67508,157582,74700,82882,146231,70583,75648,112473,54343,58130,91681,43841,47840,84041,40138,43903,88590,41886,46704,93014,44018,48996,91810,42206,49604,77035,34462,42573,58981,25086,33895,38693,15718,22975,25674,9697,15977,26748,8632,18116,34.5,33.4,35.6
050,42,101,Pennsylvania,Philadelphia County,2,1600737,759402,841335,97674,49838,47836,165596,84514,81082,70363,35927,34436,174793,83943,90850,1302109,606949,695160,1267104,589123,677981,736672,354884,381788,509303,244104,265199,356131,167524,188607,226877,93552,133325,97674,49838,47836,92253,47054,45199,91130,46550,44580,98572,49317,49255,128797,61463,67334,157017,74470,82547,146768,70767,76001,113130,54703,58427,92388,44164,48224,83583,39892,43691,88259,41724,46535,92636,43781,48855,91653,42127,49526,77114,34520,42594,59397,25247,34150,38626,15676,22950,25544,9629,15915,26196,8480,17716,34.6,33.5,35.6
050,42,101,Pennsylvania,Philadelphia County,3,1590224,752900,837324,94408,48128,46280,162379,82965,79414,69974,35694,34280,176900,84464,92436,1298065,603781,694284,1263463,586113,677350,736381,353738,382643,507417,242657,264760,348180,163553,184627,230966,95439,135527,94408,48128,46280,90542,46187,44355,89747,45855,43892,99779,49595,50184,129185,61486,67699,152864,72273,80591,146532,70488,76044,114056,55139,58917,93965,44757,49208,80601,38292,42309,86677,41088,45589,90131,42453,47678,90771,41720,49051,77667,34851,42816,62196,26419,35777,39192,15937,23255,25804,9751,16053,26107,8481,17626,34.7,33.7,35.7
050,42,101,Pennsylvania,Philadelphia County,4,1572341,743757,828584,92004,46907,45097,158180,80616,77564,69939,35736,34203,170567,81518,89049,1286814,598242,688572,1252218,580498,671720,729566,350370,379196,506760,242188,264572,340285,159597,180688,234606,97195,137411,92004,46907,45097,88500,44993,43507,87380,44695,42685,98318,48954,49364,124488,59228,65260,150150,70913,79237,146322,70402,75920,115308,55708,59600,94980,45165,49815,79479,37746,41733,84391,39870,44521,87679,41030,46649,88736,40951,47785,78567,35300,43267,62046,26435,35611,41962,17068,24894,26042,9892,16150,25989,8500,17489,35.0,33.9,36.0
050,42,101,Pennsylvania,Philadelphia County,5,1565822,739731,826091,90244,45852,44392,155990,79173,76817,69499,35514,33985,165770,79553,86217,1284961,597032,687929,1250089,579192,670897,728778,350101,378677,510701,243813,266888,334016,156338,177678,239602,99488,140114,90244,45852,44392,87476,44219,43257,85706,43733,41973,98407,49126,49281,119670,57162,62508,150042,70964,79078,146347,70091,76256,117951,56780,61171,96361,45978,50383,79883,37835,42048,81840,38500,43340,85085,39696,45389,87208,40307,46901,79233,35425,43808,62965,27049,35916,43883,17929,25954,27006,10364,16642,26515,8721,17794,35.2,34.2,36.2
050,42,101,Pennsylvania,Philadelphia County,6,1572735,742188,830547,90143,45548,44595,155155,78503,76652,69415,35416,33999,162185,78170,84015,1293322,600745,692577,1258022,582721,675301,734242,352849,381393,519673,247950,271723,331136,154595,176541,245028,102006,143022,90143,45548,44595,87454,44056,43398,84732,43134,41598,99041,49516,49525,115528,55383,60145,151501,71224,80277,146974,70679,76295,122848,58872,63976,98350,47175,51175,82126,38741,43385,79860,37577,42283,82860,38357,44503,86290,39920,46370,79725,35625,44100,64288,27787,36501,46229,18914,27315,27793,10716,17077,26993,8964,18029,35.4,34.4,36.4
050,42,101,Pennsylvania,Philadelphia County,7,1574281,742507,831774,89613,45416,44197,154477,77997,76480,68400,34904,33496,156572,75753,80819,1296463,601916,694547,1261791,584190,677601,734249,352568,381681,526067,250445,275622,329079,153594,175485,250073,104398,145675,89613,45416,44197,86914,43685,43229,84353,42846,41507,98293,49056,49237,109889,53067,56822,152371,71234,81137,146088,70129,75959,127258,60892,66366,100350,48190,52160,84781,40015,44766,78042,36616,41426,81413,37633,43780,84843,39330,45513,79759,35579,44180,65874,28698,37176,48408,19844,28564,28475,11081,17394,27557,9196,18361,35.7,34.7,36.6
050,42,103,Pennsylvania,Pike County,1,58560,29514,29046,2319,1198,1121,5538,2888,2650,3032,1584,1448,4142,2197,1945,49307,24702,24605,47671,23844,23827,17973,9216,8757,11523,5827,5696,18767,9367,9400,13239,6453,6786,2319,1198,1121,2828,1479,1349,3434,1801,1633,3640,1911,1729,2810,1478,1332,2678,1390,1288,2902,1496,1406,2888,1431,1457,3055,1510,1545,3594,1753,1841,4572,2246,2326,5388,2748,2640,5213,2620,2593,4394,2209,2185,3722,1866,1856,2487,1201,1286,1488,702,786,1148,475,673,48.9,48.3,49.6
050,42,103,Pennsylvania,Pike County,2,58593,29535,29058,2311,1195,1116,5521,2873,2648,3010,1575,1435,4141,2197,1944,49357,24733,24624,47751,23892,23859,17987,9242,8745,11550,5852,5698,18736,9353,9383,13324,6490,6834,2311,1195,1116,2806,1466,1340,3429,1789,1640,3614,1902,1712,2823,1488,1335,2665,1384,1281,2926,1511,1415,2893,1433,1460,3066,1524,1542,3575,1734,1841,4520,2226,2294,5392,2744,2648,5249,2649,2600,4435,2223,2212,3751,1886,1865,2495,1197,1298,1506,711,795,1137,473,664,49.0,48.4,49.6
050,42,103,Pennsylvania,Pike County,3,60080,30291,29789,2402,1272,1130,5665,2899,2766,3004,1576,1428,4237,2231,2006,50542,25349,25193,49009,24544,24465,18817,9681,9136,12309,6249,6060,18742,9374,9368,13721,6690,7031,2402,1272,1130,2848,1462,1386,3550,1812,1738,3592,1898,1694,2916,1534,1382,2784,1453,1331,3189,1631,1558,3081,1522,1559,3255,1643,1612,3487,1678,1809,4400,2188,2212,5381,2718,2663,5474,2790,2684,4573,2292,2281,3880,1964,1916,2540,1212,1328,1591,762,829,1137,460,677,48.6,47.9,49.3
050,42,103,Pennsylvania,Pike County,4,60722,30610,30112,2443,1284,1159,5591,2844,2747,2940,1541,1399,4289,2310,1979,51181,25690,25491,49748,24941,24807,19080,9850,9230,12624,6412,6212,18607,9268,9339,14228,6951,7277,2443,1284,1159,2873,1471,1402,3491,1786,1705,3479,1835,1644,2977,1603,1374,2721,1420,1301,3303,1698,1605,3266,1600,1666,3334,1694,1640,3386,1631,1755,4308,2137,2171,5308,2667,2641,5605,2833,2772,4806,2430,2376,3835,1955,1880,2762,1305,1457,1650,782,868,1175,479,696,48.7,47.8,49.5
050,42,103,Pennsylvania,Pike County,5,61524,30983,30541,2476,1242,1234,5538,2855,2683,3033,1627,1406,4297,2254,2043,51958,26059,25899,50477,25259,25218,19450,10022,9428,12898,6549,6349,18343,9173,9170,14939,7283,7656,2476,1242,1234,2849,1505,1344,3467,1758,1709,3491,1865,1626,3061,1608,1453,2730,1473,1257,3328,1691,1637,3471,1729,1742,3369,1656,1713,3318,1665,1653,4199,2025,2174,5203,2618,2585,5623,2865,2758,5072,2523,2549,3941,2017,1924,2899,1370,1529,1762,838,924,1265,535,730,48.8,47.8,49.7
050,42,103,Pennsylvania,Pike County,6,62264,31357,30907,2444,1187,1257,5494,2826,2668,3043,1592,1451,4267,2292,1975,52802,26559,26243,51283,25752,25531,19781,10258,9523,13209,6754,6455,18152,9067,9085,15655,7639,8016,2444,1187,1257,2908,1498,1410,3324,1708,1616,3505,1886,1619,3067,1618,1449,2834,1532,1302,3284,1648,1636,3620,1848,1772,3471,1726,1745,3367,1708,1659,4115,1976,2139,5013,2512,2501,5657,2871,2786,5364,2682,2682,4054,2065,1989,3050,1462,1588,1817,851,966,1370,579,791,49.0,47.9,50.0
050,42,103,Pennsylvania,Pike County,7,62808,31578,31230,2380,1105,1275,5464,2847,2617,3049,1564,1485,4228,2292,1936,53483,26878,26605,51915,26062,25853,19939,10317,9622,13389,6824,6565,17928,8951,8977,16370,7995,8375,2380,1105,1275,2931,1526,1405,3260,1684,1576,3545,1896,1649,3005,1597,1408,2895,1533,1362,3252,1657,1595,3659,1874,1785,3583,1760,1823,3485,1779,1706,3897,1885,2012,4899,2425,2474,5647,2862,2785,5586,2802,2784,4254,2159,2095,3196,1569,1627,1894,865,1029,1440,600,840,49.1,48.2,50.1
050,42,105,Pennsylvania,Potter County,1,16403,8256,8147,794,414,380,1674,875,799,778,422,356,1030,520,510,13548,6761,6787,13157,6545,6612,4869,2473,2396,3259,1636,1623,4740,2393,2347,4128,1996,2132,794,414,380,900,474,426,972,506,466,886,464,422,724,373,351,791,409,382,813,400,413,834,430,404,821,397,424,941,483,458,1085,549,536,1342,657,685,1372,704,668,1305,657,648,1078,554,524,787,396,391,501,236,265,457,153,304,48.7,48.1,49.5
050,42,105,Pennsylvania,Potter County,2,16389,8254,8135,788,408,380,1675,880,795,781,419,362,1033,522,511,13536,6762,6774,13145,6547,6598,4876,2478,2398,3260,1639,1621,4703,2372,2331,4149,2014,2135,788,408,380,903,479,424,970,503,467,891,469,422,725,370,355,784,405,379,824,408,416,830,429,401,822,397,425,927,477,450,1079,546,533,1327,652,675,1370,697,673,1310,660,650,1093,565,528,788,399,389,504,238,266,454,152,302,48.7,48.2,49.5
050,42,105,Pennsylvania,Potter County,3,16325,8211,8114,816,394,422,1653,869,784,757,401,356,1029,535,494,13468,6751,6717,13099,6547,6552,4836,2469,2367,3240,1629,1611,4576,2306,2270,4254,2077,2177,816,394,422,897,476,421,946,489,457,870,469,401,726,371,355,768,391,377,835,417,418,817,418,399,820,403,417,864,443,421,1072,550,522,1272,635,637,1368,678,690,1335,674,661,1165,606,559,777,391,386,520,258,262,457,148,309,49.1,48.6,49.7
050,42,105,Pennsylvania,Potter County,4,16205,8159,8046,797,391,406,1650,875,775,764,395,369,1028,528,500,13384,6705,6679,12994,6498,6496,4787,2438,2349,3180,1609,1571,4482,2253,2229,4304,2108,2196,797,391,406,904,476,428,931,493,438,876,465,411,731,364,367,708,377,331,854,418,436,809,408,401,809,406,403,839,413,426,1066,566,500,1216,609,607,1361,665,696,1362,707,655,1142,586,556,806,399,407,542,266,276,452,150,302,49.1,48.4,49.7
050,42,105,Pennsylvania,Potter County,5,16050,8103,7947,781,386,395,1587,833,754,762,397,365,979,506,473,13317,6689,6628,12920,6487,6433,4706,2403,2303,3149,1600,1549,4366,2195,2171,4426,2186,2240,781,386,395,843,435,408,928,498,430,854,451,403,703,352,351,704,372,332,815,406,409,814,401,413,816,421,395,837,406,431,1046,550,496,1163,590,573,1320,649,671,1373,723,650,1150,582,568,833,406,427,596,295,301,474,180,294,49.6,48.9,50.1
050,42,105,Pennsylvania,Potter County,6,16010,8083,7927,816,412,404,1487,777,710,769,406,363,999,520,479,13310,6676,6634,12938,6488,6450,4689,2391,2298,3135,1583,1552,4304,2162,2142,4500,2223,2277,816,412,404,789,410,379,912,485,427,858,453,405,696,355,341,713,384,329,791,384,407,812,404,408,819,411,408,829,408,421,1008,525,483,1137,573,564,1330,656,674,1358,717,641,1186,593,593,859,434,425,609,281,328,488,198,290,49.8,49.3,50.4
050,42,105,Pennsylvania,Potter County,7,15897,8029,7868,771,393,378,1496,782,714,735,391,344,1010,534,476,13241,6647,6594,12895,6463,6432,4695,2425,2270,3126,1589,1537,4186,2091,2095,4573,2249,2324,771,393,378,804,404,400,868,467,401,865,465,400,704,371,333,713,376,337,780,395,385,818,408,410,815,410,405,812,388,424,948,485,463,1103,552,551,1323,666,657,1353,701,652,1208,600,608,910,466,444,602,269,333,500,213,287,50.0,49.2,50.7
050,42,107,Pennsylvania,Schuylkill County,1,143042,73230,69812,6725,3460,3265,13828,7134,6694,6786,3567,3219,10052,5358,4694,119054,60816,58238,115703,59069,56634,48348,26117,22231,33261,18121,15140,41296,21483,19813,31094,14107,16987,6725,3460,3265,7429,3818,3611,8150,4245,3905,8073,4246,3827,7014,3750,3264,7826,4298,3528,8510,4668,3842,8539,4615,3924,8386,4540,3846,9201,4925,4276,10125,5297,4828,10883,5638,5245,11087,5623,5464,10009,4963,5046,8084,3860,4224,5389,2468,2921,3592,1553,2039,4020,1263,2757,45.5,43.8,47.4
050,42,107,Pennsylvania,Schuylkill County,2,142944,73212,69732,6737,3447,3290,13816,7142,6674,6793,3562,3231,10092,5385,4707,118963,60815,58148,115598,59061,56537,48405,26173,22232,33244,18133,15111,41068,21367,19701,31194,14176,17018,6737,3447,3290,7418,3821,3597,8122,4228,3894,8070,4248,3822,7091,3792,3299,7780,4285,3495,8501,4672,3829,8563,4628,3935,8400,4548,3852,9101,4877,4224,10050,5261,4789,10872,5627,5245,11045,5602,5443,10047,4987,5060,8144,3898,4246,5397,2477,2920,3598,1554,2044,4008,1260,2748,45.5,43.8,47.4
050,42,107,Pennsylvania,Schuylkill County,3,143148,73330,69818,6750,3447,3303,13914,7217,6697,6806,3555,3251,10355,5518,4837,119075,60905,58170,115678,59111,56567,49055,26592,22463,33554,18359,15195,40253,20862,19391,31516,14372,17144,6750,3447,3303,7504,3877,3627,8070,4180,3890,8057,4274,3783,7444,3959,3485,7736,4318,3418,8590,4719,3871,8670,4662,4008,8558,4660,3898,8698,4649,4049,9892,5182,4710,10722,5521,5201,10941,5510,5431,10140,5052,5088,8408,4027,4381,5479,2532,2947,3561,1511,2050,3928,1250,2678,45.1,43.4,47.1
050,42,107,Pennsylvania,Schuylkill County,4,143114,73251,69863,6685,3385,3300,14035,7275,6760,6854,3562,3292,10511,5629,4882,118986,60845,58141,115540,59029,56511,49471,26730,22741,33815,18425,15390,39321,20317,19004,31893,14658,17235,6685,3385,3300,7589,3939,3650,8155,4222,3933,8073,4235,3838,7583,4070,3513,7697,4268,3429,8844,4868,3976,8645,4636,4009,8629,4653,3976,8386,4520,3866,9735,5046,4689,10492,5429,5063,10708,5322,5386,10189,5098,5091,8337,4019,4318,5997,2784,3213,3572,1533,2039,3798,1224,2574,44.8,43.2,46.8
050,42,107,Pennsylvania,Schuylkill County,5,143892,73699,70193,6664,3403,3261,14283,7335,6948,6886,3560,3326,10752,5753,4999,119580,61210,58370,116059,59401,56658,50335,27204,23131,34313,18730,15583,38527,19928,18599,32467,14990,17477,6664,3403,3261,7766,4003,3763,8133,4171,3962,8249,4324,3925,7773,4150,3623,7844,4388,3456,8891,4898,3993,8771,4750,4021,8807,4694,4113,8246,4468,3778,9544,4934,4610,10280,5305,4975,10457,5221,5236,10230,5094,5136,8482,4147,4335,6248,2897,3351,3741,1604,2137,3766,1248,2518,44.4,42.9,46.3
050,42,107,Pennsylvania,Schuylkill County,6,144409,74008,70401,6639,3415,3224,14462,7393,7069,6818,3555,3263,10841,5813,5028,119989,61460,58529,116490,59645,56845,50811,27469,23342,34809,18970,15839,37864,19595,18269,32976,15267,17709,6639,3415,3224,7904,4043,3861,8215,4219,3996,8257,4341,3916,7745,4158,3587,8076,4463,3613,8861,4872,3989,8946,4846,4100,8926,4789,4137,8347,4467,3880,9226,4810,4416,9942,5131,4811,10349,5187,5162,10171,5064,5107,8654,4224,4430,6513,3008,3505,3890,1662,2228,3748,1309,2439,44.2,42.7,46.0
050,42,107,Pennsylvania,Schuylkill County,7,145085,74502,70583,6584,3411,3173,14581,7495,7086,6833,3552,3281,10777,5762,5015,120540,61834,58706,117087,60044,57043,51343,27789,23554,35416,19347,16069,37513,19465,18048,33381,15470,17911,6584,3411,3173,7885,4079,3806,8379,4288,4091,8198,4290,3908,7729,4152,3577,8446,4652,3794,8879,4926,3953,9066,4942,4124,9025,4827,4198,8472,4509,3963,9055,4743,4312,9633,4995,4638,10353,5218,5135,10028,4989,5039,8905,4326,4579,6722,3081,3641,3954,1732,2222,3772,1342,2430,44.1,42.6,45.8
050,42,109,Pennsylvania,Snyder County,1,39736,19602,20134,2183,1113,1070,4338,2255,2083,2077,1098,979,4770,2315,2455,32186,15662,16524,31138,15136,16002,14718,7298,7420,8428,4206,4222,10256,5121,5135,7684,3494,4190,2183,1113,1070,2319,1232,1087,2576,1344,1232,3191,1561,1630,3099,1531,1568,2076,1030,1046,2158,1056,1102,2144,1098,1046,2050,1022,1028,2303,1171,1132,2527,1233,1294,2735,1368,1367,2691,1349,1342,2376,1161,1215,2001,943,1058,1478,658,820,965,408,557,864,324,540,40.3,39.2,41.4
050,42,109,Pennsylvania,Snyder County,2,39737,19602,20135,2177,1105,1072,4316,2244,2072,2092,1108,984,4780,2318,2462,32194,15671,16523,31152,15145,16007,14742,7321,7421,8425,4207,4218,10213,5101,5112,7734,3519,4215,2177,1105,1072,2314,1225,1089,2557,1331,1226,3190,1569,1621,3127,1545,1582,2055,1023,1032,2175,1067,1108,2151,1098,1053,2044,1019,1025,2271,1152,1119,2524,1232,1292,2737,1369,1368,2681,1348,1333,2400,1172,1228,2015,953,1062,1481,651,830,959,408,551,879,335,544,40.3,39.2,41.4
050,42,109,Pennsylvania,Snyder County,3,39730,19602,20128,2138,1060,1078,4276,2226,2050,2096,1120,976,4841,2351,2490,32221,15723,16498,31220,15196,16024,14793,7397,7396,8397,4208,4189,10043,5031,5012,7939,3606,4333,2138,1060,1078,2369,1240,1129,2448,1268,1180,3187,1595,1592,3209,1594,1615,1963,995,968,2231,1096,1135,2147,1081,1066,2056,1036,1020,2149,1093,1056,2500,1234,1266,2732,1354,1378,2662,1350,1312,2488,1216,1272,2059,982,1077,1498,650,848,967,410,557,927,348,579,40.4,39.4,41.6
050,42,109,Pennsylvania,Snyder County,4,39506,19512,19994,2102,1056,1046,4221,2180,2041,2113,1126,987,4747,2311,2436,32117,15732,16385,31070,15150,15920,14770,7426,7344,8429,4248,4181,9775,4895,4880,8119,3696,4423,2102,1056,1046,2376,1218,1158,2364,1221,1143,3136,1583,1553,3205,1595,1610,1924,1003,921,2279,1111,1168,2123,1061,1062,2103,1073,1030,2076,1035,1041,2401,1202,1199,2701,1344,1357,2597,1314,1283,2551,1241,1310,2026,979,1047,1607,712,895,1007,418,589,928,346,582,40.6,39.6,41.6
050,42,109,Pennsylvania,Snyder County,5,39673,19666,20007,2095,1070,1025,4255,2229,2026,2069,1080,989,4755,2330,2425,32363,15884,16479,31254,15287,15967,14892,7516,7376,8515,4332,4183,9628,4815,4813,8356,3810,4546,2095,1070,1025,2353,1214,1139,2349,1241,1108,3141,1576,1565,3236,1608,1628,1924,1031,893,2314,1140,1174,2144,1062,1082,2133,1099,1034,2066,1029,1037,2377,1211,1166,2561,1275,1286,2624,1300,1324,2576,1261,1315,2093,1010,1083,1648,732,916,1075,461,614,964,346,618,40.6,39.5,41.8
050,42,109,Pennsylvania,Snyder County,6,39689,19672,20017,2043,1049,994,4195,2186,2009,2043,1036,1007,4778,2344,2434,32490,15958,16532,31408,15401,16007,14842,7497,7345,8528,4368,4160,9516,4758,4758,8586,3931,4655,2043,1049,994,2311,1182,1129,2391,1255,1136,3085,1548,1537,3229,1581,1648,2008,1076,932,2183,1097,1086,2240,1098,1142,2097,1097,1000,2081,1040,1041,2295,1176,1119,2500,1232,1268,2640,1310,1330,2574,1285,1289,2172,1015,1157,1681,771,910,1157,490,667,1002,370,632,40.8,39.8,41.9
050,42,109,Pennsylvania,Snyder County,7,39655,19658,19997,2045,1050,995,4127,2144,1983,1959,1015,944,4778,2323,2455,32519,15955,16564,31524,15449,16075,14893,7522,7371,8617,4441,4176,9331,4645,4686,8798,4040,4758,2045,1050,995,2203,1145,1058,2385,1256,1129,3079,1527,1552,3197,1554,1643,2103,1131,972,2110,1061,1049,2237,1112,1125,2167,1137,1030,2034,1015,1019,2255,1154,1101,2405,1174,1231,2637,1302,1335,2571,1287,1284,2277,1055,1222,1720,812,908,1197,501,696,1033,385,648,41.0,40.0,42.2
050,42,111,Pennsylvania,Somerset County,1,74124,38592,35532,3526,1811,1715,6726,3402,3324,3222,1697,1525,5046,2734,2312,62298,32537,29761,60650,31682,28968,24340,13633,10707,16827,9607,7220,21371,11235,10136,17406,8106,9300,3526,1811,1715,3619,1818,1801,3862,1989,1873,3920,2051,1869,3593,1975,1618,3984,2302,1682,4285,2477,1808,4325,2449,1876,4233,2379,1854,4694,2549,2145,4944,2678,2266,5645,2903,2742,6088,3105,2983,5467,2822,2645,4433,2181,2252,3002,1427,1575,2176,918,1258,2328,758,1570,47.0,45.1,49.0
050,42,111,Pennsylvania,Somerset County,2,73994,38535,35459,3507,1810,1697,6698,3384,3314,3223,1697,1526,5057,2734,2323,62209,32500,29709,60566,31644,28922,24285,13605,10680,16779,9583,7196,21249,11172,10077,17481,8155,9326,3507,1810,1697,3602,1808,1794,3870,1985,1885,3868,2035,1833,3638,1987,1651,3957,2303,1654,4264,2451,1813,4319,2452,1867,4239,2377,1862,4644,2524,2120,4925,2668,2257,5597,2881,2716,6083,3099,2984,5490,2829,2661,4473,2205,2268,2995,1427,1568,2193,934,1259,2330,760,1570,47.0,45.1,49.1
050,42,111,Pennsylvania,Somerset County,3,72973,37767,35206,3409,1769,1640,6665,3403,3262,3229,1690,1539,5000,2691,2309,61299,31763,29536,59670,30905,28765,23827,13181,10646,16420,9220,7200,20613,10779,9834,17637,8215,9422,3409,1769,1640,3606,1837,1769,3881,1986,1895,3717,1975,1742,3690,1986,1704,3835,2216,1619,4136,2300,1836,4246,2401,1845,4203,2303,1900,4390,2371,2019,4851,2597,2254,5365,2770,2595,6007,3041,2966,5540,2813,2727,4637,2297,2340,3014,1456,1558,2172,916,1256,2274,733,1541,47.1,45.2,49.2
050,42,111,Pennsylvania,Somerset County,4,72570,37666,34904,3356,1743,1613,6620,3376,3244,3195,1663,1532,4993,2696,2297,60986,31728,29258,59399,30884,28515,23758,13184,10574,16354,9223,7131,20151,10595,9556,17901,8370,9531,3356,1743,1613,3607,1846,1761,3797,1928,1869,3688,1950,1738,3716,2011,1705,3762,2159,1603,4145,2340,1805,4241,2405,1836,4206,2319,1887,4260,2316,1944,4820,2589,2231,5253,2738,2515,5818,2952,2866,5647,2871,2776,4602,2277,2325,3221,1558,1663,2173,904,1269,2258,760,1498,47.1,45.3,49.2
050,42,111,Pennsylvania,Somerset County,5,72270,37622,34648,3237,1677,1560,6570,3383,3187,3197,1649,1548,4957,2693,2264,60876,31752,29124,59266,30913,28353,23727,13205,10522,16350,9260,7090,19697,10388,9309,18262,8572,9690,3237,1677,1560,3588,1881,1707,3759,1899,1860,3672,1938,1734,3705,2007,1698,3810,2215,1595,4091,2350,1741,4203,2361,1842,4246,2334,1912,4188,2276,1912,4741,2556,2185,5083,2662,2421,5685,2894,2791,5677,2884,2793,4714,2328,2386,3324,1597,1727,2263,980,1283,2284,783,1501,47.2,45.3,49.4
050,42,111,Pennsylvania,Somerset County,6,72209,37669,34540,3167,1626,1541,6615,3399,3216,3162,1604,1558,4852,2661,2191,60886,31872,29014,59265,31040,28225,23810,13336,10474,16549,9447,7102,19239,10187,9052,18625,8745,9880,3167,1626,1541,3650,1901,1749,3718,1874,1844,3644,1905,1739,3617,1984,1633,3922,2320,1602,4098,2393,1705,4269,2389,1880,4260,2345,1915,4131,2266,1865,4688,2534,2154,4858,2587,2271,5562,2800,2762,5653,2866,2787,4837,2386,2451,3498,1673,1825,2276,999,1277,2361,821,1540,47.1,45.2,49.5
050,42,111,Pennsylvania,Somerset County,7,72004,37570,34434,3060,1572,1488,6580,3389,3191,3122,1579,1543,4759,2634,2125,60824,31840,28984,59242,31030,28212,23755,13323,10432,16652,9497,7155,18820,9995,8825,19011,8904,10107,3060,1572,1488,3649,1909,1740,3709,1867,1842,3591,1858,1733,3512,1968,1544,4132,2409,1723,4022,2375,1647,4269,2373,1896,4229,2340,1889,4184,2309,1875,4535,2440,2095,4739,2545,2194,5362,2701,2661,5723,2864,2859,4901,2425,2476,3674,1742,1932,2275,1013,1262,2438,860,1578,47.1,45.2,49.6
050,42,113,Pennsylvania,Sullivan County,1,5835,3010,2825,180,99,81,472,241,231,253,150,103,402,263,139,5082,2614,2468,4930,2520,2410,1631,913,718,1022,527,495,1772,886,886,1734,844,890,180,99,81,226,119,107,292,149,143,346,218,128,263,168,95,214,118,96,251,113,138,275,143,132,282,153,129,293,151,142,343,182,161,510,232,278,626,321,305,533,269,264,481,245,236,305,151,154,214,101,113,201,78,123,54.5,52.1,56.4
050,42,113,Pennsylvania,Sullivan County,2,5823,3001,2822,178,97,81,461,237,224,248,147,101,406,264,142,5084,2612,2472,4936,2520,2416,1628,910,718,1021,526,495,1765,883,882,1744,847,897,178,97,81,217,115,102,291,149,142,343,218,125,264,166,98,218,121,97,248,112,136,274,141,133,281,152,129,290,146,144,338,180,158,508,235,273,629,322,307,544,271,273,481,247,234,303,150,153,214,102,112,202,77,125,54.6,52.3,56.5
050,42,113,Pennsylvania,Sullivan County,3,5864,3035,2829,189,106,83,472,239,233,234,138,96,428,277,151,5101,2632,2469,4969,2552,2417,1647,927,720,1039,543,496,1750,884,866,1752,848,904,189,106,83,221,116,105,305,154,151,338,215,123,270,169,101,228,130,98,250,116,134,280,146,134,281,151,130,288,147,141,340,177,163,492,239,253,630,321,309,564,276,288,480,250,230,296,146,150,219,101,118,193,75,118,54.2,51.8,56.3
050,42,113,Pennsylvania,Sullivan County,4,5888,3027,2861,182,91,91,451,243,208,237,132,105,447,282,165,5136,2631,2505,5018,2561,2457,1664,929,735,1041,544,497,1687,845,842,1843,890,953,182,91,91,214,121,93,298,151,147,330,204,126,293,181,112,226,127,99,244,120,124,274,137,137,297,160,137,262,144,118,336,170,166,469,225,244,620,306,314,599,296,303,486,242,244,341,171,170,222,103,119,195,78,117,54.8,52.4,56.9
050,42,113,Pennsylvania,Sullivan County,5,5913,3051,2862,176,91,85,419,232,187,247,133,114,456,290,166,5196,2673,2523,5071,2595,2476,1719,965,754,1077,569,508,1615,801,814,1923,935,988,176,91,85,203,115,88,277,144,133,324,198,126,318,198,120,226,128,98,270,135,135,268,137,131,313,169,144,267,139,128,322,167,155,443,220,223,583,275,308,619,304,315,486,253,233,396,195,201,220,103,117,202,80,122,54.9,52.4,57.3
050,42,113,Pennsylvania,Sullivan County,6,5895,3033,2862,172,86,86,386,207,179,251,136,115,422,269,153,5220,2684,2536,5086,2604,2482,1708,956,752,1095,581,514,1594,794,800,1975,960,1015,172,86,86,194,108,86,252,129,123,318,190,128,295,185,110,244,141,103,274,146,128,276,134,142,301,160,141,297,156,141,301,157,144,410,217,193,586,264,322,616,308,308,506,269,237,423,206,217,226,99,127,204,78,126,55.3,52.9,57.8
050,42,113,Pennsylvania,Sullivan County,7,5856,3005,2851,170,92,78,356,191,165,245,126,119,409,269,140,5216,2665,2551,5085,2596,2489,1688,933,755,1089,565,524,1550,776,774,2037,986,1051,170,92,78,187,103,84,224,115,109,326,188,138,273,180,93,249,129,120,270,154,116,276,128,148,294,154,140,301,172,129,310,149,161,384,204,180,555,251,304,618,317,301,545,279,266,432,208,224,229,103,126,213,79,134,55.7,53.0,58.4
050,42,115,Pennsylvania,Susquehanna County,1,38431,19255,19176,1935,966,969,3822,1936,1886,1739,911,828,2511,1305,1206,31796,15915,15881,30935,15442,15493,11743,6047,5696,7932,4047,3885,11389,5742,5647,9103,4348,4755,1935,966,969,2070,1032,1038,2191,1120,1071,2082,1100,982,1729,900,829,1873,997,876,2090,1037,1053,2000,1026,974,1969,987,982,2147,1100,1047,2513,1235,1278,3255,1635,1620,3474,1772,1702,2921,1449,1472,2370,1167,1203,1738,821,917,1154,547,607,920,364,556,48.3,47.4,49.0
050,42,115,Pennsylvania,Susquehanna County,2,38355,19233,19122,1932,965,967,3823,1933,1890,1738,905,833,2509,1318,1191,31727,15897,15830,30862,15430,15432,11738,6048,5690,7925,4043,3882,11303,5702,5601,9125,4367,4758,1932,965,967,2064,1033,1031,2193,1118,1075,2069,1095,974,1744,910,834,1854,990,864,2082,1029,1053,2010,1035,975,1979,989,990,2118,1087,1031,2503,1232,1271,3226,1621,1605,3456,1762,1694,2948,1471,1477,2387,1168,1219,1730,825,905,1149,542,607,911,361,550,48.2,47.3,49.0
050,42,115,Pennsylvania,Susquehanna County,3,38451,19352,19099,1893,968,925,3826,1934,1892,1753,905,848,2565,1372,1193,31871,15999,15872,30979,15545,15434,11943,6166,5777,8054,4118,3936,10988,5543,5445,9372,4512,4860,1893,968,925,2037,1033,1004,2218,1130,1088,2045,1086,959,1844,962,882,1777,958,819,2118,1052,1066,2112,1091,1021,2047,1017,1030,1969,1013,956,2500,1242,1258,3076,1537,1539,3443,1751,1692,3016,1539,1477,2512,1209,1303,1719,827,892,1153,538,615,972,399,573,48.1,47.0,49.2
050,42,115,Pennsylvania,Susquehanna County,4,38157,19196,18961,1856,941,915,3796,1921,1875,1735,885,850,2558,1359,1199,31642,15891,15751,30770,15449,15321,11866,6138,5728,8007,4114,3893,10635,5343,5292,9570,4633,4937,1856,941,915,2017,1031,986,2213,1110,1103,1980,1033,947,1879,991,888,1677,897,780,2105,1091,1014,2141,1075,1066,2084,1051,1033,1864,960,904,2464,1241,1223,2912,1442,1470,3395,1700,1695,3105,1601,1504,2475,1204,1271,1834,889,945,1171,525,646,985,414,571,48.1,47.0,49.2
050,42,115,Pennsylvania,Susquehanna County,5,38197,19201,18996,1887,957,930,3783,1902,1881,1736,880,856,2582,1393,1189,31648,15903,15745,30791,15462,15329,11937,6188,5749,8066,4139,3927,10342,5177,5165,9801,4753,5048,1887,957,930,2024,1010,1014,2206,1116,1090,1979,1017,962,1892,1032,860,1693,889,804,2094,1086,1008,2192,1088,1104,2087,1076,1011,1910,978,932,2336,1177,1159,2753,1365,1388,3343,1657,1686,3186,1622,1564,2480,1247,1233,1883,920,963,1226,540,686,1026,424,602,47.7,46.7,48.8
050,42,115,Pennsylvania,Susquehanna County,6,38180,19240,18940,1915,993,922,3758,1892,1866,1781,920,861,2529,1348,1181,31591,15891,15700,30726,15435,15291,11991,6239,5752,8147,4206,3941,9985,4986,4999,10065,4895,5170,1915,993,922,2001,996,1005,2223,1131,1092,1996,1037,959,1848,996,852,1785,943,842,2023,1058,965,2229,1100,1129,2110,1105,1005,1967,988,979,2213,1114,1099,2596,1281,1315,3209,1603,1606,3287,1669,1618,2505,1262,1243,1961,960,1001,1254,567,687,1058,437,621,47.3,46.3,48.4
050,42,115,Pennsylvania,Susquehanna County,7,38237,19295,18942,1843,969,874,3775,1905,1870,1839,941,898,2450,1331,1119,31681,15945,15736,30780,15480,15300,12117,6302,5815,8305,4268,4037,9790,4891,4899,10235,4990,5245,1843,969,874,2050,1028,1022,2202,1115,1087,2035,1065,970,1777,969,808,1972,1016,956,1946,1038,908,2232,1091,1141,2155,1123,1032,2051,1037,1014,2089,1077,1012,2524,1220,1304,3126,1557,1569,3246,1647,1599,2604,1315,1289,2005,972,1033,1304,612,692,1076,444,632,47.1,46.0,48.1
050,42,117,Pennsylvania,Tioga County,1,41052,20453,20599,2024,1081,943,4403,2313,2090,1838,947,891,3540,1699,1841,33746,16601,17145,32787,16112,16675,13711,6835,6876,8784,4419,4365,11130,5448,5682,9333,4546,4787,2024,1081,943,2404,1295,1109,2450,1248,1202,2635,1281,1354,2292,1135,1157,2077,1033,1044,2232,1130,1102,2371,1154,1217,2104,1102,1002,2287,1143,1144,2582,1255,1327,3016,1460,1556,3245,1590,1655,2824,1434,1390,2377,1201,1176,1843,896,947,1203,571,632,1086,444,642,44.8,43.8,45.8
050,42,117,Pennsylvania,Tioga County,2,41025,20473,20552,2016,1082,934,4389,2310,2079,1841,948,893,3527,1702,1825,33725,16618,17107,32779,16133,16646,13688,6839,6849,8781,4422,4359,11059,5417,5642,9412,4592,4820,2016,1082,934,2389,1287,1102,2461,1256,1205,2597,1273,1324,2310,1144,1166,2058,1031,1027,2238,1131,1107,2357,1145,1212,2128,1115,1013,2251,1125,1126,2573,1259,1314,2993,1445,1548,3242,1588,1654,2857,1456,1401,2407,1211,1196,1830,887,943,1224,585,639,1094,453,641,44.9,43.9,45.9
050,42,117,Pennsylvania,Tioga County,3,41306,20674,20632,1999,1066,933,4287,2300,1987,1851,947,904,3880,1845,2035,34072,16830,17242,33169,16361,16808,14054,7002,7052,8814,4460,4354,10844,5341,5503,9631,4715,4916,1999,1066,933,2281,1233,1048,2497,1317,1180,2688,1314,1374,2552,1228,1324,2049,1048,1001,2210,1129,1081,2331,1125,1206,2224,1158,1066,2165,1093,1072,2511,1259,1252,2896,1385,1511,3272,1604,1668,2934,1486,1448,2552,1282,1270,1772,857,915,1300,627,673,1073,463,610,44.6,43.8,45.5
050,42,117,Pennsylvania,Tioga County,4,40951,20461,20490,2006,1053,953,4215,2261,1954,1863,955,908,3754,1808,1946,33764,16647,17117,32867,16192,16675,13904,6934,6970,8775,4429,4346,10577,5204,5373,9761,4751,5010,2006,1053,953,2249,1213,1036,2454,1306,1148,2635,1282,1353,2494,1223,1271,1953,973,980,2249,1152,1097,2316,1146,1170,2257,1158,1099,2108,1060,1048,2474,1252,1222,2754,1299,1455,3241,1593,1648,2975,1478,1497,2484,1249,1235,1913,940,973,1294,600,694,1095,484,611,44.7,43.9,45.7
050,42,117,Pennsylvania,Tioga County,5,40697,20373,20324,1914,971,943,4161,2259,1902,1918,982,936,3616,1761,1855,33651,16638,17013,32704,16161,16543,13771,6894,6877,8716,4394,4322,10425,5163,5262,9947,4843,5104,1914,971,943,2197,1190,1007,2443,1312,1131,2607,1292,1315,2448,1208,1240,1931,1001,930,2194,1100,1094,2278,1156,1122,2313,1137,1176,2081,1073,1008,2445,1236,1209,2696,1316,1380,3203,1538,1665,3049,1514,1535,2483,1242,1241,1953,961,992,1334,623,711,1128,503,625,45.1,44.2,46.1
050,42,117,Pennsylvania,Tioga County,6,40563,20351,20212,1842,940,902,4083,2227,1856,1984,1027,957,3583,1721,1862,33642,16669,16973,32654,16157,16497,13757,6893,6864,8708,4421,4287,10206,5072,5134,10157,4943,5214,1842,940,902,2138,1161,977,2463,1342,1121,2642,1299,1343,2407,1173,1234,1974,1060,914,2121,1057,1064,2295,1166,1129,2318,1138,1180,2096,1104,992,2385,1186,1199,2656,1306,1350,3069,1476,1593,3150,1572,1578,2503,1236,1267,1965,979,986,1363,641,722,1176,515,661,45.2,44.2,46.2
050,42,117,Pennsylvania,Tioga County,7,40502,20307,20195,1792,921,871,4021,2176,1845,2016,1043,973,3571,1741,1830,33657,16668,16989,32673,16167,16506,13822,6946,6876,8748,4433,4315,10000,4960,5040,10354,5033,5321,1792,921,871,2112,1131,981,2422,1316,1106,2732,1344,1388,2342,1169,1173,1987,1052,935,2108,1068,1040,2275,1147,1128,2378,1166,1212,2134,1114,1020,2268,1136,1132,2584,1273,1311,3014,1437,1577,3222,1604,1618,2552,1254,1298,2015,1015,1000,1326,611,715,1239,549,690,45.2,44.3,46.2
050,42,119,Pennsylvania,Union County,1,42680,22621,20059,2060,1058,1002,3955,2023,1932,1985,1048,937,5974,3063,2911,35698,19039,16659,34680,18492,16188,17652,9997,7655,10172,6138,4034,10462,5697,4765,8072,3594,4478,2060,1058,1002,2208,1138,1070,2226,1137,1089,3639,1822,1817,3841,2037,1804,2269,1336,933,2638,1593,1045,2709,1644,1065,2556,1565,991,2590,1516,1074,2547,1416,1131,2687,1458,1229,2638,1307,1331,2338,1142,1196,1991,953,1038,1459,653,806,1068,426,642,1216,420,796,39.5,38.6,41.0
050,42,119,Pennsylvania,Union County,2,42659,22616,20043,2044,1053,991,3955,2020,1935,1978,1047,931,5979,3067,2912,35701,19042,16659,34682,18496,16186,17652,10003,7649,10166,6138,4028,10435,5686,4749,8102,3605,4497,2044,1053,991,2200,1132,1068,2226,1137,1089,3637,1822,1815,3849,2043,1806,2254,1331,923,2633,1591,1042,2717,1648,1069,2562,1568,994,2575,1509,1066,2546,1415,1131,2686,1455,1231,2628,1307,1321,2356,1145,1211,1998,962,1036,1462,652,810,1070,429,641,1216,417,799,39.6,38.6,41.1
050,42,119,Pennsylvania,Union County,3,42480,22350,20130,2003,1039,964,3895,1993,1902,1919,1000,919,6273,3218,3055,35663,18845,16818,34663,18318,16345,17704,9929,7775,9960,5939,4021,10227,5529,4698,8203,3632,4571,2003,1039,964,2131,1092,1039,2212,1129,1083,3734,1854,1880,4010,2136,1874,2208,1293,915,2550,1540,1010,2690,1607,1083,2512,1499,1013,2405,1394,1011,2563,1407,1156,2633,1410,1223,2626,1318,1308,2361,1133,1228,2088,995,1093,1478,641,837,1067,460,607,1209,403,806,39.4,38.3,41.0
050,42,119,Pennsylvania,Union County,4,42713,22615,20098,1953,1002,951,3847,1969,1878,1870,955,915,6248,3218,3030,36009,19193,16816,35043,18689,16354,17918,10135,7783,10251,6184,4067,10186,5565,4621,8358,3722,4636,1953,1002,951,2104,1069,1035,2194,1122,1072,3646,1809,1837,4021,2142,1879,2299,1356,943,2608,1602,1006,2821,1701,1120,2523,1525,998,2405,1430,975,2580,1424,1156,2570,1374,1196,2631,1337,1294,2403,1170,1233,2072,985,1087,1603,690,913,1068,469,599,1212,408,804,39.5,38.6,41.0
050,42,119,Pennsylvania,Union County,5,42185,22198,19987,1916,970,946,3814,1966,1848,1803,917,886,6236,3221,3015,35586,18831,16755,34652,18345,16307,17607,9869,7738,9987,5942,4045,9874,5359,4515,8555,3823,4732,1916,970,946,2067,1058,1009,2166,1119,1047,3602,1776,1826,4018,2151,1867,2245,1307,938,2458,1489,969,2738,1631,1107,2546,1515,1031,2322,1370,952,2511,1374,1137,2440,1286,1154,2601,1329,1272,2442,1185,1257,2069,986,1083,1658,710,948,1163,503,660,1223,439,784,39.8,38.8,41.3
050,42,119,Pennsylvania,Union County,6,42641,22420,20221,1899,959,940,3766,1931,1835,1740,878,862,6912,3555,3357,36156,19114,17042,35236,18652,16584,18146,10133,8013,9908,5908,4000,9681,5279,4402,8735,3910,4825,1899,959,940,2080,1070,1010,2100,1069,1031,3776,1841,1935,4462,2384,2078,2192,1305,887,2404,1436,968,2725,1638,1087,2587,1529,1058,2291,1362,929,2428,1310,1118,2383,1261,1122,2579,1346,1233,2459,1179,1280,2092,1002,1090,1714,748,966,1218,522,696,1252,459,793,39.4,38.5,40.8
050,42,119,Pennsylvania,Union County,7,42313,22126,20187,1883,927,956,3718,1902,1816,1726,876,850,6821,3513,3308,35850,18851,16999,34986,18421,16565,17900,9927,7973,9803,5778,4025,9465,5148,4317,8897,3982,4915,1883,927,956,2040,1051,989,2128,1091,1037,3698,1782,1916,4399,2367,2032,2213,1285,928,2394,1438,956,2641,1569,1072,2555,1486,1069,2263,1332,931,2309,1268,1041,2316,1201,1115,2577,1347,1230,2441,1164,1277,2128,1006,1122,1811,822,989,1213,506,707,1304,484,820,39.5,38.6,40.9
050,42,121,Pennsylvania,Venango County,1,50465,24952,25513,2411,1261,1150,5207,2656,2551,2411,1268,1143,3250,1673,1577,41613,20373,21240,40436,19767,20669,15573,7914,7659,10564,5322,5242,14641,7264,7377,11981,5508,6473,2411,1261,1150,2786,1438,1348,3073,1567,1506,2759,1436,1323,2250,1156,1094,2416,1235,1181,2708,1351,1357,2683,1294,1389,2757,1442,1315,2915,1477,1438,3296,1640,1656,4025,1995,2030,4405,2152,2253,4061,2010,2051,3119,1482,1637,2104,978,1126,1363,584,779,1334,454,880,47.5,46.0,48.9
050,42,121,Pennsylvania,Venango County,2,50370,24902,25468,2389,1251,1138,5162,2633,2529,2417,1271,1146,3257,1674,1583,41570,20355,21215,40402,19747,20655,15550,7900,7650,10525,5296,5229,14558,7235,7323,12062,5542,6520,2389,1251,1138,2762,1426,1336,3049,1548,1501,2751,1440,1311,2274,1164,1110,2400,1229,1171,2686,1334,1352,2683,1296,1387,2756,1437,1319,2894,1478,1416,3275,1620,1655,3975,1974,2001,4414,2163,2251,4067,2009,2058,3160,1501,1659,2122,985,1137,1369,588,781,1344,459,885,47.6,46.1,49.0
050,42,121,Pennsylvania,Venango County,3,50057,24766,25291,2338,1223,1115,5079,2594,2485,2444,1284,1160,3349,1740,1609,41364,20294,21070,40196,19665,20531,15543,7912,7631,10372,5201,5171,14196,7084,7112,12279,5640,6639,2338,1223,1115,2700,1394,1306,3001,1513,1488,2779,1475,1304,2392,1236,1156,2304,1187,1117,2615,1285,1330,2708,1322,1386,2745,1407,1338,2822,1486,1336,3233,1573,1660,3750,1872,1878,4391,2153,2238,4093,2006,2087,3352,1600,1752,2150,994,1156,1363,583,780,1321,457,864,47.6,46.2,49.2
050,42,121,Pennsylvania,Venango County,4,49707,24606,25101,2293,1207,1086,5028,2578,2450,2508,1305,1203,3299,1699,1600,41150,20205,20945,39878,19516,20362,15551,7881,7670,10343,5176,5167,13746,6888,6858,12490,5753,6737,2293,1207,1086,2621,1335,1286,3006,1542,1464,2807,1485,1322,2401,1220,1181,2235,1149,1086,2614,1290,1324,2738,1346,1392,2756,1391,1365,2753,1470,1283,3127,1518,1609,3619,1786,1833,4247,2114,2133,4169,1997,2172,3309,1621,1688,2363,1094,1269,1378,595,783,1271,446,825,47.6,46.2,49.1
050,42,121,Pennsylvania,Venango County,5,49490,24515,24975,2308,1201,1107,4897,2533,2364,2539,1316,1223,3318,1722,1596,41049,20155,20894,39746,19465,20281,15495,7831,7664,10278,5117,5161,13336,6698,6638,12814,5928,6886,2308,1201,1107,2593,1331,1262,2944,1526,1418,2824,1499,1325,2393,1215,1178,2169,1104,1065,2575,1265,1310,2801,1395,1406,2733,1353,1380,2750,1475,1275,3023,1478,1545,3443,1685,1758,4120,2060,2060,4209,2017,2192,3381,1665,1716,2502,1166,1336,1418,623,795,1304,457,847,47.6,46.2,49.1
050,42,121,Pennsylvania,Venango County,6,49518,24551,24967,2264,1156,1108,4900,2552,2348,2507,1275,1232,3327,1754,1573,41098,20203,20895,39847,19568,20279,15626,7905,7721,10392,5187,5205,13021,6541,6480,13107,6086,7021,2264,1156,1108,2596,1339,1257,2904,1524,1380,2917,1526,1391,2317,1192,1125,2295,1168,1127,2575,1285,1290,2789,1385,1404,2733,1349,1384,2754,1466,1288,2946,1439,1507,3317,1640,1677,4004,1996,2008,4196,2025,2171,3515,1726,1789,2572,1192,1380,1495,685,810,1329,458,871,47.4,46.2,48.9
050,42,121,Pennsylvania,Venango County,7,49346,24493,24853,2226,1136,1090,4786,2491,2295,2475,1264,1211,3296,1737,1559,41114,20241,20873,39859,19602,20257,15600,7915,7685,10434,5225,5209,12702,6374,6328,13427,6266,7161,2226,1136,1090,2537,1318,1219,2854,1484,1370,2867,1490,1377,2299,1200,1099,2415,1236,1179,2477,1242,1235,2773,1393,1380,2769,1354,1415,2771,1446,1325,2878,1451,1427,3213,1584,1629,3840,1893,1947,4153,2035,2118,3665,1759,1906,2692,1253,1439,1573,754,819,1344,465,879,47.6,46.4,48.9
050,42,123,Pennsylvania,Warren County,1,38584,19242,19342,2047,1037,1010,3767,1898,1869,1717,890,827,2572,1358,1214,31960,15882,16078,31053,15417,15636,12083,6218,5865,8153,4154,3999,11201,5637,5564,9127,4268,4859,2047,1037,1010,2043,1042,1001,2083,1040,1043,2127,1110,1017,1803,954,849,1990,1027,963,2050,1045,1005,2129,1089,1040,1984,993,991,2254,1137,1117,2588,1314,1274,3101,1576,1525,3258,1610,1648,2934,1474,1460,2351,1124,1227,1664,784,880,1094,484,610,1084,402,682,47.6,46.3,48.6
050,42,123,Pennsylvania,Warren County,2,38513,19220,19293,2008,1025,983,3753,1892,1861,1735,899,836,2567,1361,1206,31934,15879,16055,31017,15404,15613,12057,6215,5842,8141,4149,3992,11130,5596,5534,9179,4298,4881,2008,1025,983,2046,1041,1005,2093,1045,1048,2105,1100,1005,1811,966,845,1966,1010,956,2058,1051,1007,2135,1091,1044,1982,997,985,2212,1112,1100,2584,1314,1270,3089,1565,1524,3245,1605,1640,2954,1484,1470,2377,1139,1238,1666,783,883,1097,487,610,1085,405,680,47.6,46.3,48.7
050,42,123,Pennsylvania,Warren County,3,38174,19055,19119,1958,1006,952,3747,1895,1852,1748,901,847,2530,1333,1197,31620,15730,15890,30721,15253,15468,11937,6165,5772,8117,4156,3961,10794,5419,5375,9280,4345,4935,1958,1006,952,2076,1053,1023,2129,1067,1062,2008,1036,972,1812,973,839,1885,969,916,2069,1061,1008,2153,1102,1051,2010,1024,986,2028,1006,1022,2567,1299,1268,3012,1514,1498,3187,1600,1587,2992,1498,1494,2451,1180,1271,1684,780,904,1079,491,588,1074,396,678,47.5,46.2,48.8
050,42,123,Pennsylvania,Warren County,4,37824,18861,18963,1923,971,952,3723,1888,1835,1725,868,857,2517,1359,1158,31278,15556,15722,30453,15134,15319,11870,6130,5740,8074,4126,3948,10458,5266,5192,9404,4383,5021,1923,971,952,2064,1046,1018,2105,1065,1040,1996,1037,959,1800,967,833,1818,942,876,2097,1084,1013,2075,1053,1022,2084,1047,1037,1947,985,962,2489,1241,1248,2895,1456,1439,3127,1584,1543,3052,1521,1531,2394,1152,1242,1808,820,988,1088,495,593,1062,395,667,47.5,46.1,48.9
050,42,123,Pennsylvania,Warren County,5,37629,18778,18851,1866,958,908,3741,1921,1820,1716,851,865,2500,1334,1166,31145,15471,15674,30306,15048,15258,11889,6134,5755,8097,4154,3943,10136,5082,5054,9573,4478,5095,1866,958,908,2083,1067,1016,2082,1059,1023,1985,1022,963,1807,958,849,1776,925,851,2098,1086,1012,2089,1054,1035,2134,1089,1045,1909,974,935,2340,1157,1183,2800,1393,1407,3087,1558,1529,3081,1546,1535,2429,1182,1247,1841,814,1027,1152,532,620,1070,404,666,47.4,45.9,48.9
050,42,123,Pennsylvania,Warren County,6,37311,18623,18688,1821,923,898,3713,1898,1815,1742,871,871,2394,1262,1132,30946,15378,15568,30035,14931,15104,11796,6089,5707,8072,4179,3893,9859,4937,4922,9710,4553,5157,1821,923,898,2052,1050,1002,2073,1071,1002,1963,983,980,1761,927,834,1777,941,836,2039,1053,986,2080,1080,1000,2176,1105,1071,1926,989,937,2236,1087,1149,2686,1343,1343,3011,1518,1493,3066,1531,1535,2511,1239,1272,1886,856,1030,1176,530,646,1071,397,674,47.4,45.9,48.9
050,42,123,Pennsylvania,Warren County,7,37038,18485,18553,1777,886,891,3654,1867,1787,1703,868,835,2356,1217,1139,30781,15292,15489,29904,14864,15040,11681,6040,5641,8048,4174,3874,9717,4862,4855,9783,4611,5172,1777,886,891,1991,1024,967,2089,1062,1027,1940,988,952,1693,878,815,1836,964,872,1976,1029,947,2066,1069,997,2170,1112,1058,1994,1016,978,2147,1052,1095,2590,1304,1286,2986,1490,1496,2992,1490,1502,2603,1318,1285,1927,883,1044,1211,534,677,1050,386,664,47.3,46.0,48.9
050,42,125,Pennsylvania,Washington County,1,209331,102888,106443,10370,5223,5147,20513,10562,9951,9544,4879,4665,17241,8864,8377,173742,84707,89035,168904,82224,86680,71361,36267,35094,46898,23719,23179,59644,29351,30293,45121,20290,24831,10370,5223,5147,11123,5786,5337,11712,5971,5741,12560,6412,6148,11903,6136,5767,10932,5576,5356,12040,6093,5947,12107,6018,6089,11819,6032,5787,12669,6391,6278,14172,7007,7165,15911,7799,8112,16892,8154,8738,14707,7129,7578,11875,5623,6252,7715,3508,4207,5285,2158,3127,5539,1872,3667,45.0,43.4,46.7
050,42,125,Pennsylvania,Washington County,2,209413,102938,106475,10377,5215,5162,20466,10526,9940,9569,4892,4677,17223,8849,8374,173852,84783,89069,169001,82305,86696,71452,36316,35136,47005,23787,23218,59341,29195,30146,45432,20474,24958,10377,5215,5162,11113,5770,5343,11698,5968,5730,12515,6390,6125,11932,6139,5793,10917,5575,5342,12087,6119,5968,12120,6031,6089,11881,6062,5819,12530,6313,6217,14148,7007,7141,15810,7765,8045,16853,8110,8743,14828,7185,7643,12042,5696,6346,7721,3536,4185,5287,2171,3116,5554,1886,3668,45.0,43.5,46.6
050,42,125,Pennsylvania,Washington County,3,210116,103314,106802,10269,5224,5045,20445,10470,9975,9611,4904,4707,17486,9001,8485,174611,85148,89463,169791,82716,87075,72307,36726,35581,47653,24095,23558,58126,28607,29519,46526,21013,25513,10269,5224,5045,11220,5789,5431,11668,5955,5713,12434,6335,6099,12220,6296,5924,10921,5555,5366,12238,6197,6041,12354,6152,6202,12140,6191,5949,11941,6029,5912,14126,6996,7130,15363,7604,7759,16696,7978,8718,15217,7356,7861,12712,5964,6748,7847,3653,4194,5279,2183,3096,5471,1857,3614,44.8,43.3,46.4
050,42,125,Pennsylvania,Washington County,4,209981,103194,106787,10310,5268,5042,20332,10405,9927,9593,4883,4710,16951,8709,8242,174488,85045,89443,169746,82638,87108,72377,36752,35625,48226,24367,23859,56873,28085,28788,47696,21477,26219,10310,5268,5042,11197,5730,5467,11528,5882,5646,12142,6229,5913,12009,6156,5853,10892,5550,5342,12327,6242,6085,12504,6205,6299,12503,6370,6133,11688,5921,5767,13884,6870,7014,14910,7402,7508,16391,7892,8499,15457,7365,8092,12725,5968,6757,8694,4055,4639,5413,2256,3157,5407,1833,3574,44.8,43.4,46.4
050,42,125,Pennsylvania,Washington County,5,210442,103333,107109,10167,5188,4979,20559,10527,10032,9507,4845,4662,16741,8553,8188,175033,85260,89773,170209,82773,87436,72677,36767,35910,48697,24507,24190,55762,27571,28191,49009,22142,26867,10167,5188,4979,11355,5767,5588,11472,5898,5574,12164,6241,5923,11816,6019,5797,10879,5562,5317,12483,6254,6229,12655,6249,6406,12680,6442,6238,11790,5982,5808,13447,6669,6778,14529,7197,7332,15996,7723,8273,15762,7484,8278,12930,6064,6866,9202,4297,4905,5754,2438,3316,5361,1859,3502,44.8,43.5,46.3
050,42,125,Pennsylvania,Washington County,6,210635,103503,107132,9939,5069,4870,20442,10427,10015,9560,4833,4727,16632,8574,8058,175605,85684,89921,170694,83174,87520,72889,36957,35932,49058,24734,24324,54750,27122,27628,50254,22744,27510,9939,5069,4870,11296,5657,5639,11507,5954,5553,12115,6200,5915,11716,6023,5693,11098,5711,5387,12358,6223,6135,12818,6349,6469,12784,6451,6333,11979,6059,5920,12921,6466,6455,14119,6963,7156,15731,7634,8097,15956,7510,8446,13224,6236,6988,9823,4530,5293,5843,2541,3302,5408,1927,3481,44.9,43.5,46.3
050,42,125,Pennsylvania,Washington County,7,210802,103721,107081,9767,5034,4733,20567,10471,10096,9302,4745,4557,16405,8510,7895,175882,85839,90043,171166,83471,87695,73057,37049,36008,49562,24976,24586,53806,26660,27146,51393,23325,28068,9767,5034,4733,11311,5694,5617,11468,5959,5509,12070,6163,5907,11425,5910,5515,11387,5815,5572,12203,6160,6043,13120,6525,6595,12852,6476,6376,12178,6164,6014,12413,6262,6151,13845,6823,7022,15370,7411,7959,15924,7476,8448,13682,6467,7215,10401,4751,5650,5936,2657,3279,5450,1974,3476,44.9,43.6,46.3
050,42,127,Pennsylvania,Wayne County,1,51146,26920,24226,2024,1017,1007,4387,2292,2095,2151,1130,1021,3264,1747,1517,43702,23079,20623,42584,22481,20103,16239,9104,7135,11317,6478,4839,15424,8127,7297,12579,6129,6450,2024,1017,1007,2343,1215,1128,2537,1328,1209,2556,1341,1215,2366,1285,1081,2623,1512,1111,2952,1740,1212,2987,1690,1297,2755,1536,1219,3047,1662,1385,3735,1939,1796,4285,2257,2028,4357,2269,2088,3998,1983,2015,3522,1782,1740,2359,1198,1161,1387,658,729,1313,508,805,49.1,47.5,50.7
050,42,127,Pennsylvania,Wayne County,2,51151,26918,24233,2037,1021,1016,4372,2279,2093,2139,1120,1019,3272,1762,1510,43709,23086,20623,42603,22498,20105,16225,9107,7118,11320,6484,4836,15380,8100,7280,12631,6152,6479,2037,1021,1016,2333,1206,1127,2545,1332,1213,2530,1330,1200,2375,1293,1082,2617,1504,1113,2960,1750,1210,2987,1686,1301,2756,1544,1212,3016,1639,1377,3710,1937,1773,4262,2236,2026,4392,2288,2104,4006,1981,2025,3544,1798,1746,2365,1199,1166,1408,670,738,1308,504,804,49.2,47.5,50.8
050,42,127,Pennsylvania,Wayne County,3,51192,26801,24391,2043,1053,990,4362,2270,2092,2153,1115,1038,3351,1805,1546,43714,22924,20790,42634,22363,20271,16322,9069,7253,11373,6437,4936,15088,7900,7188,12822,6221,6601,2043,1053,990,2375,1223,1152,2542,1335,1207,2502,1322,1180,2447,1310,1137,2605,1465,1140,2949,1718,1231,2964,1661,1303,2855,1593,1262,2877,1546,1331,3628,1924,1704,4111,2113,1998,4472,2317,2155,4087,2014,2073,3638,1862,1776,2374,1175,1199,1434,674,760,1289,496,793,49.1,47.4,50.8
050,42,127,Pennsylvania,Wayne County,4,51108,26810,24298,2079,1075,1004,4313,2226,2087,2152,1090,1062,3285,1795,1490,43622,22952,20670,42564,22419,20145,16343,9133,7210,11442,6519,4923,14753,7751,7002,13084,6354,6730,2079,1075,1004,2348,1192,1156,2501,1305,1196,2522,1332,1190,2379,1282,1097,2619,1502,1117,2937,1723,1214,2992,1676,1316,2894,1618,1276,2823,1523,1300,3471,1860,1611,4029,2086,1943,4430,2282,2148,4189,2078,2111,3584,1802,1782,2574,1281,1293,1456,685,771,1281,508,773,49.1,47.4,51.0
050,42,127,Pennsylvania,Wayne County,5,51385,27019,24366,2093,1078,1015,4268,2188,2080,2140,1097,1043,3288,1772,1516,43984,23210,20774,42884,22656,20228,16540,9312,7228,11622,6718,4904,14608,7685,6923,13366,6481,6885,2093,1078,1015,2300,1162,1138,2478,1301,1177,2518,1301,1217,2400,1293,1107,2617,1549,1068,2973,1763,1210,3042,1747,1295,2990,1659,1331,2818,1540,1278,3422,1827,1595,3901,2020,1881,4467,2298,2169,4252,2119,2133,3595,1779,1816,2674,1321,1353,1539,749,790,1306,513,793,49.1,47.2,51.2
050,42,127,Pennsylvania,Wayne County,6,51362,26964,24398,2073,1073,1000,4266,2153,2113,2140,1102,1038,3189,1730,1459,43979,23189,20790,42883,22636,20247,16517,9297,7220,11720,6748,4972,14255,7498,6757,13719,6660,7059,2073,1073,1000,2296,1144,1152,2502,1292,1210,2454,1258,1196,2343,1291,1052,2723,1616,1107,2880,1686,1194,3082,1793,1289,3035,1653,1382,2802,1554,1248,3213,1724,1489,3769,1922,1847,4471,2298,2173,4313,2155,2158,3683,1819,1864,2751,1368,1383,1624,783,841,1348,535,813,49.1,47.2,51.4
050,42,127,Pennsylvania,Wayne County,7,51703,27311,24392,2063,1092,971,4259,2154,2105,2065,1082,983,3158,1718,1440,44347,23514,20833,43316,22983,20333,16721,9522,7199,12003,6992,5011,14079,7425,6654,14076,6848,7228,2063,1092,971,2283,1152,1131,2481,1272,1209,2459,1286,1173,2259,1244,1015,2815,1699,1116,2894,1720,1174,3200,1851,1349,3094,1722,1372,2787,1547,1240,3100,1671,1429,3785,1938,1847,4407,2269,2138,4326,2183,2143,3827,1876,1951,2834,1409,1425,1692,831,861,1397,549,848,49.1,47.0,51.7
050,42,129,Pennsylvania,Westmoreland County,1,354607,173378,181229,15286,7838,7448,33382,16922,16460,16094,8173,7921,26323,13506,12817,297978,144585,153393,289845,140445,149400,114278,58099,56179,75945,38504,37441,103860,50914,52946,83717,37521,46196,15286,7838,7448,17809,8994,8815,19657,10012,9645,19884,10159,9725,18449,9436,9013,18057,9341,8716,19091,9572,9519,19667,9938,9729,19130,9653,9477,21202,10496,10706,24979,12351,12628,27736,13505,14231,29943,14562,15381,26507,12840,13667,21716,10236,11480,14707,6513,8194,9951,4191,5760,10836,3741,7095,47.6,46.0,49.1
050,42,129,Pennsylvania,Westmoreland County,2,354270,173234,181036,15186,7779,7407,33247,16858,16389,16124,8186,7938,26344,13528,12816,297821,144535,153286,289713,140411,149302,114349,58157,56192,75956,38520,37436,103255,50595,52660,84158,37768,46390,15186,7779,7407,17748,8958,8790,19574,9977,9597,19847,10138,9709,18546,9499,9047,17972,9297,8675,19100,9588,9512,19691,9946,9745,19193,9689,9504,20949,10366,10583,24859,12293,12566,27554,13409,14145,29893,14527,15366,26670,12932,13738,21987,10357,11630,14719,6518,8201,9974,4211,5763,10808,3750,7058,47.7,45.9,49.2
050,42,129,Pennsylvania,Westmoreland County,3,353695,173084,180611,15000,7695,7305,32863,16676,16187,16060,8137,7923,26657,13715,12942,297714,144603,153111,289772,140576,149196,115517,58793,56724,76836,38981,37855,100584,49297,51287,85695,38583,47112,15000,7695,7305,17585,8864,8721,19314,9852,9462,19605,10005,9600,19076,9807,9269,17948,9282,8666,19495,9802,9693,19766,10000,9766,19627,9897,9730,19905,9879,10026,24414,12081,12333,26602,12919,13683,29663,14418,15245,27131,13158,13973,23150,10899,12251,14760,6552,8208,10091,4288,5803,10563,3686,6877,47.5,45.7,49.1
050,42,129,Pennsylvania,Westmoreland County,4,351924,172229,179695,14942,7709,7233,32349,16424,15925,16057,8149,7908,26248,13423,12825,296585,144024,152561,288576,139947,148629,115563,58836,56727,77264,39305,37959,97576,47837,49739,87488,39382,48106,14942,7709,7233,17356,8744,8612,18999,9721,9278,19450,9872,9578,18849,9659,9190,17678,9226,8452,19733,9900,9833,19734,10014,9720,20119,10165,9954,19110,9532,9578,23646,11667,11979,26032,12687,13345,28788,13951,14837,27566,13301,14265,22978,10801,12177,16124,7228,8896,10370,4384,5986,10450,3668,6782,47.4,45.6,49.2
050,42,129,Pennsylvania,Westmoreland County,5,351233,171733,179500,14947,7616,7331,31977,16185,15792,16097,8163,7934,25955,13181,12774,296317,143881,152436,288212,139769,148443,115859,58969,56890,77776,39637,38139,94971,46607,48364,89510,40344,49166,14947,7616,7331,17203,8665,8538,18743,9532,9211,19416,9843,9573,18667,9489,9178,17580,9168,8412,19820,10064,9756,19916,10030,9886,20460,10375,10085,18943,9411,9532,22891,11452,11439,25380,12382,12998,27757,13362,14395,27874,13465,14409,23326,10949,12377,16869,7632,9237,10954,4607,6347,10487,3691,6796,47.4,45.6,49.1
050,42,129,Pennsylvania,Westmoreland County,6,350473,171506,178967,14857,7522,7335,31501,15939,15562,15911,8112,7799,25809,13091,12718,296281,144038,152243,288204,139933,148271,115965,59056,56909,78095,39854,38241,92870,45728,47142,91430,41260,50170,14857,7522,7335,16884,8509,8375,18467,9431,9036,19398,9856,9542,18472,9346,9126,17883,9312,8571,19531,9971,9560,20279,10202,10077,20402,10369,10033,19118,9603,9515,21859,10906,10953,24847,12176,12671,27046,13043,14003,28039,13465,14574,23909,11278,12631,17850,8096,9754,11235,4717,6518,10397,3704,6693,47.3,45.6,49.1
050,42,129,Pennsylvania,Westmoreland County,7,349324,171108,178216,14824,7472,7352,30924,15637,15287,15602,7999,7603,25411,12945,12466,295975,144057,151918,287974,140000,147974,115663,59048,56615,78359,40027,38332,91014,44908,46106,93190,42120,51070,14824,7472,7352,16431,8325,8106,18202,9235,8967,19286,9854,9432,18018,9167,8851,18084,9368,8716,19336,9934,9402,20504,10307,10197,20435,10418,10017,19402,9842,9560,20931,10406,10525,24274,11930,12344,26407,12730,13677,28093,13427,14666,24439,11617,12822,18987,8629,10358,11341,4729,6612,10330,3718,6612,47.4,45.7,49.2
050,42,131,Pennsylvania,Wyoming County,1,26072,13051,13021,1197,584,613,2565,1316,1249,1241,674,567,2223,1139,1084,21670,10810,10860,21069,10477,10592,8874,4564,4310,5738,2913,2825,7414,3712,3702,5694,2713,2981,1197,584,613,1401,716,685,1492,762,730,1661,899,762,1475,752,723,1393,729,664,1436,749,687,1474,727,747,1435,708,727,1648,839,809,1707,848,859,1996,1005,991,2063,1020,1043,1885,930,955,1565,758,807,1135,561,574,594,267,327,515,197,318,45.2,44.3,46.2
050,42,131,Pennsylvania,Wyoming County,2,26033,13039,12994,1191,588,603,2549,1305,1244,1251,675,576,2233,1147,1086,21650,10811,10839,21042,10471,10571,8868,4565,4303,5709,2903,2806,7367,3689,3678,5733,2732,3001,1191,588,603,1386,705,681,1488,760,728,1663,902,761,1496,760,736,1371,723,648,1422,738,684,1478,733,745,1438,709,729,1634,829,805,1706,854,852,1976,991,985,2051,1015,1036,1898,938,960,1579,763,816,1137,555,582,602,275,327,517,201,316,45.3,44.3,46.2
050,42,131,Pennsylvania,Wyoming County,3,26117,13055,13062,1195,615,580,2511,1281,1230,1293,675,618,2293,1170,1123,21759,10840,10919,21118,10484,10634,9035,4608,4427,5765,2919,2846,7211,3614,3597,5849,2781,3068,1195,615,580,1366,679,687,1461,758,703,1687,913,774,1583,776,807,1360,716,644,1412,722,690,1530,781,749,1463,700,763,1568,787,781,1724,882,842,1877,920,957,2042,1025,1017,1927,963,964,1619,769,850,1126,538,588,639,303,336,538,208,330,45.0,44.0,46.0
050,42,131,Pennsylvania,Wyoming County,4,26039,13017,13022,1208,629,579,2486,1260,1226,1288,664,624,2303,1186,1117,21729,10813,10916,21057,10464,10593,9131,4665,4466,5837,2974,2863,6986,3484,3502,5931,2820,3111,1208,629,579,1361,681,680,1422,738,684,1721,922,799,1573,769,804,1355,698,657,1438,740,698,1523,793,730,1521,743,778,1482,744,738,1723,870,853,1800,877,923,1981,993,988,1945,974,971,1603,765,838,1181,558,623,703,332,371,499,191,308,44.7,43.7,45.8
050,42,131,Pennsylvania,Wyoming County,5,25912,12939,12973,1182,625,557,2447,1226,1221,1246,633,613,2282,1198,1084,21699,10784,10915,21037,10455,10582,9115,4655,4460,5871,2971,2900,6831,3407,3424,6053,2879,3174,1182,625,557,1340,669,671,1391,704,687,1695,900,795,1549,784,765,1339,671,668,1477,765,712,1527,794,733,1528,741,787,1479,754,725,1728,859,869,1704,834,870,1920,960,960,2007,1009,998,1593,734,859,1207,583,624,752,356,396,494,197,297,44.8,43.8,45.8
050,42,131,Pennsylvania,Wyoming County,6,25857,12951,12906,1169,623,546,2448,1243,1205,1190,603,587,2223,1177,1046,21687,10809,10878,21050,10482,10568,9075,4678,4397,5930,3028,2902,6733,3370,3363,6164,2907,3257,1169,623,546,1330,675,655,1386,698,688,1666,886,780,1479,764,715,1343,694,649,1516,779,737,1534,812,722,1537,743,794,1499,749,750,1667,856,811,1666,800,866,1901,965,936,1971,966,1005,1651,779,872,1267,603,664,770,348,422,505,211,294,44.9,43.6,46.1
050,42,131,Pennsylvania,Wyoming County,7,25790,12939,12851,1214,644,570,2384,1219,1165,1151,587,564,2208,1184,1024,21622,10787,10835,21041,10489,10552,8986,4654,4332,5924,3039,2885,6641,3316,3325,6268,2950,3318,1214,644,570,1278,655,623,1403,720,683,1604,831,773,1458,784,674,1403,713,690,1478,767,711,1487,780,707,1556,779,777,1494,733,761,1628,832,796,1668,825,843,1851,926,925,1941,939,1002,1686,818,868,1315,615,700,805,353,452,521,225,296,45.0,43.7,46.3
050,42,133,Pennsylvania,York County,1,456434,225174,231260,24764,12688,12076,51562,26643,24919,23952,12315,11637,36519,18769,17750,367980,179593,188387,356156,173528,182628,164583,82757,81826,110157,54783,55374,125679,62047,63632,83801,37929,45872,24764,12688,12076,27628,14268,13360,29979,15485,14494,29146,14985,14161,25280,12989,12291,26757,13491,13266,28511,14124,14387,28236,14017,14219,26653,13151,13502,28711,14121,14590,31266,15650,15616,33577,16559,17018,32125,15717,16408,27177,12965,14212,22145,10431,11714,15013,6881,8132,9635,4156,5479,9831,3496,6335,41.4,40.2,42.7
050,42,133,Pennsylvania,York County,2,456725,225325,231400,24637,12619,12018,51455,26570,24885,24022,12360,11662,36561,18803,17758,368525,179894,188631,356611,173776,182835,164940,82965,81975,110380,54909,55471,125298,61841,63457,84372,38223,46149,24637,12619,12018,27565,14246,13319,29913,15431,14482,29086,14962,14124,25474,13094,12380,26699,13467,13232,28643,14209,14434,28293,14021,14272,26745,13212,13533,28359,13934,14425,31319,15684,15635,33451,16500,16951,32169,15723,16446,27370,13056,14314,22384,10551,11833,15055,6904,8151,9682,4186,5496,9881,3526,6355,41.4,40.2,42.7
050,42,133,Pennsylvania,York County,3,459306,226893,232413,24605,12607,11998,51328,26504,24824,24277,12538,11739,36916,19090,17826,371268,181509,189759,359096,175244,183852,167300,84527,82773,112148,56032,56116,123623,60930,62693,86409,39192,47217,24605,12607,11998,27628,14339,13289,29741,15298,14443,28897,14946,13951,26255,13549,12706,26629,13524,13105,29366,14689,14677,28729,14194,14535,27424,13625,13799,27018,13287,13731,31510,15757,15753,32760,16163,16597,32335,15723,16612,28003,13375,14628,23321,10956,12365,15328,7032,8296,9839,4260,5579,9918,3569,6349,41.4,40.1,42.7
050,42,133,Pennsylvania,York County,4,461464,228111,233353,24754,12728,12026,50934,26330,24604,24467,12679,11788,37072,19200,17872,373499,182688,190811,361309,176374,184935,168723,85477,83246,113362,56785,56577,122138,60240,61898,88737,40149,48588,24754,12728,12026,27494,14267,13227,29618,15250,14368,28741,14945,13796,26620,13747,12873,26459,13432,13027,29782,14973,14809,29061,14487,14574,28060,13893,14167,26558,13126,13432,31164,15545,15619,32116,15812,16304,32300,15757,16543,28610,13619,14991,23109,10805,12304,16887,7735,9152,10135,4373,5762,9996,3617,6379,41.4,40.1,42.7
050,42,133,Pennsylvania,York County,5,466068,230646,235422,25033,12941,12092,50948,26380,24568,24714,12904,11810,37289,19340,17949,377751,184930,192821,365373,178421,186952,171472,87000,84472,115562,57910,57652,120979,59678,61301,91543,41493,50050,25033,12941,12092,27500,14242,13258,29541,15292,14249,29223,15329,13894,26687,13761,12926,26854,13673,13181,30085,15169,14916,29796,14896,14900,28827,14172,14655,26744,13287,13457,30564,15181,15383,31432,15490,15942,32239,15720,16519,29344,13957,15387,23421,10955,12466,17597,8060,9537,10945,4754,6191,10236,3767,6469,41.4,40.0,42.8
050,42,133,Pennsylvania,York County,6,469986,232744,237242,25165,13042,12123,50631,26231,24400,24770,12917,11853,37518,19400,18118,382004,187173,194831,369420,180554,188866,174135,88491,85644,117852,59268,58584,119745,59106,60639,94305,42780,51525,25165,13042,12123,27240,14082,13158,29396,15243,14153,29461,15499,13962,26822,13724,13098,27622,14194,13428,30239,15298,14941,30490,15237,15253,29501,14539,14962,27071,13478,13593,29656,14686,14970,30748,15219,15529,32270,15723,16547,29811,14205,15606,24081,11190,12891,18435,8437,9998,11449,5008,6441,10529,3940,6589,41.4,40.0,42.8
050,42,133,Pennsylvania,York County,7,473197,234397,238800,25134,12972,12162,50391,26062,24329,24589,12821,11768,37560,19529,18031,385671,189140,196531,373083,182542,190541,175908,89638,86270,119700,60387,59313,118786,58529,60257,97037,44097,52940,25134,12972,12162,27174,14029,13145,29158,15132,14026,29480,15520,13960,26728,13731,12997,28287,14573,13714,30170,15352,14818,31356,15684,15672,29887,14778,15109,27577,13709,13868,28600,14114,14486,30573,15167,15406,32036,15539,16497,30079,14322,15757,25081,11684,13397,19318,8844,10474,11725,5112,6613,10834,4135,6699,41.5,40.1,43.0
